timeStamp,elapsed,label,responseCode,responseMessage,threadName,dataType,success,failureMessage,bytes,sentBytes,grpThreads,allThreads,URL,Latency,IdleTime,Connect
1780593219017,1159,Config #1 request,200,OK,Config #1 users 1-1,text,false,"The operation lasted too long: It took 1 159 milliseconds, but should not have lasted longer than 450 milliseconds.",231,0,1,1,http://localhost:34543/?token=518473935&user=-1355219268&config=1,1158,0,0
1780593221618,1117,Config #1 request,200,OK,Config #1 users 1-2,text,false,"The operation lasted too long: It took 1 117 milliseconds, but should not have lasted longer than 450 milliseconds.",231,0,2,2,http://localhost:34543/?token=518473935&user=-1355219268&config=1,1117,0,0
1780593222018,1177,Config #1 request,200,OK,Config #1 users 1-1,text,false,"The operation lasted too long: It took 1 177 milliseconds, but should not have lasted longer than 450 milliseconds.",231,0,2,2,http://localhost:34543/?token=518473935&user=-1355219268&config=1,1177,0,0
1780593224217,1123,Config #1 request,200,OK,Config #1 users 1-3,text,false,"The operation lasted too long: It took 1 123 milliseconds, but should not have lasted longer than 450 milliseconds.",231,0,3,3,http://localhost:34543/?token=518473935&user=-1355219268&config=1,1123,0,0
1780593224623,1134,Config #1 request,200,OK,Config #1 users 1-2,text,false,"The operation lasted too long: It took 1 134 milliseconds, but should not have lasted longer than 450 milliseconds.",231,0,3,3,http://localhost:34543/?token=518473935&user=-1355219268&config=1,1134,0,0
1780593225013,1190,Config #1 request,200,OK,Config #1 users 1-1,text,false,"The operation lasted too long: It took 1 190 milliseconds, but should not have lasted longer than 450 milliseconds.",231,0,3,3,http://localhost:34543/?token=518473935&user=-1355219268&config=1,1190,0,0
1780593226817,1125,Config #1 request,200,OK,Config #1 users 1-4,text,false,"The operation lasted too long: It took 1 125 milliseconds, but should not have lasted longer than 450 milliseconds.",231,0,4,4,http://localhost:34543/?token=518473935&user=-1355219268&config=1,1125,0,0
1780593227219,1144,Config #1 request,200,OK,Config #1 users 1-3,text,false,"The operation lasted too long: It took 1 144 milliseconds, but should not have lasted longer than 450 milliseconds.",231,0,4,4,http://localhost:34543/?token=518473935&user=-1355219268&config=1,1144,0,0
1780593227623,1139,Config #1 request,200,OK,Config #1 users 1-2,text,false,"The operation lasted too long: It took 1 139 milliseconds, but should not have lasted longer than 450 milliseconds.",231,0,4,4,http://localhost:34543/?token=518473935&user=-1355219268&config=1,1139,0,0
1780593228019,1142,Config #1 request,200,OK,Config #1 users 1-1,text,false,"The operation lasted too long: It took 1 142 milliseconds, but should not have lasted longer than 450 milliseconds.",231,0,4,4,http://localhost:34543/?token=518473935&user=-1355219268&config=1,1142,0,0
1780593229419,1125,Config #1 request,200,OK,Config #1 users 1-5,text,false,"The operation lasted too long: It took 1 125 milliseconds, but should not have lasted longer than 450 milliseconds.",231,0,5,5,http://localhost:34543/?token=518473935&user=-1355219268&config=1,1125,0,0
1780593229822,1145,Config #1 request,200,OK,Config #1 users 1-4,text,false,"The operation lasted too long: It took 1 145 milliseconds, but should not have lasted longer than 450 milliseconds.",231,0,5,5,http://localhost:34543/?token=518473935&user=-1355219268&config=1,1145,0,0
1780593230223,1127,Config #1 request,200,OK,Config #1 users 1-3,text,false,"The operation lasted too long: It took 1 127 milliseconds, but should not have lasted longer than 450 milliseconds.",231,0,5,5,http://localhost:34543/?token=518473935&user=-1355219268&config=1,1127,0,0
1780593230624,1129,Config #1 request,200,OK,Config #1 users 1-2,text,false,"The operation lasted too long: It took 1 129 milliseconds, but should not have lasted longer than 450 milliseconds.",231,0,5,5,http://localhost:34543/?token=518473935&user=-1355219268&config=1,1129,0,0
1780593231019,1127,Config #1 request,200,OK,Config #1 users 1-1,text,false,"The operation lasted too long: It took 1 127 milliseconds, but should not have lasted longer than 450 milliseconds.",231,0,5,5,http://localhost:34543/?token=518473935&user=-1355219268&config=1,1127,0,0
1780593232423,1138,Config #1 request,200,OK,Config #1 users 1-5,text,false,"The operation lasted too long: It took 1 138 milliseconds, but should not have lasted longer than 450 milliseconds.",231,0,5,5,http://localhost:34543/?token=518473935&user=-1355219268&config=1,1138,0,0
1780593232821,1140,Config #1 request,200,OK,Config #1 users 1-4,text,false,"The operation lasted too long: It took 1 140 milliseconds, but should not have lasted longer than 450 milliseconds.",231,0,5,5,http://localhost:34543/?token=518473935&user=-1355219268&config=1,1140,0,0
1780593233223,1136,Config #1 request,200,OK,Config #1 users 1-3,text,false,"The operation lasted too long: It took 1 136 milliseconds, but should not have lasted longer than 450 milliseconds.",231,0,5,5,http://localhost:34543/?token=518473935&user=-1355219268&config=1,1136,0,0
1780593233621,1133,Config #1 request,200,OK,Config #1 users 1-2,text,false,"The operation lasted too long: It took 1 133 milliseconds, but should not have lasted longer than 450 milliseconds.",231,0,5,5,http://localhost:34543/?token=518473935&user=-1355219268&config=1,1133,0,0
1780593234014,1133,Config #1 request,200,OK,Config #1 users 1-1,text,false,"The operation lasted too long: It took 1 133 milliseconds, but should not have lasted longer than 450 milliseconds.",231,0,5,5,http://localhost:34543/?token=518473935&user=-1355219268&config=1,1133,0,0
1780593235424,1146,Config #1 request,200,OK,Config #1 users 1-5,text,false,"The operation lasted too long: It took 1 146 milliseconds, but should not have lasted longer than 450 milliseconds.",231,0,5,5,http://localhost:34543/?token=518473935&user=-1355219268&config=1,1146,0,0
1780593235822,1129,Config #1 request,200,OK,Config #1 users 1-4,text,false,"The operation lasted too long: It took 1 129 milliseconds, but should not have lasted longer than 450 milliseconds.",231,0,5,5,http://localhost:34543/?token=518473935&user=-1355219268&config=1,1129,0,0
1780593236221,1131,Config #1 request,200,OK,Config #1 users 1-3,text,false,"The operation lasted too long: It took 1 131 milliseconds, but should not have lasted longer than 450 milliseconds.",231,0,5,5,http://localhost:34543/?token=518473935&user=-1355219268&config=1,1131,0,0
1780593236623,1131,Config #1 request,200,OK,Config #1 users 1-2,text,false,"The operation lasted too long: It took 1 131 milliseconds, but should not have lasted longer than 450 milliseconds.",231,0,5,5,http://localhost:34543/?token=518473935&user=-1355219268&config=1,1131,0,0
1780593237015,1136,Config #1 request,200,OK,Config #1 users 1-1,text,false,"The operation lasted too long: It took 1 136 milliseconds, but should not have lasted longer than 450 milliseconds.",231,0,5,5,http://localhost:34543/?token=518473935&user=-1355219268&config=1,1136,0,0
1780593238424,1144,Config #1 request,200,OK,Config #1 users 1-5,text,false,"The operation lasted too long: It took 1 144 milliseconds, but should not have lasted longer than 450 milliseconds.",231,0,5,5,http://localhost:34543/?token=518473935&user=-1355219268&config=1,1144,0,0
1780593238822,1146,Config #1 request,200,OK,Config #1 users 1-4,text,false,"The operation lasted too long: It took 1 146 milliseconds, but should not have lasted longer than 450 milliseconds.",231,0,5,5,http://localhost:34543/?token=518473935&user=-1355219268&config=1,1146,0,0
1780593239223,1146,Config #1 request,200,OK,Config #1 users 1-3,text,false,"The operation lasted too long: It took 1 146 milliseconds, but should not have lasted longer than 450 milliseconds.",231,0,5,5,http://localhost:34543/?token=518473935&user=-1355219268&config=1,1146,0,0
1780593239623,1143,Config #1 request,200,OK,Config #1 users 1-2,text,false,"The operation lasted too long: It took 1 143 milliseconds, but should not have lasted longer than 450 milliseconds.",231,0,5,5,http://localhost:34543/?token=518473935&user=-1355219268&config=1,1143,0,0
1780593240015,1152,Config #1 request,200,OK,Config #1 users 1-1,text,false,"The operation lasted too long: It took 1 152 milliseconds, but should not have lasted longer than 450 milliseconds.",231,0,5,5,http://localhost:34543/?token=518473935&user=-1355219268&config=1,1152,0,0
1780593241421,1141,Config #1 request,200,OK,Config #1 users 1-5,text,false,"The operation lasted too long: It took 1 141 milliseconds, but should not have lasted longer than 450 milliseconds.",231,0,5,5,http://localhost:34543/?token=518473935&user=-1355219268&config=1,1141,0,0
1780593241821,1143,Config #1 request,200,OK,Config #1 users 1-4,text,false,"The operation lasted too long: It took 1 143 milliseconds, but should not have lasted longer than 450 milliseconds.",231,0,5,5,http://localhost:34543/?token=518473935&user=-1355219268&config=1,1143,0,0
1780593242219,1144,Config #1 request,200,OK,Config #1 users 1-3,text,false,"The operation lasted too long: It took 1 144 milliseconds, but should not have lasted longer than 450 milliseconds.",231,0,5,5,http://localhost:34543/?token=518473935&user=-1355219268&config=1,1144,0,0
1780593242619,1140,Config #1 request,200,OK,Config #1 users 1-2,text,false,"The operation lasted too long: It took 1 140 milliseconds, but should not have lasted longer than 450 milliseconds.",231,0,5,5,http://localhost:34543/?token=518473935&user=-1355219268&config=1,1140,0,0
1780593243017,1139,Config #1 request,200,OK,Config #1 users 1-1,text,false,"The operation lasted too long: It took 1 139 milliseconds, but should not have lasted longer than 450 milliseconds.",231,0,5,5,http://localhost:34543/?token=518473935&user=-1355219268&config=1,1139,0,0
1780593244423,1133,Config #1 request,200,OK,Config #1 users 1-5,text,false,"The operation lasted too long: It took 1 133 milliseconds, but should not have lasted longer than 450 milliseconds.",231,0,5,5,http://localhost:34543/?token=518473935&user=-1355219268&config=1,1133,0,0
1780593244821,1135,Config #1 request,200,OK,Config #1 users 1-4,text,false,"The operation lasted too long: It took 1 135 milliseconds, but should not have lasted longer than 450 milliseconds.",231,0,5,5,http://localhost:34543/?token=518473935&user=-1355219268&config=1,1135,0,0
1780593245223,1132,Config #1 request,200,OK,Config #1 users 1-3,text,false,"The operation lasted too long: It took 1 132 milliseconds, but should not have lasted longer than 450 milliseconds.",231,0,5,5,http://localhost:34543/?token=518473935&user=-1355219268&config=1,1132,0,0
1780593245623,1137,Config #1 request,200,OK,Config #1 users 1-2,text,false,"The operation lasted too long: It took 1 137 milliseconds, but should not have lasted longer than 450 milliseconds.",231,0,5,5,http://localhost:34543/?token=518473935&user=-1355219268&config=1,1137,0,0
1780593246019,1146,Config #1 request,200,OK,Config #1 users 1-1,text,false,"The operation lasted too long: It took 1 146 milliseconds, but should not have lasted longer than 450 milliseconds.",231,0,5,5,http://localhost:34543/?token=518473935&user=-1355219268&config=1,1146,0,0
1780593247423,1135,Config #1 request,200,OK,Config #1 users 1-5,text,false,"The operation lasted too long: It took 1 135 milliseconds, but should not have lasted longer than 450 milliseconds.",231,0,5,5,http://localhost:34543/?token=518473935&user=-1355219268&config=1,1135,0,0
1780593247822,1133,Config #1 request,200,OK,Config #1 users 1-4,text,false,"The operation lasted too long: It took 1 133 milliseconds, but should not have lasted longer than 450 milliseconds.",231,0,5,5,http://localhost:34543/?token=518473935&user=-1355219268&config=1,1133,0,0
1780593248223,1137,Config #1 request,200,OK,Config #1 users 1-3,text,false,"The operation lasted too long: It took 1 137 milliseconds, but should not have lasted longer than 450 milliseconds.",231,0,5,5,http://localhost:34543/?token=518473935&user=-1355219268&config=1,1137,0,0
1780593248623,1134,Config #1 request,200,OK,Config #1 users 1-2,text,false,"The operation lasted too long: It took 1 134 milliseconds, but should not have lasted longer than 450 milliseconds.",231,0,5,5,http://localhost:34543/?token=518473935&user=-1355219268&config=1,1134,0,0
1780593249019,1141,Config #1 request,200,OK,Config #1 users 1-1,text,false,"The operation lasted too long: It took 1 141 milliseconds, but should not have lasted longer than 450 milliseconds.",231,0,5,5,http://localhost:34543/?token=518473935&user=-1355219268&config=1,1141,0,0
1780593250424,1128,Config #1 request,200,OK,Config #1 users 1-5,text,false,"The operation lasted too long: It took 1 128 milliseconds, but should not have lasted longer than 450 milliseconds.",231,0,5,5,http://localhost:34543/?token=518473935&user=-1355219268&config=1,1128,0,0
1780593250822,1130,Config #1 request,200,OK,Config #1 users 1-4,text,false,"The operation lasted too long: It took 1 130 milliseconds, but should not have lasted longer than 450 milliseconds.",231,0,5,5,http://localhost:34543/?token=518473935&user=-1355219268&config=1,1130,0,0
1780593251223,1141,Config #1 request,200,OK,Config #1 users 1-3,text,false,"The operation lasted too long: It took 1 141 milliseconds, but should not have lasted longer than 450 milliseconds.",231,0,5,5,http://localhost:34543/?token=518473935&user=-1355219268&config=1,1141,0,0
1780593251624,1142,Config #1 request,200,OK,Config #1 users 1-2,text,false,"The operation lasted too long: It took 1 142 milliseconds, but should not have lasted longer than 450 milliseconds.",231,0,5,5,http://localhost:34543/?token=518473935&user=-1355219268&config=1,1142,0,0
1780593252018,1142,Config #1 request,200,OK,Config #1 users 1-1,text,false,"The operation lasted too long: It took 1 142 milliseconds, but should not have lasted longer than 450 milliseconds.",231,0,5,5,http://localhost:34543/?token=518473935&user=-1355219268&config=1,1142,0,0
1780593253421,1151,Config #1 request,200,OK,Config #1 users 1-5,text,false,"The operation lasted too long: It took 1 151 milliseconds, but should not have lasted longer than 450 milliseconds.",231,0,5,5,http://localhost:34543/?token=518473935&user=-1355219268&config=1,1151,0,0
1780593253822,1148,Config #1 request,200,OK,Config #1 users 1-4,text,false,"The operation lasted too long: It took 1 148 milliseconds, but should not have lasted longer than 450 milliseconds.",231,0,5,5,http://localhost:34543/?token=518473935&user=-1355219268&config=1,1148,0,0
1780593254222,1131,Config #1 request,200,OK,Config #1 users 1-3,text,false,"The operation lasted too long: It took 1 131 milliseconds, but should not have lasted longer than 450 milliseconds.",231,0,5,5,http://localhost:34543/?token=518473935&user=-1355219268&config=1,1131,0,0
1780593254623,1149,Config #1 request,200,OK,Config #1 users 1-2,text,false,"The operation lasted too long: It took 1 149 milliseconds, but should not have lasted longer than 450 milliseconds.",231,0,5,5,http://localhost:34543/?token=518473935&user=-1355219268&config=1,1149,0,0
1780593255019,1147,Config #1 request,200,OK,Config #1 users 1-1,text,false,"The operation lasted too long: It took 1 147 milliseconds, but should not have lasted longer than 450 milliseconds.",231,0,5,5,http://localhost:34543/?token=518473935&user=-1355219268&config=1,1147,0,0
1780593256423,1151,Config #1 request,200,OK,Config #1 users 1-5,text,false,"The operation lasted too long: It took 1 151 milliseconds, but should not have lasted longer than 450 milliseconds.",231,0,5,5,http://localhost:34543/?token=518473935&user=-1355219268&config=1,1151,0,0
1780593256822,1134,Config #1 request,200,OK,Config #1 users 1-4,text,false,"The operation lasted too long: It took 1 134 milliseconds, but should not have lasted longer than 450 milliseconds.",231,0,5,5,http://localhost:34543/?token=518473935&user=-1355219268&config=1,1134,0,0
1780593257222,1151,Config #1 request,200,OK,Config #1 users 1-3,text,false,"The operation lasted too long: It took 1 151 milliseconds, but should not have lasted longer than 450 milliseconds.",231,0,5,5,http://localhost:34543/?token=518473935&user=-1355219268&config=1,1151,0,0
1780593257623,1148,Config #1 request,200,OK,Config #1 users 1-2,text,false,"The operation lasted too long: It took 1 148 milliseconds, but should not have lasted longer than 450 milliseconds.",231,0,5,5,http://localhost:34543/?token=518473935&user=-1355219268&config=1,1148,0,0
1780593258019,1149,Config #1 request,200,OK,Config #1 users 1-1,text,false,"The operation lasted too long: It took 1 149 milliseconds, but should not have lasted longer than 450 milliseconds.",231,0,5,5,http://localhost:34543/?token=518473935&user=-1355219268&config=1,1149,0,0
1780593259424,1144,Config #1 request,200,OK,Config #1 users 1-5,text,false,"The operation lasted too long: It took 1 144 milliseconds, but should not have lasted longer than 450 milliseconds.",231,0,5,5,http://localhost:34543/?token=518473935&user=-1355219268&config=1,1144,0,0
1780593259822,1144,Config #1 request,200,OK,Config #1 users 1-4,text,false,"The operation lasted too long: It took 1 144 milliseconds, but should not have lasted longer than 450 milliseconds.",231,0,5,5,http://localhost:34543/?token=518473935&user=-1355219268&config=1,1144,0,0
1780593260223,1148,Config #1 request,200,OK,Config #1 users 1-3,text,false,"The operation lasted too long: It took 1 148 milliseconds, but should not have lasted longer than 450 milliseconds.",231,0,5,5,http://localhost:34543/?token=518473935&user=-1355219268&config=1,1148,0,0
1780593260624,1139,Config #1 request,200,OK,Config #1 users 1-2,text,false,"The operation lasted too long: It took 1 139 milliseconds, but should not have lasted longer than 450 milliseconds.",231,0,5,5,http://localhost:34543/?token=518473935&user=-1355219268&config=1,1139,0,0
1780593261019,1142,Config #1 request,200,OK,Config #1 users 1-1,text,false,"The operation lasted too long: It took 1 142 milliseconds, but should not have lasted longer than 450 milliseconds.",231,0,5,5,http://localhost:34543/?token=518473935&user=-1355219268&config=1,1142,0,0
1780593262423,1139,Config #1 request,200,OK,Config #1 users 1-5,text,false,"The operation lasted too long: It took 1 139 milliseconds, but should not have lasted longer than 450 milliseconds.",231,0,5,5,http://localhost:34543/?token=518473935&user=-1355219268&config=1,1139,0,0
1780593262822,1175,Config #1 request,200,OK,Config #1 users 1-4,text,false,"The operation lasted too long: It took 1 175 milliseconds, but should not have lasted longer than 450 milliseconds.",231,0,5,5,http://localhost:34543/?token=518473935&user=-1355219268&config=1,1175,0,0
1780593263221,1149,Config #1 request,200,OK,Config #1 users 1-3,text,false,"The operation lasted too long: It took 1 149 milliseconds, but should not have lasted longer than 450 milliseconds.",231,0,5,5,http://localhost:34543/?token=518473935&user=-1355219268&config=1,1149,0,0
1780593263623,1149,Config #1 request,200,OK,Config #1 users 1-2,text,false,"The operation lasted too long: It took 1 149 milliseconds, but should not have lasted longer than 450 milliseconds.",231,0,5,5,http://localhost:34543/?token=518473935&user=-1355219268&config=1,1149,0,0
1780593264018,1138,Config #1 request,200,OK,Config #1 users 1-1,text,false,"The operation lasted too long: It took 1 138 milliseconds, but should not have lasted longer than 450 milliseconds.",231,0,5,5,http://localhost:34543/?token=518473935&user=-1355219268&config=1,1138,0,0
1780593265420,1144,Config #1 request,200,OK,Config #1 users 1-5,text,false,"The operation lasted too long: It took 1 144 milliseconds, but should not have lasted longer than 450 milliseconds.",231,0,5,5,http://localhost:34543/?token=518473935&user=-1355219268&config=1,1144,0,0
1780593265819,1148,Config #1 request,200,OK,Config #1 users 1-4,text,false,"The operation lasted too long: It took 1 148 milliseconds, but should not have lasted longer than 450 milliseconds.",231,0,5,5,http://localhost:34543/?token=518473935&user=-1355219268&config=1,1148,0,0
1780593266223,1145,Config #1 request,200,OK,Config #1 users 1-3,text,false,"The operation lasted too long: It took 1 145 milliseconds, but should not have lasted longer than 450 milliseconds.",231,0,5,5,http://localhost:34543/?token=518473935&user=-1355219268&config=1,1145,0,0
1780593266621,1139,Config #1 request,200,OK,Config #1 users 1-2,text,false,"The operation lasted too long: It took 1 139 milliseconds, but should not have lasted longer than 450 milliseconds.",231,0,5,5,http://localhost:34543/?token=518473935&user=-1355219268&config=1,1139,0,0
1780593267016,1139,Config #1 request,200,OK,Config #1 users 1-1,text,false,"The operation lasted too long: It took 1 139 milliseconds, but should not have lasted longer than 450 milliseconds.",231,0,5,5,http://localhost:34543/?token=518473935&user=-1355219268&config=1,1139,0,0
1780593268424,1128,Config #1 request,200,OK,Config #1 users 1-5,text,false,"The operation lasted too long: It took 1 128 milliseconds, but should not have lasted longer than 450 milliseconds.",231,0,5,5,http://localhost:34543/?token=518473935&user=-1355219268&config=1,1128,0,0
1780593268821,1144,Config #1 request,200,OK,Config #1 users 1-4,text,false,"The operation lasted too long: It took 1 144 milliseconds, but should not have lasted longer than 450 milliseconds.",231,0,5,5,http://localhost:34543/?token=518473935&user=-1355219268&config=1,1144,0,0
1780593269222,1148,Config #1 request,200,OK,Config #1 users 1-3,text,false,"The operation lasted too long: It took 1 148 milliseconds, but should not have lasted longer than 450 milliseconds.",231,0,5,5,http://localhost:34543/?token=518473935&user=-1355219268&config=1,1148,0,0
1780593269620,1151,Config #1 request,200,OK,Config #1 users 1-2,text,false,"The operation lasted too long: It took 1 151 milliseconds, but should not have lasted longer than 450 milliseconds.",231,0,5,5,http://localhost:34543/?token=518473935&user=-1355219268&config=1,1151,0,0
1780593270018,1140,Config #1 request,200,OK,Config #1 users 1-1,text,false,"The operation lasted too long: It took 1 140 milliseconds, but should not have lasted longer than 450 milliseconds.",231,0,5,5,http://localhost:34543/?token=518473935&user=-1355219268&config=1,1140,0,0
1780593271420,1141,Config #1 request,200,OK,Config #1 users 1-5,text,false,"The operation lasted too long: It took 1 141 milliseconds, but should not have lasted longer than 450 milliseconds.",231,0,5,5,http://localhost:34543/?token=518473935&user=-1355219268&config=1,1141,0,0
1780593271822,1129,Config #1 request,200,OK,Config #1 users 1-4,text,false,"The operation lasted too long: It took 1 129 milliseconds, but should not have lasted longer than 450 milliseconds.",231,0,5,5,http://localhost:34543/?token=518473935&user=-1355219268&config=1,1129,0,0
1780593272222,1141,Config #1 request,200,OK,Config #1 users 1-3,text,false,"The operation lasted too long: It took 1 141 milliseconds, but should not have lasted longer than 450 milliseconds.",231,0,5,5,http://localhost:34543/?token=518473935&user=-1355219268&config=1,1141,0,0
1780593272624,1143,Config #1 request,200,OK,Config #1 users 1-2,text,false,"The operation lasted too long: It took 1 143 milliseconds, but should not have lasted longer than 450 milliseconds.",231,0,5,5,http://localhost:34543/?token=518473935&user=-1355219268&config=1,1143,0,0
1780593273013,1137,Config #1 request,200,OK,Config #1 users 1-1,text,false,"The operation lasted too long: It took 1 137 milliseconds, but should not have lasted longer than 450 milliseconds.",231,0,5,5,http://localhost:34543/?token=518473935&user=-1355219268&config=1,1137,0,0
1780593274423,1144,Config #1 request,200,OK,Config #1 users 1-5,text,false,"The operation lasted too long: It took 1 144 milliseconds, but should not have lasted longer than 450 milliseconds.",231,0,5,5,http://localhost:34543/?token=518473935&user=-1355219268&config=1,1144,0,0
1780593274822,1134,Config #1 request,200,OK,Config #1 users 1-4,text,false,"The operation lasted too long: It took 1 134 milliseconds, but should not have lasted longer than 450 milliseconds.",231,0,5,5,http://localhost:34543/?token=518473935&user=-1355219268&config=1,1134,0,0
1780593275222,1144,Config #1 request,200,OK,Config #1 users 1-3,text,false,"The operation lasted too long: It took 1 144 milliseconds, but should not have lasted longer than 450 milliseconds.",231,0,5,5,http://localhost:34543/?token=518473935&user=-1355219268&config=1,1144,0,0
1780593275624,1147,Config #1 request,200,OK,Config #1 users 1-2,text,false,"The operation lasted too long: It took 1 147 milliseconds, but should not have lasted longer than 450 milliseconds.",231,0,5,5,http://localhost:34543/?token=518473935&user=-1355219268&config=1,1147,0,0
1780593276018,1141,Config #1 request,200,OK,Config #1 users 1-1,text,false,"The operation lasted too long: It took 1 141 milliseconds, but should not have lasted longer than 450 milliseconds.",231,0,5,5,http://localhost:34543/?token=518473935&user=-1355219268&config=1,1141,0,0
1780593277424,1130,Config #1 request,200,OK,Config #1 users 1-5,text,false,"The operation lasted too long: It took 1 130 milliseconds, but should not have lasted longer than 450 milliseconds.",231,0,5,5,http://localhost:34543/?token=518473935&user=-1355219268&config=1,1130,0,0
1780593277821,1142,Config #1 request,200,OK,Config #1 users 1-4,text,false,"The operation lasted too long: It took 1 142 milliseconds, but should not have lasted longer than 450 milliseconds.",231,0,5,5,http://localhost:34543/?token=518473935&user=-1355219268&config=1,1142,0,0
1780593278222,1148,Config #1 request,200,OK,Config #1 users 1-3,text,false,"The operation lasted too long: It took 1 148 milliseconds, but should not have lasted longer than 450 milliseconds.",231,0,5,5,http://localhost:34543/?token=518473935&user=-1355219268&config=1,1148,0,0
1780593278620,1140,Config #1 request,200,OK,Config #1 users 1-2,text,false,"The operation lasted too long: It took 1 140 milliseconds, but should not have lasted longer than 450 milliseconds.",231,0,5,5,http://localhost:34543/?token=518473935&user=-1355219268&config=1,1140,0,0
1780593279014,1149,Config #1 request,200,OK,Config #1 users 1-1,text,false,"The operation lasted too long: It took 1 149 milliseconds, but should not have lasted longer than 450 milliseconds.",231,0,5,5,http://localhost:34543/?token=518473935&user=-1355219268&config=1,1149,0,0
1780593280423,1129,Config #1 request,200,OK,Config #1 users 1-5,text,false,"The operation lasted too long: It took 1 129 milliseconds, but should not have lasted longer than 450 milliseconds.",231,0,5,5,http://localhost:34543/?token=518473935&user=-1355219268&config=1,1129,0,0
1780593280821,1132,Config #1 request,200,OK,Config #1 users 1-4,text,false,"The operation lasted too long: It took 1 132 milliseconds, but should not have lasted longer than 450 milliseconds.",231,0,5,5,http://localhost:34543/?token=518473935&user=-1355219268&config=1,1132,0,0
1780593281217,1141,Config #1 request,200,OK,Config #1 users 1-3,text,false,"The operation lasted too long: It took 1 141 milliseconds, but should not have lasted longer than 450 milliseconds.",231,0,5,5,http://localhost:34543/?token=518473935&user=-1355219268&config=1,1141,0,0
1780593281623,1137,Config #1 request,200,OK,Config #1 users 1-2,text,false,"The operation lasted too long: It took 1 137 milliseconds, but should not have lasted longer than 450 milliseconds.",231,0,5,5,http://localhost:34543/?token=518473935&user=-1355219268&config=1,1137,0,0
1780593282013,1151,Config #1 request,200,OK,Config #1 users 1-1,text,false,"The operation lasted too long: It took 1 151 milliseconds, but should not have lasted longer than 450 milliseconds.",231,0,5,5,http://localhost:34543/?token=518473935&user=-1355219268&config=1,1151,0,0
1780593283423,1133,Config #1 request,200,OK,Config #1 users 1-5,text,false,"The operation lasted too long: It took 1 133 milliseconds, but should not have lasted longer than 450 milliseconds.",231,0,5,5,http://localhost:34543/?token=518473935&user=-1355219268&config=1,1133,0,0
1780593283821,1140,Config #1 request,200,OK,Config #1 users 1-4,text,false,"The operation lasted too long: It took 1 140 milliseconds, but should not have lasted longer than 450 milliseconds.",231,0,5,5,http://localhost:34543/?token=518473935&user=-1355219268&config=1,1140,0,0
1780593284220,1132,Config #1 request,200,OK,Config #1 users 1-3,text,false,"The operation lasted too long: It took 1 132 milliseconds, but should not have lasted longer than 450 milliseconds.",231,0,5,5,http://localhost:34543/?token=518473935&user=-1355219268&config=1,1132,0,0
1780593284623,1140,Config #1 request,200,OK,Config #1 users 1-2,text,false,"The operation lasted too long: It took 1 140 milliseconds, but should not have lasted longer than 450 milliseconds.",231,0,5,5,http://localhost:34543/?token=518473935&user=-1355219268&config=1,1140,0,0
1780593285014,1152,Config #1 request,200,OK,Config #1 users 1-1,text,false,"The operation lasted too long: It took 1 152 milliseconds, but should not have lasted longer than 450 milliseconds.",231,0,5,5,http://localhost:34543/?token=518473935&user=-1355219268&config=1,1152,0,0
1780593286421,1150,Config #1 request,200,OK,Config #1 users 1-5,text,false,"The operation lasted too long: It took 1 150 milliseconds, but should not have lasted longer than 450 milliseconds.",231,0,5,5,http://localhost:34543/?token=518473935&user=-1355219268&config=1,1150,0,0
1780593286820,1138,Config #1 request,200,OK,Config #1 users 1-4,text,false,"The operation lasted too long: It took 1 138 milliseconds, but should not have lasted longer than 450 milliseconds.",231,0,5,5,http://localhost:34543/?token=518473935&user=-1355219268&config=1,1138,0,0
1780593287218,1146,Config #1 request,200,OK,Config #1 users 1-3,text,false,"The operation lasted too long: It took 1 146 milliseconds, but should not have lasted longer than 450 milliseconds.",231,0,5,5,http://localhost:34543/?token=518473935&user=-1355219268&config=1,1146,0,0
1780593287622,1152,Config #1 request,200,OK,Config #1 users 1-2,text,false,"The operation lasted too long: It took 1 152 milliseconds, but should not have lasted longer than 450 milliseconds.",231,0,5,5,http://localhost:34543/?token=518473935&user=-1355219268&config=1,1152,0,0
1780593288013,1144,Config #1 request,200,OK,Config #1 users 1-1,text,false,"The operation lasted too long: It took 1 144 milliseconds, but should not have lasted longer than 450 milliseconds.",231,0,5,5,http://localhost:34543/?token=518473935&user=-1355219268&config=1,1144,0,0
1780593289422,1135,Config #1 request,200,OK,Config #1 users 1-5,text,false,"The operation lasted too long: It took 1 135 milliseconds, but should not have lasted longer than 450 milliseconds.",231,0,5,5,http://localhost:34543/?token=518473935&user=-1355219268&config=1,1135,0,0
1780593289816,1146,Config #1 request,200,OK,Config #1 users 1-4,text,false,"The operation lasted too long: It took 1 146 milliseconds, but should not have lasted longer than 450 milliseconds.",231,0,5,5,http://localhost:34543/?token=518473935&user=-1355219268&config=1,1146,0,0
1780593290217,1153,Config #1 request,200,OK,Config #1 users 1-3,text,false,"The operation lasted too long: It took 1 153 milliseconds, but should not have lasted longer than 450 milliseconds.",231,0,5,5,http://localhost:34543/?token=518473935&user=-1355219268&config=1,1153,0,0
1780593290620,1134,Config #1 request,200,OK,Config #1 users 1-2,text,false,"The operation lasted too long: It took 1 134 milliseconds, but should not have lasted longer than 450 milliseconds.",231,0,5,5,http://localhost:34543/?token=518473935&user=-1355219268&config=1,1134,0,0
1780593291018,1139,Config #1 request,200,OK,Config #1 users 1-1,text,false,"The operation lasted too long: It took 1 139 milliseconds, but should not have lasted longer than 450 milliseconds.",231,0,5,5,http://localhost:34543/?token=518473935&user=-1355219268&config=1,1139,0,0
1780593292421,1147,Config #1 request,200,OK,Config #1 users 1-5,text,false,"The operation lasted too long: It took 1 147 milliseconds, but should not have lasted longer than 450 milliseconds.",231,0,5,5,http://localhost:34543/?token=518473935&user=-1355219268&config=1,1147,0,0
1780593292820,1130,Config #1 request,200,OK,Config #1 users 1-4,text,false,"The operation lasted too long: It took 1 130 milliseconds, but should not have lasted longer than 450 milliseconds.",231,0,5,5,http://localhost:34543/?token=518473935&user=-1355219268&config=1,1130,0,0
1780593293222,1132,Config #1 request,200,OK,Config #1 users 1-3,text,false,"The operation lasted too long: It took 1 132 milliseconds, but should not have lasted longer than 450 milliseconds.",231,0,5,5,http://localhost:34543/?token=518473935&user=-1355219268&config=1,1132,0,0
1780593293623,1141,Config #1 request,200,OK,Config #1 users 1-2,text,false,"The operation lasted too long: It took 1 141 milliseconds, but should not have lasted longer than 450 milliseconds.",231,0,5,5,http://localhost:34543/?token=518473935&user=-1355219268&config=1,1141,0,0
1780593294018,1152,Config #1 request,200,OK,Config #1 users 1-1,text,false,"The operation lasted too long: It took 1 152 milliseconds, but should not have lasted longer than 450 milliseconds.",231,0,5,5,http://localhost:34543/?token=518473935&user=-1355219268&config=1,1152,0,0
1780593295423,1136,Config #1 request,200,OK,Config #1 users 1-5,text,false,"The operation lasted too long: It took 1 136 milliseconds, but should not have lasted longer than 450 milliseconds.",231,0,5,5,http://localhost:34543/?token=518473935&user=-1355219268&config=1,1136,0,0
1780593295821,1140,Config #1 request,200,OK,Config #1 users 1-4,text,false,"The operation lasted too long: It took 1 140 milliseconds, but should not have lasted longer than 450 milliseconds.",231,0,5,5,http://localhost:34543/?token=518473935&user=-1355219268&config=1,1140,0,0
1780593296218,1141,Config #1 request,200,OK,Config #1 users 1-3,text,false,"The operation lasted too long: It took 1 141 milliseconds, but should not have lasted longer than 450 milliseconds.",231,0,5,5,http://localhost:34543/?token=518473935&user=-1355219268&config=1,1141,0,0
1780593296622,1144,Config #1 request,200,OK,Config #1 users 1-2,text,false,"The operation lasted too long: It took 1 144 milliseconds, but should not have lasted longer than 450 milliseconds.",231,0,5,5,http://localhost:34543/?token=518473935&user=-1355219268&config=1,1144,0,0
1780593297016,1134,Config #1 request,200,OK,Config #1 users 1-1,text,false,"The operation lasted too long: It took 1 134 milliseconds, but should not have lasted longer than 450 milliseconds.",231,0,5,5,http://localhost:34543/?token=518473935&user=-1355219268&config=1,1134,0,0
1780593298423,1150,Config #1 request,200,OK,Config #1 users 1-5,text,false,"The operation lasted too long: It took 1 150 milliseconds, but should not have lasted longer than 450 milliseconds.",231,0,5,5,http://localhost:34543/?token=518473935&user=-1355219268&config=1,1149,0,0
1780593298821,1129,Config #1 request,200,OK,Config #1 users 1-4,text,false,"The operation lasted too long: It took 1 129 milliseconds, but should not have lasted longer than 450 milliseconds.",231,0,5,5,http://localhost:34543/?token=518473935&user=-1355219268&config=1,1129,0,0
1780593299220,1152,Config #1 request,200,OK,Config #1 users 1-3,text,false,"The operation lasted too long: It took 1 152 milliseconds, but should not have lasted longer than 450 milliseconds.",231,0,5,5,http://localhost:34543/?token=518473935&user=-1355219268&config=1,1152,0,0
1780593299623,1151,Config #1 request,200,OK,Config #1 users 1-2,text,false,"The operation lasted too long: It took 1 151 milliseconds, but should not have lasted longer than 450 milliseconds.",231,0,5,5,http://localhost:34543/?token=518473935&user=-1355219268&config=1,1151,0,0
1780593300018,1139,Config #1 request,200,OK,Config #1 users 1-1,text,false,"The operation lasted too long: It took 1 139 milliseconds, but should not have lasted longer than 450 milliseconds.",231,0,5,5,http://localhost:34543/?token=518473935&user=-1355219268&config=1,1139,0,0
1780593301423,1149,Config #1 request,200,OK,Config #1 users 1-5,text,false,"The operation lasted too long: It took 1 149 milliseconds, but should not have lasted longer than 450 milliseconds.",231,0,5,5,http://localhost:34543/?token=518473935&user=-1355219268&config=1,1149,0,0
1780593301821,1142,Config #1 request,200,OK,Config #1 users 1-4,text,false,"The operation lasted too long: It took 1 142 milliseconds, but should not have lasted longer than 450 milliseconds.",231,0,5,5,http://localhost:34543/?token=518473935&user=-1355219268&config=1,1142,0,0
1780593302218,1154,Config #1 request,200,OK,Config #1 users 1-3,text,false,"The operation lasted too long: It took 1 154 milliseconds, but should not have lasted longer than 450 milliseconds.",231,0,5,5,http://localhost:34543/?token=518473935&user=-1355219268&config=1,1154,0,0
1780593302623,1131,Config #1 request,200,OK,Config #1 users 1-2,text,false,"The operation lasted too long: It took 1 131 milliseconds, but should not have lasted longer than 450 milliseconds.",231,0,5,5,http://localhost:34543/?token=518473935&user=-1355219268&config=1,1131,0,0
1780593303017,1144,Config #1 request,200,OK,Config #1 users 1-1,text,false,"The operation lasted too long: It took 1 144 milliseconds, but should not have lasted longer than 450 milliseconds.",231,0,5,5,http://localhost:34543/?token=518473935&user=-1355219268&config=1,1144,0,0
1780593304424,1128,Config #1 request,200,OK,Config #1 users 1-5,text,false,"The operation lasted too long: It took 1 128 milliseconds, but should not have lasted longer than 450 milliseconds.",231,0,5,5,http://localhost:34543/?token=518473935&user=-1355219268&config=1,1128,0,0
1780593304821,1144,Config #1 request,200,OK,Config #1 users 1-4,text,false,"The operation lasted too long: It took 1 144 milliseconds, but should not have lasted longer than 450 milliseconds.",231,0,5,5,http://localhost:34543/?token=518473935&user=-1355219268&config=1,1144,0,0
1780593305222,1135,Config #1 request,200,OK,Config #1 users 1-3,text,false,"The operation lasted too long: It took 1 135 milliseconds, but should not have lasted longer than 450 milliseconds.",231,0,5,5,http://localhost:34543/?token=518473935&user=-1355219268&config=1,1135,0,0
1780593305619,1134,Config #1 request,200,OK,Config #1 users 1-2,text,false,"The operation lasted too long: It took 1 134 milliseconds, but should not have lasted longer than 450 milliseconds.",231,0,5,5,http://localhost:34543/?token=518473935&user=-1355219268&config=1,1134,0,0
1780593306014,1134,Config #1 request,200,OK,Config #1 users 1-1,text,false,"The operation lasted too long: It took 1 134 milliseconds, but should not have lasted longer than 450 milliseconds.",231,0,5,5,http://localhost:34543/?token=518473935&user=-1355219268&config=1,1134,0,0
1780593307422,1139,Config #1 request,200,OK,Config #1 users 1-5,text,false,"The operation lasted too long: It took 1 139 milliseconds, but should not have lasted longer than 450 milliseconds.",231,0,5,5,http://localhost:34543/?token=518473935&user=-1355219268&config=1,1139,0,0
1780593307821,1146,Config #1 request,200,OK,Config #1 users 1-4,text,false,"The operation lasted too long: It took 1 146 milliseconds, but should not have lasted longer than 450 milliseconds.",231,0,5,5,http://localhost:34543/?token=518473935&user=-1355219268&config=1,1146,0,0
1780593308217,1131,Config #1 request,200,OK,Config #1 users 1-3,text,false,"The operation lasted too long: It took 1 131 milliseconds, but should not have lasted longer than 450 milliseconds.",231,0,5,5,http://localhost:34543/?token=518473935&user=-1355219268&config=1,1131,0,0
1780593308623,1150,Config #1 request,200,OK,Config #1 users 1-2,text,false,"The operation lasted too long: It took 1 150 milliseconds, but should not have lasted longer than 450 milliseconds.",231,0,5,5,http://localhost:34543/?token=518473935&user=-1355219268&config=1,1150,0,0
1780593309014,1136,Config #1 request,200,OK,Config #1 users 1-1,text,false,"The operation lasted too long: It took 1 136 milliseconds, but should not have lasted longer than 450 milliseconds.",231,0,5,5,http://localhost:34543/?token=518473935&user=-1355219268&config=1,1136,0,0
1780593310422,1145,Config #1 request,200,OK,Config #1 users 1-5,text,false,"The operation lasted too long: It took 1 145 milliseconds, but should not have lasted longer than 450 milliseconds.",231,0,5,5,http://localhost:34543/?token=518473935&user=-1355219268&config=1,1145,0,0
1780593310821,1144,Config #1 request,200,OK,Config #1 users 1-4,text,false,"The operation lasted too long: It took 1 144 milliseconds, but should not have lasted longer than 450 milliseconds.",231,0,5,5,http://localhost:34543/?token=518473935&user=-1355219268&config=1,1144,0,0
1780593311218,1142,Config #1 request,200,OK,Config #1 users 1-3,text,false,"The operation lasted too long: It took 1 142 milliseconds, but should not have lasted longer than 450 milliseconds.",231,0,5,5,http://localhost:34543/?token=518473935&user=-1355219268&config=1,1142,0,0
1780593311623,1136,Config #1 request,200,OK,Config #1 users 1-2,text,false,"The operation lasted too long: It took 1 136 milliseconds, but should not have lasted longer than 450 milliseconds.",231,0,5,5,http://localhost:34543/?token=518473935&user=-1355219268&config=1,1136,0,0
1780593312018,1150,Config #1 request,200,OK,Config #1 users 1-1,text,false,"The operation lasted too long: It took 1 150 milliseconds, but should not have lasted longer than 450 milliseconds.",231,0,5,5,http://localhost:34543/?token=518473935&user=-1355219268&config=1,1150,0,0
1780593313422,1141,Config #1 request,200,OK,Config #1 users 1-5,text,false,"The operation lasted too long: It took 1 141 milliseconds, but should not have lasted longer than 450 milliseconds.",231,0,5,5,http://localhost:34543/?token=518473935&user=-1355219268&config=1,1141,0,0
1780593313821,1141,Config #1 request,200,OK,Config #1 users 1-4,text,false,"The operation lasted too long: It took 1 141 milliseconds, but should not have lasted longer than 450 milliseconds.",231,0,5,5,http://localhost:34543/?token=518473935&user=-1355219268&config=1,1141,0,0
1780593314222,1130,Config #1 request,200,OK,Config #1 users 1-3,text,false,"The operation lasted too long: It took 1 130 milliseconds, but should not have lasted longer than 450 milliseconds.",231,0,5,5,http://localhost:34543/?token=518473935&user=-1355219268&config=1,1130,0,0
1780593314619,1132,Config #1 request,200,OK,Config #1 users 1-2,text,false,"The operation lasted too long: It took 1 132 milliseconds, but should not have lasted longer than 450 milliseconds.",231,0,5,5,http://localhost:34543/?token=518473935&user=-1355219268&config=1,1132,0,0
1780593315017,1139,Config #1 request,200,OK,Config #1 users 1-1,text,false,"The operation lasted too long: It took 1 139 milliseconds, but should not have lasted longer than 450 milliseconds.",231,0,5,5,http://localhost:34543/?token=518473935&user=-1355219268&config=1,1139,0,0
1780593316423,1151,Config #1 request,200,OK,Config #1 users 1-5,text,false,"The operation lasted too long: It took 1 151 milliseconds, but should not have lasted longer than 450 milliseconds.",231,0,5,5,http://localhost:34543/?token=518473935&user=-1355219268&config=1,1151,0,0
1780593316816,1143,Config #1 request,200,OK,Config #1 users 1-4,text,false,"The operation lasted too long: It took 1 143 milliseconds, but should not have lasted longer than 450 milliseconds.",231,0,5,5,http://localhost:34543/?token=518473935&user=-1355219268&config=1,1143,0,0
1780593317222,1142,Config #1 request,200,OK,Config #1 users 1-3,text,false,"The operation lasted too long: It took 1 142 milliseconds, but should not have lasted longer than 450 milliseconds.",231,0,5,5,http://localhost:34543/?token=518473935&user=-1355219268&config=1,1142,0,0
1780593317623,1142,Config #1 request,200,OK,Config #1 users 1-2,text,false,"The operation lasted too long: It took 1 142 milliseconds, but should not have lasted longer than 450 milliseconds.",231,0,5,5,http://localhost:34543/?token=518473935&user=-1355219268&config=1,1142,0,0
1780593318018,1147,Config #1 request,200,OK,Config #1 users 1-1,text,false,"The operation lasted too long: It took 1 147 milliseconds, but should not have lasted longer than 450 milliseconds.",231,0,5,5,http://localhost:34543/?token=518473935&user=-1355219268&config=1,1147,0,0
1780593319423,1133,Config #1 request,200,OK,Config #1 users 1-5,text,false,"The operation lasted too long: It took 1 133 milliseconds, but should not have lasted longer than 450 milliseconds.",231,0,5,5,http://localhost:34543/?token=518473935&user=-1355219268&config=1,1133,0,0
1780593319821,1135,Config #1 request,200,OK,Config #1 users 1-4,text,false,"The operation lasted too long: It took 1 135 milliseconds, but should not have lasted longer than 450 milliseconds.",231,0,5,5,http://localhost:34543/?token=518473935&user=-1355219268&config=1,1135,0,0
1780593320222,1140,Config #1 request,200,OK,Config #1 users 1-3,text,false,"The operation lasted too long: It took 1 140 milliseconds, but should not have lasted longer than 450 milliseconds.",231,0,5,5,http://localhost:34543/?token=518473935&user=-1355219268&config=1,1140,0,0
1780593320622,1143,Config #1 request,200,OK,Config #1 users 1-2,text,false,"The operation lasted too long: It took 1 143 milliseconds, but should not have lasted longer than 450 milliseconds.",231,0,5,5,http://localhost:34543/?token=518473935&user=-1355219268&config=1,1143,0,0
1780593321019,1145,Config #1 request,200,OK,Config #1 users 1-1,text,false,"The operation lasted too long: It took 1 145 milliseconds, but should not have lasted longer than 450 milliseconds.",231,0,5,5,http://localhost:34543/?token=518473935&user=-1355219268&config=1,1145,0,0
1780593322424,1134,Config #1 request,200,OK,Config #1 users 1-5,text,false,"The operation lasted too long: It took 1 134 milliseconds, but should not have lasted longer than 450 milliseconds.",231,0,5,5,http://localhost:34543/?token=518473935&user=-1355219268&config=1,1134,0,0
1780593322821,1138,Config #1 request,200,OK,Config #1 users 1-4,text,false,"The operation lasted too long: It took 1 138 milliseconds, but should not have lasted longer than 450 milliseconds.",231,0,5,5,http://localhost:34543/?token=518473935&user=-1355219268&config=1,1138,0,0
1780593323222,1145,Config #1 request,200,OK,Config #1 users 1-3,text,false,"The operation lasted too long: It took 1 145 milliseconds, but should not have lasted longer than 450 milliseconds.",231,0,5,5,http://localhost:34543/?token=518473935&user=-1355219268&config=1,1145,0,0
1780593323623,1146,Config #1 request,200,OK,Config #1 users 1-2,text,false,"The operation lasted too long: It took 1 146 milliseconds, but should not have lasted longer than 450 milliseconds.",231,0,5,5,http://localhost:34543/?token=518473935&user=-1355219268&config=1,1146,0,0
1780593324019,1190,Config #1 request,200,OK,Config #1 users 1-1,text,false,"The operation lasted too long: It took 1 190 milliseconds, but should not have lasted longer than 450 milliseconds.",231,0,5,5,http://localhost:34543/?token=518473935&user=-1355219268&config=1,1190,0,0
1780593325423,1144,Config #1 request,200,OK,Config #1 users 1-5,text,false,"The operation lasted too long: It took 1 144 milliseconds, but should not have lasted longer than 450 milliseconds.",231,0,5,5,http://localhost:34543/?token=518473935&user=-1355219268&config=1,1144,0,0
1780593325821,1129,Config #1 request,200,OK,Config #1 users 1-4,text,false,"The operation lasted too long: It took 1 129 milliseconds, but should not have lasted longer than 450 milliseconds.",231,0,5,5,http://localhost:34543/?token=518473935&user=-1355219268&config=1,1129,0,0
1780593326222,1137,Config #1 request,200,OK,Config #1 users 1-3,text,false,"The operation lasted too long: It took 1 137 milliseconds, but should not have lasted longer than 450 milliseconds.",231,0,5,5,http://localhost:34543/?token=518473935&user=-1355219268&config=1,1137,0,0
1780593326624,1147,Config #1 request,200,OK,Config #1 users 1-2,text,false,"The operation lasted too long: It took 1 147 milliseconds, but should not have lasted longer than 450 milliseconds.",231,0,5,5,http://localhost:34543/?token=518473935&user=-1355219268&config=1,1147,0,0
1780593327019,1148,Config #1 request,200,OK,Config #1 users 1-1,text,false,"The operation lasted too long: It took 1 148 milliseconds, but should not have lasted longer than 450 milliseconds.",231,0,5,5,http://localhost:34543/?token=518473935&user=-1355219268&config=1,1148,0,0
1780593328423,1146,Config #1 request,200,OK,Config #1 users 1-5,text,false,"The operation lasted too long: It took 1 146 milliseconds, but should not have lasted longer than 450 milliseconds.",231,0,5,5,http://localhost:34543/?token=518473935&user=-1355219268&config=1,1146,0,0
1780593328821,1135,Config #1 request,200,OK,Config #1 users 1-4,text,false,"The operation lasted too long: It took 1 135 milliseconds, but should not have lasted longer than 450 milliseconds.",231,0,5,5,http://localhost:34543/?token=518473935&user=-1355219268&config=1,1135,0,0
1780593329223,1151,Config #1 request,200,OK,Config #1 users 1-3,text,false,"The operation lasted too long: It took 1 151 milliseconds, but should not have lasted longer than 450 milliseconds.",231,0,5,5,http://localhost:34543/?token=518473935&user=-1355219268&config=1,1151,0,0
1780593329623,1152,Config #1 request,200,OK,Config #1 users 1-2,text,false,"The operation lasted too long: It took 1 152 milliseconds, but should not have lasted longer than 450 milliseconds.",231,0,5,5,http://localhost:34543/?token=518473935&user=-1355219268&config=1,1152,0,0
1780593330019,1136,Config #1 request,200,OK,Config #1 users 1-1,text,false,"The operation lasted too long: It took 1 136 milliseconds, but should not have lasted longer than 450 milliseconds.",231,0,5,5,http://localhost:34543/?token=518473935&user=-1355219268&config=1,1136,0,0
1780593331423,1139,Config #1 request,200,OK,Config #1 users 1-5,text,false,"The operation lasted too long: It took 1 139 milliseconds, but should not have lasted longer than 450 milliseconds.",231,0,5,5,http://localhost:34543/?token=518473935&user=-1355219268&config=1,1139,0,0
1780593331821,1150,Config #1 request,200,OK,Config #1 users 1-4,text,false,"The operation lasted too long: It took 1 150 milliseconds, but should not have lasted longer than 450 milliseconds.",231,0,5,5,http://localhost:34543/?token=518473935&user=-1355219268&config=1,1150,0,0
1780593332223,1148,Config #1 request,200,OK,Config #1 users 1-3,text,false,"The operation lasted too long: It took 1 148 milliseconds, but should not have lasted longer than 450 milliseconds.",231,0,5,5,http://localhost:34543/?token=518473935&user=-1355219268&config=1,1148,0,0
1780593332620,1153,Config #1 request,200,OK,Config #1 users 1-2,text,false,"The operation lasted too long: It took 1 153 milliseconds, but should not have lasted longer than 450 milliseconds.",231,0,5,5,http://localhost:34543/?token=518473935&user=-1355219268&config=1,1153,0,0
1780593333018,1142,Config #1 request,200,OK,Config #1 users 1-1,text,false,"The operation lasted too long: It took 1 142 milliseconds, but should not have lasted longer than 450 milliseconds.",231,0,5,5,http://localhost:34543/?token=518473935&user=-1355219268&config=1,1142,0,0
1780593334423,1142,Config #1 request,200,OK,Config #1 users 1-5,text,false,"The operation lasted too long: It took 1 142 milliseconds, but should not have lasted longer than 450 milliseconds.",231,0,5,5,http://localhost:34543/?token=518473935&user=-1355219268&config=1,1142,0,0
1780593334822,1149,Config #1 request,200,OK,Config #1 users 1-4,text,false,"The operation lasted too long: It took 1 149 milliseconds, but should not have lasted longer than 450 milliseconds.",231,0,5,5,http://localhost:34543/?token=518473935&user=-1355219268&config=1,1149,0,0
1780593335223,1153,Config #1 request,200,OK,Config #1 users 1-3,text,false,"The operation lasted too long: It took 1 153 milliseconds, but should not have lasted longer than 450 milliseconds.",231,0,5,5,http://localhost:34543/?token=518473935&user=-1355219268&config=1,1153,0,0
1780593335623,1150,Config #1 request,200,OK,Config #1 users 1-2,text,false,"The operation lasted too long: It took 1 150 milliseconds, but should not have lasted longer than 450 milliseconds.",231,0,5,5,http://localhost:34543/?token=518473935&user=-1355219268&config=1,1150,0,0
1780593336019,1142,Config #1 request,200,OK,Config #1 users 1-1,text,false,"The operation lasted too long: It took 1 142 milliseconds, but should not have lasted longer than 450 milliseconds.",231,0,5,5,http://localhost:34543/?token=518473935&user=-1355219268&config=1,1142,0,0
1780593337423,1138,Config #1 request,200,OK,Config #1 users 1-5,text,false,"The operation lasted too long: It took 1 138 milliseconds, but should not have lasted longer than 450 milliseconds.",231,0,4,4,http://localhost:34543/?token=518473935&user=-1355219268&config=1,1138,0,0
1780593337822,1133,Config #1 request,200,OK,Config #1 users 1-4,text,false,"The operation lasted too long: It took 1 133 milliseconds, but should not have lasted longer than 450 milliseconds.",231,0,4,4,http://localhost:34543/?token=518473935&user=-1355219268&config=1,1133,0,0
1780593338222,1131,Config #1 request,200,OK,Config #1 users 1-3,text,false,"The operation lasted too long: It took 1 131 milliseconds, but should not have lasted longer than 450 milliseconds.",231,0,4,4,http://localhost:34543/?token=518473935&user=-1355219268&config=1,1131,0,0
1780593338623,1134,Config #1 request,200,OK,Config #1 users 1-2,text,false,"The operation lasted too long: It took 1 134 milliseconds, but should not have lasted longer than 450 milliseconds.",231,0,4,4,http://localhost:34543/?token=518473935&user=-1355219268&config=1,1134,0,0
1780593340420,1132,Config #1 request,200,OK,Config #1 users 1-5,text,false,"The operation lasted too long: It took 1 132 milliseconds, but should not have lasted longer than 450 milliseconds.",231,0,3,3,http://localhost:34543/?token=518473935&user=-1355219268&config=1,1132,0,0
1780593340821,1128,Config #1 request,200,OK,Config #1 users 1-4,text,false,"The operation lasted too long: It took 1 128 milliseconds, but should not have lasted longer than 450 milliseconds.",231,0,3,3,http://localhost:34543/?token=518473935&user=-1355219268&config=1,1128,0,0
1780593341221,1148,Config #1 request,200,OK,Config #1 users 1-3,text,false,"The operation lasted too long: It took 1 148 milliseconds, but should not have lasted longer than 450 milliseconds.",231,0,3,3,http://localhost:34543/?token=518473935&user=-1355219268&config=1,1148,0,0
1780593343423,1126,Config #1 request,200,OK,Config #1 users 1-5,text,false,"The operation lasted too long: It took 1 126 milliseconds, but should not have lasted longer than 450 milliseconds.",231,0,2,2,http://localhost:34543/?token=518473935&user=-1355219268&config=1,1126,0,0
1780593343820,1147,Config #1 request,200,OK,Config #1 users 1-4,text,false,"The operation lasted too long: It took 1 147 milliseconds, but should not have lasted longer than 450 milliseconds.",231,0,2,2,http://localhost:34543/?token=518473935&user=-1355219268&config=1,1147,0,0
1780593346419,1124,Config #1 request,200,OK,Config #1 users 1-5,text,false,"The operation lasted too long: It took 1 124 milliseconds, but should not have lasted longer than 450 milliseconds.",231,0,1,1,http://localhost:34543/?token=518473935&user=-1355219268&config=1,1124,0,0
1780593347544,738,Config #2 request,200,OK,Config #2 users 2-1,text,false,"The operation lasted too long: It took 738 milliseconds, but should not have lasted longer than 450 milliseconds.",231,0,1,1,http://localhost:34543/?token=518473935&user=-1355219268&config=2,738,0,0
1780593350149,722,Config #2 request,200,OK,Config #2 users 2-2,text,false,"The operation lasted too long: It took 722 milliseconds, but should not have lasted longer than 450 milliseconds.",231,0,2,2,http://localhost:34543/?token=518473935&user=-1355219268&config=2,722,0,0
1780593350549,784,Config #2 request,200,OK,Config #2 users 2-1,text,false,"The operation lasted too long: It took 784 milliseconds, but should not have lasted longer than 450 milliseconds.",231,0,2,2,http://localhost:34543/?token=518473935&user=-1355219268&config=2,784,0,0
1780593352749,725,Config #2 request,200,OK,Config #2 users 2-3,text,false,"The operation lasted too long: It took 725 milliseconds, but should not have lasted longer than 450 milliseconds.",231,0,3,3,http://localhost:34543/?token=518473935&user=-1355219268&config=2,725,0,0
1780593353151,740,Config #2 request,200,OK,Config #2 users 2-2,text,false,"The operation lasted too long: It took 740 milliseconds, but should not have lasted longer than 450 milliseconds.",231,0,3,3,http://localhost:34543/?token=518473935&user=-1355219268&config=2,740,0,0
1780593353550,729,Config #2 request,200,OK,Config #2 users 2-1,text,false,"The operation lasted too long: It took 729 milliseconds, but should not have lasted longer than 450 milliseconds.",231,0,3,3,http://localhost:34543/?token=518473935&user=-1355219268&config=2,729,0,0
1780593355344,733,Config #2 request,200,OK,Config #2 users 2-4,text,false,"The operation lasted too long: It took 733 milliseconds, but should not have lasted longer than 450 milliseconds.",231,0,4,4,http://localhost:34543/?token=518473935&user=-1355219268&config=2,733,0,0
1780593355754,741,Config #2 request,200,OK,Config #2 users 2-3,text,false,"The operation lasted too long: It took 741 milliseconds, but should not have lasted longer than 450 milliseconds.",231,0,4,4,http://localhost:34543/?token=518473935&user=-1355219268&config=2,741,0,0
1780593356154,735,Config #2 request,200,OK,Config #2 users 2-2,text,false,"The operation lasted too long: It took 735 milliseconds, but should not have lasted longer than 450 milliseconds.",231,0,4,4,http://localhost:34543/?token=518473935&user=-1355219268&config=2,735,0,0
1780593356549,731,Config #2 request,200,OK,Config #2 users 2-1,text,false,"The operation lasted too long: It took 731 milliseconds, but should not have lasted longer than 450 milliseconds.",231,0,4,4,http://localhost:34543/?token=518473935&user=-1355219268&config=2,731,0,0
1780593357949,725,Config #2 request,200,OK,Config #2 users 2-5,text,false,"The operation lasted too long: It took 725 milliseconds, but should not have lasted longer than 450 milliseconds.",231,0,5,5,http://localhost:34543/?token=518473935&user=-1355219268&config=2,725,0,0
1780593358348,741,Config #2 request,200,OK,Config #2 users 2-4,text,false,"The operation lasted too long: It took 741 milliseconds, but should not have lasted longer than 450 milliseconds.",231,0,5,5,http://localhost:34543/?token=518473935&user=-1355219268&config=2,741,0,0
1780593358752,734,Config #2 request,200,OK,Config #2 users 2-3,text,false,"The operation lasted too long: It took 734 milliseconds, but should not have lasted longer than 450 milliseconds.",231,0,5,5,http://localhost:34543/?token=518473935&user=-1355219268&config=2,734,0,0
1780593359154,735,Config #2 request,200,OK,Config #2 users 2-2,text,false,"The operation lasted too long: It took 735 milliseconds, but should not have lasted longer than 450 milliseconds.",231,0,5,5,http://localhost:34543/?token=518473935&user=-1355219268&config=2,735,0,0
1780593359547,741,Config #2 request,200,OK,Config #2 users 2-1,text,false,"The operation lasted too long: It took 741 milliseconds, but should not have lasted longer than 450 milliseconds.",231,0,5,5,http://localhost:34543/?token=518473935&user=-1355219268&config=2,741,0,0
1780593360954,742,Config #2 request,200,OK,Config #2 users 2-5,text,false,"The operation lasted too long: It took 742 milliseconds, but should not have lasted longer than 450 milliseconds.",231,0,5,5,http://localhost:34543/?token=518473935&user=-1355219268&config=2,742,0,0
1780593361348,727,Config #2 request,200,OK,Config #2 users 2-4,text,false,"The operation lasted too long: It took 727 milliseconds, but should not have lasted longer than 450 milliseconds.",231,0,5,5,http://localhost:34543/?token=518473935&user=-1355219268&config=2,727,0,0
1780593361755,742,Config #2 request,200,OK,Config #2 users 2-3,text,false,"The operation lasted too long: It took 742 milliseconds, but should not have lasted longer than 450 milliseconds.",231,0,5,5,http://localhost:34543/?token=518473935&user=-1355219268&config=2,742,0,0
1780593362153,738,Config #2 request,200,OK,Config #2 users 2-2,text,false,"The operation lasted too long: It took 738 milliseconds, but should not have lasted longer than 450 milliseconds.",231,0,5,5,http://localhost:34543/?token=518473935&user=-1355219268&config=2,738,0,0
1780593362549,742,Config #2 request,200,OK,Config #2 users 2-1,text,false,"The operation lasted too long: It took 742 milliseconds, but should not have lasted longer than 450 milliseconds.",231,0,5,5,http://localhost:34543/?token=518473935&user=-1355219268&config=2,742,0,0
1780593363953,748,Config #2 request,200,OK,Config #2 users 2-5,text,false,"The operation lasted too long: It took 748 milliseconds, but should not have lasted longer than 450 milliseconds.",231,0,5,5,http://localhost:34543/?token=518473935&user=-1355219268&config=2,748,0,0
1780593364348,737,Config #2 request,200,OK,Config #2 users 2-4,text,false,"The operation lasted too long: It took 737 milliseconds, but should not have lasted longer than 450 milliseconds.",231,0,5,5,http://localhost:34543/?token=518473935&user=-1355219268&config=2,737,0,0
1780593364754,749,Config #2 request,200,OK,Config #2 users 2-3,text,false,"The operation lasted too long: It took 749 milliseconds, but should not have lasted longer than 450 milliseconds.",231,0,5,5,http://localhost:34543/?token=518473935&user=-1355219268&config=2,749,0,0
1780593365153,748,Config #2 request,200,OK,Config #2 users 2-2,text,false,"The operation lasted too long: It took 748 milliseconds, but should not have lasted longer than 450 milliseconds.",231,0,5,5,http://localhost:34543/?token=518473935&user=-1355219268&config=2,748,0,0
1780593365549,752,Config #2 request,200,OK,Config #2 users 2-1,text,false,"The operation lasted too long: It took 752 milliseconds, but should not have lasted longer than 450 milliseconds.",231,0,5,5,http://localhost:34543/?token=518473935&user=-1355219268&config=2,752,0,0
1780593366953,743,Config #2 request,200,OK,Config #2 users 2-5,text,false,"The operation lasted too long: It took 743 milliseconds, but should not have lasted longer than 450 milliseconds.",231,0,5,5,http://localhost:34543/?token=518473935&user=-1355219268&config=2,743,0,0
1780593367348,751,Config #2 request,200,OK,Config #2 users 2-4,text,false,"The operation lasted too long: It took 751 milliseconds, but should not have lasted longer than 450 milliseconds.",231,0,5,5,http://localhost:34543/?token=518473935&user=-1355219268&config=2,751,0,0
1780593367754,748,Config #2 request,200,OK,Config #2 users 2-3,text,false,"The operation lasted too long: It took 748 milliseconds, but should not have lasted longer than 450 milliseconds.",231,0,5,5,http://localhost:34543/?token=518473935&user=-1355219268&config=2,748,0,0
1780593368153,753,Config #2 request,200,OK,Config #2 users 2-2,text,false,"The operation lasted too long: It took 753 milliseconds, but should not have lasted longer than 450 milliseconds.",231,0,5,5,http://localhost:34543/?token=518473935&user=-1355219268&config=2,753,0,0
1780593368549,753,Config #2 request,200,OK,Config #2 users 2-1,text,false,"The operation lasted too long: It took 753 milliseconds, but should not have lasted longer than 450 milliseconds.",231,0,5,5,http://localhost:34543/?token=518473935&user=-1355219268&config=2,753,0,0
1780593369950,736,Config #2 request,200,OK,Config #2 users 2-5,text,false,"The operation lasted too long: It took 736 milliseconds, but should not have lasted longer than 450 milliseconds.",231,0,5,5,http://localhost:34543/?token=518473935&user=-1355219268&config=2,736,0,0
1780593370346,738,Config #2 request,200,OK,Config #2 users 2-4,text,false,"The operation lasted too long: It took 738 milliseconds, but should not have lasted longer than 450 milliseconds.",231,0,5,5,http://localhost:34543/?token=518473935&user=-1355219268&config=2,738,0,0
1780593370754,748,Config #2 request,200,OK,Config #2 users 2-3,text,false,"The operation lasted too long: It took 748 milliseconds, but should not have lasted longer than 450 milliseconds.",231,0,5,5,http://localhost:34543/?token=518473935&user=-1355219268&config=2,748,0,0
1780593371153,741,Config #2 request,200,OK,Config #2 users 2-2,text,false,"The operation lasted too long: It took 741 milliseconds, but should not have lasted longer than 450 milliseconds.",231,0,5,5,http://localhost:34543/?token=518473935&user=-1355219268&config=2,741,0,0
1780593371549,740,Config #2 request,200,OK,Config #2 users 2-1,text,false,"The operation lasted too long: It took 740 milliseconds, but should not have lasted longer than 450 milliseconds.",231,0,5,5,http://localhost:34543/?token=518473935&user=-1355219268&config=2,740,0,0
1780593372952,743,Config #2 request,200,OK,Config #2 users 2-5,text,false,"The operation lasted too long: It took 743 milliseconds, but should not have lasted longer than 450 milliseconds.",231,0,5,5,http://localhost:34543/?token=518473935&user=-1355219268&config=2,743,0,0
1780593373349,809,Config #2 request,200,OK,Config #2 users 2-4,text,false,"The operation lasted too long: It took 809 milliseconds, but should not have lasted longer than 450 milliseconds.",231,0,5,5,http://localhost:34543/?token=518473935&user=-1355219268&config=2,809,0,0
1780593373754,736,Config #2 request,200,OK,Config #2 users 2-3,text,false,"The operation lasted too long: It took 736 milliseconds, but should not have lasted longer than 450 milliseconds.",231,0,5,5,http://localhost:34543/?token=518473935&user=-1355219268&config=2,736,0,0
1780593374153,795,Config #2 request,200,OK,Config #2 users 2-2,text,false,"The operation lasted too long: It took 795 milliseconds, but should not have lasted longer than 450 milliseconds.",231,0,5,5,http://localhost:34543/?token=518473935&user=-1355219268&config=2,795,0,0
1780593374548,751,Config #2 request,200,OK,Config #2 users 2-1,text,false,"The operation lasted too long: It took 751 milliseconds, but should not have lasted longer than 450 milliseconds.",231,0,5,5,http://localhost:34543/?token=518473935&user=-1355219268&config=2,751,0,0
1780593375953,736,Config #2 request,200,OK,Config #2 users 2-5,text,false,"The operation lasted too long: It took 736 milliseconds, but should not have lasted longer than 450 milliseconds.",231,0,5,5,http://localhost:34543/?token=518473935&user=-1355219268&config=2,736,0,0
1780593376348,740,Config #2 request,200,OK,Config #2 users 2-4,text,false,"The operation lasted too long: It took 740 milliseconds, but should not have lasted longer than 450 milliseconds.",231,0,5,5,http://localhost:34543/?token=518473935&user=-1355219268&config=2,740,0,0
1780593376754,731,Config #2 request,200,OK,Config #2 users 2-3,text,false,"The operation lasted too long: It took 731 milliseconds, but should not have lasted longer than 450 milliseconds.",231,0,5,5,http://localhost:34543/?token=518473935&user=-1355219268&config=2,731,0,0
1780593377153,747,Config #2 request,200,OK,Config #2 users 2-2,text,false,"The operation lasted too long: It took 747 milliseconds, but should not have lasted longer than 450 milliseconds.",231,0,5,5,http://localhost:34543/?token=518473935&user=-1355219268&config=2,747,0,0
1780593377544,753,Config #2 request,200,OK,Config #2 users 2-1,text,false,"The operation lasted too long: It took 753 milliseconds, but should not have lasted longer than 450 milliseconds.",231,0,5,5,http://localhost:34543/?token=518473935&user=-1355219268&config=2,753,0,0
1780593378953,747,Config #2 request,200,OK,Config #2 users 2-5,text,false,"The operation lasted too long: It took 747 milliseconds, but should not have lasted longer than 450 milliseconds.",231,0,5,5,http://localhost:34543/?token=518473935&user=-1355219268&config=2,747,0,0
1780593379348,730,Config #2 request,200,OK,Config #2 users 2-4,text,false,"The operation lasted too long: It took 730 milliseconds, but should not have lasted longer than 450 milliseconds.",231,0,5,5,http://localhost:34543/?token=518473935&user=-1355219268&config=2,730,0,0
1780593379754,741,Config #2 request,200,OK,Config #2 users 2-3,text,false,"The operation lasted too long: It took 741 milliseconds, but should not have lasted longer than 450 milliseconds.",231,0,5,5,http://localhost:34543/?token=518473935&user=-1355219268&config=2,741,0,0
1780593380153,740,Config #2 request,200,OK,Config #2 users 2-2,text,false,"The operation lasted too long: It took 740 milliseconds, but should not have lasted longer than 450 milliseconds.",231,0,5,5,http://localhost:34543/?token=518473935&user=-1355219268&config=2,740,0,0
1780593380545,748,Config #2 request,200,OK,Config #2 users 2-1,text,false,"The operation lasted too long: It took 748 milliseconds, but should not have lasted longer than 450 milliseconds.",231,0,5,5,http://localhost:34543/?token=518473935&user=-1355219268&config=2,748,0,0
1780593381952,739,Config #2 request,200,OK,Config #2 users 2-5,text,false,"The operation lasted too long: It took 739 milliseconds, but should not have lasted longer than 450 milliseconds.",231,0,5,5,http://localhost:34543/?token=518473935&user=-1355219268&config=2,739,0,0
1780593382344,742,Config #2 request,200,OK,Config #2 users 2-4,text,false,"The operation lasted too long: It took 742 milliseconds, but should not have lasted longer than 450 milliseconds.",231,0,5,5,http://localhost:34543/?token=518473935&user=-1355219268&config=2,742,0,0
1780593382753,742,Config #2 request,200,OK,Config #2 users 2-3,text,false,"The operation lasted too long: It took 742 milliseconds, but should not have lasted longer than 450 milliseconds.",231,0,5,5,http://localhost:34543/?token=518473935&user=-1355219268&config=2,742,0,0
1780593383150,746,Config #2 request,200,OK,Config #2 users 2-2,text,false,"The operation lasted too long: It took 746 milliseconds, but should not have lasted longer than 450 milliseconds.",231,0,5,5,http://localhost:34543/?token=518473935&user=-1355219268&config=2,746,0,0
1780593383549,740,Config #2 request,200,OK,Config #2 users 2-1,text,false,"The operation lasted too long: It took 740 milliseconds, but should not have lasted longer than 450 milliseconds.",231,0,5,5,http://localhost:34543/?token=518473935&user=-1355219268&config=2,740,0,0
1780593384953,728,Config #2 request,200,OK,Config #2 users 2-5,text,false,"The operation lasted too long: It took 728 milliseconds, but should not have lasted longer than 450 milliseconds.",231,0,5,5,http://localhost:34543/?token=518473935&user=-1355219268&config=2,728,0,0
1780593385347,730,Config #2 request,200,OK,Config #2 users 2-4,text,false,"The operation lasted too long: It took 730 milliseconds, but should not have lasted longer than 450 milliseconds.",231,0,5,5,http://localhost:34543/?token=518473935&user=-1355219268&config=2,730,0,0
1780593385754,737,Config #2 request,200,OK,Config #2 users 2-3,text,false,"The operation lasted too long: It took 737 milliseconds, but should not have lasted longer than 450 milliseconds.",231,0,5,5,http://localhost:34543/?token=518473935&user=-1355219268&config=2,737,0,0
1780593386153,735,Config #2 request,200,OK,Config #2 users 2-2,text,false,"The operation lasted too long: It took 735 milliseconds, but should not have lasted longer than 450 milliseconds.",231,0,5,5,http://localhost:34543/?token=518473935&user=-1355219268&config=2,735,0,0
1780593386549,732,Config #2 request,200,OK,Config #2 users 2-1,text,false,"The operation lasted too long: It took 732 milliseconds, but should not have lasted longer than 450 milliseconds.",231,0,5,5,http://localhost:34543/?token=518473935&user=-1355219268&config=2,731,0,0
1780593387952,732,Config #2 request,200,OK,Config #2 users 2-5,text,false,"The operation lasted too long: It took 732 milliseconds, but should not have lasted longer than 450 milliseconds.",231,0,5,5,http://localhost:34543/?token=518473935&user=-1355219268&config=2,732,0,0
1780593388348,729,Config #2 request,200,OK,Config #2 users 2-4,text,false,"The operation lasted too long: It took 729 milliseconds, but should not have lasted longer than 450 milliseconds.",231,0,5,5,http://localhost:34543/?token=518473935&user=-1355219268&config=2,729,0,0
1780593388754,744,Config #2 request,200,OK,Config #2 users 2-3,text,false,"The operation lasted too long: It took 744 milliseconds, but should not have lasted longer than 450 milliseconds.",231,0,5,5,http://localhost:34543/?token=518473935&user=-1355219268&config=2,744,0,0
1780593389153,740,Config #2 request,200,OK,Config #2 users 2-2,text,false,"The operation lasted too long: It took 740 milliseconds, but should not have lasted longer than 450 milliseconds.",231,0,5,5,http://localhost:34543/?token=518473935&user=-1355219268&config=2,740,0,0
1780593389548,740,Config #2 request,200,OK,Config #2 users 2-1,text,false,"The operation lasted too long: It took 740 milliseconds, but should not have lasted longer than 450 milliseconds.",231,0,5,5,http://localhost:34543/?token=518473935&user=-1355219268&config=2,740,0,0
1780593390950,744,Config #2 request,200,OK,Config #2 users 2-5,text,false,"The operation lasted too long: It took 744 milliseconds, but should not have lasted longer than 450 milliseconds.",231,0,5,5,http://localhost:34543/?token=518473935&user=-1355219268&config=2,744,0,0
1780593391349,738,Config #2 request,200,OK,Config #2 users 2-4,text,false,"The operation lasted too long: It took 738 milliseconds, but should not have lasted longer than 450 milliseconds.",231,0,5,5,http://localhost:34543/?token=518473935&user=-1355219268&config=2,738,0,0
1780593391751,748,Config #2 request,200,OK,Config #2 users 2-3,text,false,"The operation lasted too long: It took 748 milliseconds, but should not have lasted longer than 450 milliseconds.",231,0,5,5,http://localhost:34543/?token=518473935&user=-1355219268&config=2,748,0,0
1780593392151,742,Config #2 request,200,OK,Config #2 users 2-2,text,false,"The operation lasted too long: It took 742 milliseconds, but should not have lasted longer than 450 milliseconds.",231,0,5,5,http://localhost:34543/?token=518473935&user=-1355219268&config=2,742,0,0
1780593392550,738,Config #2 request,200,OK,Config #2 users 2-1,text,false,"The operation lasted too long: It took 738 milliseconds, but should not have lasted longer than 450 milliseconds.",231,0,5,5,http://localhost:34543/?token=518473935&user=-1355219268&config=2,738,0,0
1780593393954,741,Config #2 request,200,OK,Config #2 users 2-5,text,false,"The operation lasted too long: It took 741 milliseconds, but should not have lasted longer than 450 milliseconds.",231,0,5,5,http://localhost:34543/?token=518473935&user=-1355219268&config=2,741,0,0
1780593394347,735,Config #2 request,200,OK,Config #2 users 2-4,text,false,"The operation lasted too long: It took 735 milliseconds, but should not have lasted longer than 450 milliseconds.",231,0,5,5,http://localhost:34543/?token=518473935&user=-1355219268&config=2,735,0,0
1780593394755,745,Config #2 request,200,OK,Config #2 users 2-3,text,false,"The operation lasted too long: It took 745 milliseconds, but should not have lasted longer than 450 milliseconds.",231,0,5,5,http://localhost:34543/?token=518473935&user=-1355219268&config=2,745,0,0
1780593395150,748,Config #2 request,200,OK,Config #2 users 2-2,text,false,"The operation lasted too long: It took 748 milliseconds, but should not have lasted longer than 450 milliseconds.",231,0,5,5,http://localhost:34543/?token=518473935&user=-1355219268&config=2,747,0,0
1780593395546,742,Config #2 request,200,OK,Config #2 users 2-1,text,false,"The operation lasted too long: It took 742 milliseconds, but should not have lasted longer than 450 milliseconds.",231,0,5,5,http://localhost:34543/?token=518473935&user=-1355219268&config=2,742,0,0
1780593396951,743,Config #2 request,200,OK,Config #2 users 2-5,text,false,"The operation lasted too long: It took 743 milliseconds, but should not have lasted longer than 450 milliseconds.",231,0,5,5,http://localhost:34543/?token=518473935&user=-1355219268&config=2,743,0,0
1780593397347,746,Config #2 request,200,OK,Config #2 users 2-4,text,false,"The operation lasted too long: It took 746 milliseconds, but should not have lasted longer than 450 milliseconds.",231,0,5,5,http://localhost:34543/?token=518473935&user=-1355219268&config=2,746,0,0
1780593397754,731,Config #2 request,200,OK,Config #2 users 2-3,text,false,"The operation lasted too long: It took 731 milliseconds, but should not have lasted longer than 450 milliseconds.",231,0,5,5,http://localhost:34543/?token=518473935&user=-1355219268&config=2,731,0,0
1780593398151,751,Config #2 request,200,OK,Config #2 users 2-2,text,false,"The operation lasted too long: It took 751 milliseconds, but should not have lasted longer than 450 milliseconds.",231,0,5,5,http://localhost:34543/?token=518473935&user=-1355219268&config=2,751,0,0
1780593398546,750,Config #2 request,200,OK,Config #2 users 2-1,text,false,"The operation lasted too long: It took 750 milliseconds, but should not have lasted longer than 450 milliseconds.",231,0,5,5,http://localhost:34543/?token=518473935&user=-1355219268&config=2,750,0,0
1780593399952,729,Config #2 request,200,OK,Config #2 users 2-5,text,false,"The operation lasted too long: It took 729 milliseconds, but should not have lasted longer than 450 milliseconds.",231,0,5,5,http://localhost:34543/?token=518473935&user=-1355219268&config=2,729,0,0
1780593400347,730,Config #2 request,200,OK,Config #2 users 2-4,text,false,"The operation lasted too long: It took 730 milliseconds, but should not have lasted longer than 450 milliseconds.",231,0,5,5,http://localhost:34543/?token=518473935&user=-1355219268&config=2,730,0,0
1780593400750,743,Config #2 request,200,OK,Config #2 users 2-3,text,false,"The operation lasted too long: It took 743 milliseconds, but should not have lasted longer than 450 milliseconds.",231,0,5,5,http://localhost:34543/?token=518473935&user=-1355219268&config=2,743,0,0
1780593401153,747,Config #2 request,200,OK,Config #2 users 2-2,text,false,"The operation lasted too long: It took 747 milliseconds, but should not have lasted longer than 450 milliseconds.",231,0,5,5,http://localhost:34543/?token=518473935&user=-1355219268&config=2,747,0,0
1780593401546,731,Config #2 request,200,OK,Config #2 users 2-1,text,false,"The operation lasted too long: It took 731 milliseconds, but should not have lasted longer than 450 milliseconds.",231,0,5,5,http://localhost:34543/?token=518473935&user=-1355219268&config=2,731,0,0
1780593402949,748,Config #2 request,200,OK,Config #2 users 2-5,text,false,"The operation lasted too long: It took 748 milliseconds, but should not have lasted longer than 450 milliseconds.",231,0,5,5,http://localhost:34543/?token=518473935&user=-1355219268&config=2,747,0,0
1780593403346,743,Config #2 request,200,OK,Config #2 users 2-4,text,false,"The operation lasted too long: It took 743 milliseconds, but should not have lasted longer than 450 milliseconds.",231,0,5,5,http://localhost:34543/?token=518473935&user=-1355219268&config=2,743,0,0
1780593403754,730,Config #2 request,200,OK,Config #2 users 2-3,text,false,"The operation lasted too long: It took 730 milliseconds, but should not have lasted longer than 450 milliseconds.",231,0,5,5,http://localhost:34543/?token=518473935&user=-1355219268&config=2,730,0,0
1780593404152,798,Config #2 request,200,OK,Config #2 users 2-2,text,false,"The operation lasted too long: It took 798 milliseconds, but should not have lasted longer than 450 milliseconds.",231,0,5,5,http://localhost:34543/?token=518473935&user=-1355219268&config=2,798,0,0
1780593404549,740,Config #2 request,200,OK,Config #2 users 2-1,text,false,"The operation lasted too long: It took 740 milliseconds, but should not have lasted longer than 450 milliseconds.",231,0,5,5,http://localhost:34543/?token=518473935&user=-1355219268&config=2,740,0,0
1780593405953,730,Config #2 request,200,OK,Config #2 users 2-5,text,false,"The operation lasted too long: It took 730 milliseconds, but should not have lasted longer than 450 milliseconds.",231,0,5,5,http://localhost:34543/?token=518473935&user=-1355219268&config=2,730,0,0
1780593406348,751,Config #2 request,200,OK,Config #2 users 2-4,text,false,"The operation lasted too long: It took 751 milliseconds, but should not have lasted longer than 450 milliseconds.",231,0,5,5,http://localhost:34543/?token=518473935&user=-1355219268&config=2,751,0,0
1780593406753,743,Config #2 request,200,OK,Config #2 users 2-3,text,false,"The operation lasted too long: It took 743 milliseconds, but should not have lasted longer than 450 milliseconds.",231,0,5,5,http://localhost:34543/?token=518473935&user=-1355219268&config=2,743,0,0
1780593407149,736,Config #2 request,200,OK,Config #2 users 2-2,text,false,"The operation lasted too long: It took 736 milliseconds, but should not have lasted longer than 450 milliseconds.",231,0,5,5,http://localhost:34543/?token=518473935&user=-1355219268&config=2,736,0,0
1780593407549,750,Config #2 request,200,OK,Config #2 users 2-1,text,false,"The operation lasted too long: It took 750 milliseconds, but should not have lasted longer than 450 milliseconds.",231,0,5,5,http://localhost:34543/?token=518473935&user=-1355219268&config=2,750,0,0
1780593408953,748,Config #2 request,200,OK,Config #2 users 2-5,text,false,"The operation lasted too long: It took 748 milliseconds, but should not have lasted longer than 450 milliseconds.",231,0,5,5,http://localhost:34543/?token=518473935&user=-1355219268&config=2,748,0,0
1780593409348,744,Config #2 request,200,OK,Config #2 users 2-4,text,false,"The operation lasted too long: It took 744 milliseconds, but should not have lasted longer than 450 milliseconds.",231,0,5,5,http://localhost:34543/?token=518473935&user=-1355219268&config=2,744,0,0
1780593409754,749,Config #2 request,200,OK,Config #2 users 2-3,text,false,"The operation lasted too long: It took 749 milliseconds, but should not have lasted longer than 450 milliseconds.",231,0,5,5,http://localhost:34543/?token=518473935&user=-1355219268&config=2,749,0,0
1780593410152,741,Config #2 request,200,OK,Config #2 users 2-2,text,false,"The operation lasted too long: It took 741 milliseconds, but should not have lasted longer than 450 milliseconds.",231,0,5,5,http://localhost:34543/?token=518473935&user=-1355219268&config=2,741,0,0
1780593410549,738,Config #2 request,200,OK,Config #2 users 2-1,text,false,"The operation lasted too long: It took 738 milliseconds, but should not have lasted longer than 450 milliseconds.",231,0,5,5,http://localhost:34543/?token=518473935&user=-1355219268&config=2,738,0,0
1780593411948,737,Config #2 request,200,OK,Config #2 users 2-5,text,false,"The operation lasted too long: It took 737 milliseconds, but should not have lasted longer than 450 milliseconds.",231,0,5,5,http://localhost:34543/?token=518473935&user=-1355219268&config=2,737,0,0
1780593412347,731,Config #2 request,200,OK,Config #2 users 2-4,text,false,"The operation lasted too long: It took 731 milliseconds, but should not have lasted longer than 450 milliseconds.",231,0,5,5,http://localhost:34543/?token=518473935&user=-1355219268&config=2,731,0,0
1780593412754,736,Config #2 request,200,OK,Config #2 users 2-3,text,false,"The operation lasted too long: It took 736 milliseconds, but should not have lasted longer than 450 milliseconds.",231,0,5,5,http://localhost:34543/?token=518473935&user=-1355219268&config=2,736,0,0
1780593413152,746,Config #2 request,200,OK,Config #2 users 2-2,text,false,"The operation lasted too long: It took 746 milliseconds, but should not have lasted longer than 450 milliseconds.",231,0,5,5,http://localhost:34543/?token=518473935&user=-1355219268&config=2,746,0,0
1780593413544,749,Config #2 request,200,OK,Config #2 users 2-1,text,false,"The operation lasted too long: It took 749 milliseconds, but should not have lasted longer than 450 milliseconds.",231,0,5,5,http://localhost:34543/?token=518473935&user=-1355219268&config=2,749,0,0
1780593414952,747,Config #2 request,200,OK,Config #2 users 2-5,text,false,"The operation lasted too long: It took 747 milliseconds, but should not have lasted longer than 450 milliseconds.",231,0,5,5,http://localhost:34543/?token=518473935&user=-1355219268&config=2,747,0,0
1780593415347,730,Config #2 request,200,OK,Config #2 users 2-4,text,false,"The operation lasted too long: It took 730 milliseconds, but should not have lasted longer than 450 milliseconds.",231,0,5,5,http://localhost:34543/?token=518473935&user=-1355219268&config=2,730,0,0
1780593415752,742,Config #2 request,200,OK,Config #2 users 2-3,text,false,"The operation lasted too long: It took 742 milliseconds, but should not have lasted longer than 450 milliseconds.",231,0,5,5,http://localhost:34543/?token=518473935&user=-1355219268&config=2,742,0,0
1780593416154,738,Config #2 request,200,OK,Config #2 users 2-2,text,false,"The operation lasted too long: It took 738 milliseconds, but should not have lasted longer than 450 milliseconds.",231,0,5,5,http://localhost:34543/?token=518473935&user=-1355219268&config=2,738,0,0
1780593416550,738,Config #2 request,200,OK,Config #2 users 2-1,text,false,"The operation lasted too long: It took 738 milliseconds, but should not have lasted longer than 450 milliseconds.",231,0,5,5,http://localhost:34543/?token=518473935&user=-1355219268&config=2,738,0,0
1780593417953,736,Config #2 request,200,OK,Config #2 users 2-5,text,false,"The operation lasted too long: It took 736 milliseconds, but should not have lasted longer than 450 milliseconds.",231,0,5,5,http://localhost:34543/?token=518473935&user=-1355219268&config=2,736,0,0
1780593418344,736,Config #2 request,200,OK,Config #2 users 2-4,text,false,"The operation lasted too long: It took 736 milliseconds, but should not have lasted longer than 450 milliseconds.",231,0,5,5,http://localhost:34543/?token=518473935&user=-1355219268&config=2,736,0,0
1780593418755,737,Config #2 request,200,OK,Config #2 users 2-3,text,false,"The operation lasted too long: It took 737 milliseconds, but should not have lasted longer than 450 milliseconds.",231,0,5,5,http://localhost:34543/?token=518473935&user=-1355219268&config=2,737,0,0
1780593419150,734,Config #2 request,200,OK,Config #2 users 2-2,text,false,"The operation lasted too long: It took 734 milliseconds, but should not have lasted longer than 450 milliseconds.",231,0,5,5,http://localhost:34543/?token=518473935&user=-1355219268&config=2,734,0,0
1780593419549,746,Config #2 request,200,OK,Config #2 users 2-1,text,false,"The operation lasted too long: It took 746 milliseconds, but should not have lasted longer than 450 milliseconds.",231,0,5,5,http://localhost:34543/?token=518473935&user=-1355219268&config=2,746,0,0
1780593420954,728,Config #2 request,200,OK,Config #2 users 2-5,text,false,"The operation lasted too long: It took 728 milliseconds, but should not have lasted longer than 450 milliseconds.",231,0,5,5,http://localhost:34543/?token=518473935&user=-1355219268&config=2,728,0,0
1780593421347,740,Config #2 request,200,OK,Config #2 users 2-4,text,false,"The operation lasted too long: It took 740 milliseconds, but should not have lasted longer than 450 milliseconds.",231,0,5,5,http://localhost:34543/?token=518473935&user=-1355219268&config=2,740,0,0
1780593421751,743,Config #2 request,200,OK,Config #2 users 2-3,text,false,"The operation lasted too long: It took 743 milliseconds, but should not have lasted longer than 450 milliseconds.",231,0,5,5,http://localhost:34543/?token=518473935&user=-1355219268&config=2,743,0,0
1780593422152,751,Config #2 request,200,OK,Config #2 users 2-2,text,false,"The operation lasted too long: It took 751 milliseconds, but should not have lasted longer than 450 milliseconds.",231,0,5,5,http://localhost:34543/?token=518473935&user=-1355219268&config=2,751,0,0
1780593422547,741,Config #2 request,200,OK,Config #2 users 2-1,text,false,"The operation lasted too long: It took 741 milliseconds, but should not have lasted longer than 450 milliseconds.",231,0,5,5,http://localhost:34543/?token=518473935&user=-1355219268&config=2,741,0,0
1780593423952,737,Config #2 request,200,OK,Config #2 users 2-5,text,false,"The operation lasted too long: It took 737 milliseconds, but should not have lasted longer than 450 milliseconds.",231,0,5,5,http://localhost:34543/?token=518473935&user=-1355219268&config=2,737,0,0
1780593424346,737,Config #2 request,200,OK,Config #2 users 2-4,text,false,"The operation lasted too long: It took 737 milliseconds, but should not have lasted longer than 450 milliseconds.",231,0,5,5,http://localhost:34543/?token=518473935&user=-1355219268&config=2,737,0,0
1780593424753,741,Config #2 request,200,OK,Config #2 users 2-3,text,false,"The operation lasted too long: It took 741 milliseconds, but should not have lasted longer than 450 milliseconds.",231,0,5,5,http://localhost:34543/?token=518473935&user=-1355219268&config=2,741,0,0
1780593425152,742,Config #2 request,200,OK,Config #2 users 2-2,text,false,"The operation lasted too long: It took 742 milliseconds, but should not have lasted longer than 450 milliseconds.",231,0,5,5,http://localhost:34543/?token=518473935&user=-1355219268&config=2,742,0,0
1780593425548,751,Config #2 request,200,OK,Config #2 users 2-1,text,false,"The operation lasted too long: It took 751 milliseconds, but should not have lasted longer than 450 milliseconds.",231,0,5,5,http://localhost:34543/?token=518473935&user=-1355219268&config=2,751,0,0
1780593426953,745,Config #2 request,200,OK,Config #2 users 2-5,text,false,"The operation lasted too long: It took 745 milliseconds, but should not have lasted longer than 450 milliseconds.",231,0,5,5,http://localhost:34543/?token=518473935&user=-1355219268&config=2,745,0,0
1780593427348,736,Config #2 request,200,OK,Config #2 users 2-4,text,false,"The operation lasted too long: It took 736 milliseconds, but should not have lasted longer than 450 milliseconds.",231,0,5,5,http://localhost:34543/?token=518473935&user=-1355219268&config=2,736,0,0
1780593427754,741,Config #2 request,200,OK,Config #2 users 2-3,text,false,"The operation lasted too long: It took 741 milliseconds, but should not have lasted longer than 450 milliseconds.",231,0,5,5,http://localhost:34543/?token=518473935&user=-1355219268&config=2,741,0,0
1780593428152,750,Config #2 request,200,OK,Config #2 users 2-2,text,false,"The operation lasted too long: It took 750 milliseconds, but should not have lasted longer than 450 milliseconds.",231,0,5,5,http://localhost:34543/?token=518473935&user=-1355219268&config=2,750,0,0
1780593428549,741,Config #2 request,200,OK,Config #2 users 2-1,text,false,"The operation lasted too long: It took 741 milliseconds, but should not have lasted longer than 450 milliseconds.",231,0,5,5,http://localhost:34543/?token=518473935&user=-1355219268&config=2,741,0,0
1780593429953,732,Config #2 request,200,OK,Config #2 users 2-5,text,false,"The operation lasted too long: It took 732 milliseconds, but should not have lasted longer than 450 milliseconds.",231,0,5,5,http://localhost:34543/?token=518473935&user=-1355219268&config=2,732,0,0
1780593430347,739,Config #2 request,200,OK,Config #2 users 2-4,text,false,"The operation lasted too long: It took 739 milliseconds, but should not have lasted longer than 450 milliseconds.",231,0,5,5,http://localhost:34543/?token=518473935&user=-1355219268&config=2,739,0,0
1780593430753,741,Config #2 request,200,OK,Config #2 users 2-3,text,false,"The operation lasted too long: It took 741 milliseconds, but should not have lasted longer than 450 milliseconds.",231,0,5,5,http://localhost:34543/?token=518473935&user=-1355219268&config=2,741,0,0
1780593431153,748,Config #2 request,200,OK,Config #2 users 2-2,text,false,"The operation lasted too long: It took 748 milliseconds, but should not have lasted longer than 450 milliseconds.",231,0,5,5,http://localhost:34543/?token=518473935&user=-1355219268&config=2,748,0,0
1780593431545,742,Config #2 request,200,OK,Config #2 users 2-1,text,false,"The operation lasted too long: It took 742 milliseconds, but should not have lasted longer than 450 milliseconds.",231,0,5,5,http://localhost:34543/?token=518473935&user=-1355219268&config=2,742,0,0
1780593432954,728,Config #2 request,200,OK,Config #2 users 2-5,text,false,"The operation lasted too long: It took 728 milliseconds, but should not have lasted longer than 450 milliseconds.",231,0,5,5,http://localhost:34543/?token=518473935&user=-1355219268&config=2,728,0,0
1780593433348,742,Config #2 request,200,OK,Config #2 users 2-4,text,false,"The operation lasted too long: It took 742 milliseconds, but should not have lasted longer than 450 milliseconds.",231,0,5,5,http://localhost:34543/?token=518473935&user=-1355219268&config=2,742,0,0
1780593433753,742,Config #2 request,200,OK,Config #2 users 2-3,text,false,"The operation lasted too long: It took 742 milliseconds, but should not have lasted longer than 450 milliseconds.",231,0,5,5,http://localhost:34543/?token=518473935&user=-1355219268&config=2,742,0,0
1780593434154,748,Config #2 request,200,OK,Config #2 users 2-2,text,false,"The operation lasted too long: It took 748 milliseconds, but should not have lasted longer than 450 milliseconds.",231,0,5,5,http://localhost:34543/?token=518473935&user=-1355219268&config=2,748,0,0
1780593434549,747,Config #2 request,200,OK,Config #2 users 2-1,text,false,"The operation lasted too long: It took 747 milliseconds, but should not have lasted longer than 450 milliseconds.",231,0,5,5,http://localhost:34543/?token=518473935&user=-1355219268&config=2,747,0,0
1780593435953,736,Config #2 request,200,OK,Config #2 users 2-5,text,false,"The operation lasted too long: It took 736 milliseconds, but should not have lasted longer than 450 milliseconds.",231,0,5,5,http://localhost:34543/?token=518473935&user=-1355219268&config=2,736,0,0
1780593436342,752,Config #2 request,200,OK,Config #2 users 2-4,text,false,"The operation lasted too long: It took 752 milliseconds, but should not have lasted longer than 450 milliseconds.",231,0,5,5,http://localhost:34543/?token=518473935&user=-1355219268&config=2,752,0,0
1780593436753,747,Config #2 request,200,OK,Config #2 users 2-3,text,false,"The operation lasted too long: It took 747 milliseconds, but should not have lasted longer than 450 milliseconds.",231,0,5,5,http://localhost:34543/?token=518473935&user=-1355219268&config=2,747,0,0
1780593437152,745,Config #2 request,200,OK,Config #2 users 2-2,text,false,"The operation lasted too long: It took 745 milliseconds, but should not have lasted longer than 450 milliseconds.",231,0,5,5,http://localhost:34543/?token=518473935&user=-1355219268&config=2,745,0,0
1780593437548,752,Config #2 request,200,OK,Config #2 users 2-1,text,false,"The operation lasted too long: It took 752 milliseconds, but should not have lasted longer than 450 milliseconds.",231,0,5,5,http://localhost:34543/?token=518473935&user=-1355219268&config=2,752,0,0
1780593438953,728,Config #2 request,200,OK,Config #2 users 2-5,text,false,"The operation lasted too long: It took 728 milliseconds, but should not have lasted longer than 450 milliseconds.",231,0,5,5,http://localhost:34543/?token=518473935&user=-1355219268&config=2,728,0,0
1780593439348,742,Config #2 request,200,OK,Config #2 users 2-4,text,false,"The operation lasted too long: It took 742 milliseconds, but should not have lasted longer than 450 milliseconds.",231,0,5,5,http://localhost:34543/?token=518473935&user=-1355219268&config=2,742,0,0
1780593439753,739,Config #2 request,200,OK,Config #2 users 2-3,text,false,"The operation lasted too long: It took 739 milliseconds, but should not have lasted longer than 450 milliseconds.",231,0,5,5,http://localhost:34543/?token=518473935&user=-1355219268&config=2,739,0,0
1780593440149,751,Config #2 request,200,OK,Config #2 users 2-2,text,false,"The operation lasted too long: It took 751 milliseconds, but should not have lasted longer than 450 milliseconds.",231,0,5,5,http://localhost:34543/?token=518473935&user=-1355219268&config=2,751,0,0
1780593440548,738,Config #2 request,200,OK,Config #2 users 2-1,text,false,"The operation lasted too long: It took 738 milliseconds, but should not have lasted longer than 450 milliseconds.",231,0,5,5,http://localhost:34543/?token=518473935&user=-1355219268&config=2,738,0,0
1780593441953,743,Config #2 request,200,OK,Config #2 users 2-5,text,false,"The operation lasted too long: It took 743 milliseconds, but should not have lasted longer than 450 milliseconds.",231,0,5,5,http://localhost:34543/?token=518473935&user=-1355219268&config=2,742,0,0
1780593442347,742,Config #2 request,200,OK,Config #2 users 2-4,text,false,"The operation lasted too long: It took 742 milliseconds, but should not have lasted longer than 450 milliseconds.",231,0,5,5,http://localhost:34543/?token=518473935&user=-1355219268&config=2,742,0,0
1780593442753,752,Config #2 request,200,OK,Config #2 users 2-3,text,false,"The operation lasted too long: It took 752 milliseconds, but should not have lasted longer than 450 milliseconds.",231,0,5,5,http://localhost:34543/?token=518473935&user=-1355219268&config=2,752,0,0
1780593443152,737,Config #2 request,200,OK,Config #2 users 2-2,text,false,"The operation lasted too long: It took 737 milliseconds, but should not have lasted longer than 450 milliseconds.",231,0,5,5,http://localhost:34543/?token=518473935&user=-1355219268&config=2,737,0,0
1780593443548,753,Config #2 request,200,OK,Config #2 users 2-1,text,false,"The operation lasted too long: It took 753 milliseconds, but should not have lasted longer than 450 milliseconds.",231,0,5,5,http://localhost:34543/?token=518473935&user=-1355219268&config=2,753,0,0
1780593444952,728,Config #2 request,200,OK,Config #2 users 2-5,text,false,"The operation lasted too long: It took 728 milliseconds, but should not have lasted longer than 450 milliseconds.",231,0,5,5,http://localhost:34543/?token=518473935&user=-1355219268&config=2,728,0,0
1780593445348,746,Config #2 request,200,OK,Config #2 users 2-4,text,false,"The operation lasted too long: It took 746 milliseconds, but should not have lasted longer than 450 milliseconds.",231,0,5,5,http://localhost:34543/?token=518473935&user=-1355219268&config=2,746,0,0
1780593445753,741,Config #2 request,200,OK,Config #2 users 2-3,text,false,"The operation lasted too long: It took 741 milliseconds, but should not have lasted longer than 450 milliseconds.",231,0,5,5,http://localhost:34543/?token=518473935&user=-1355219268&config=2,741,0,0
1780593446150,741,Config #2 request,200,OK,Config #2 users 2-2,text,false,"The operation lasted too long: It took 741 milliseconds, but should not have lasted longer than 450 milliseconds.",231,0,5,5,http://localhost:34543/?token=518473935&user=-1355219268&config=2,741,0,0
1780593446548,746,Config #2 request,200,OK,Config #2 users 2-1,text,false,"The operation lasted too long: It took 746 milliseconds, but should not have lasted longer than 450 milliseconds.",231,0,5,5,http://localhost:34543/?token=518473935&user=-1355219268&config=2,746,0,0
1780593447952,745,Config #2 request,200,OK,Config #2 users 2-5,text,false,"The operation lasted too long: It took 745 milliseconds, but should not have lasted longer than 450 milliseconds.",231,0,5,5,http://localhost:34543/?token=518473935&user=-1355219268&config=2,745,0,0
1780593448347,729,Config #2 request,200,OK,Config #2 users 2-4,text,false,"The operation lasted too long: It took 729 milliseconds, but should not have lasted longer than 450 milliseconds.",231,0,5,5,http://localhost:34543/?token=518473935&user=-1355219268&config=2,729,0,0
1780593448753,743,Config #2 request,200,OK,Config #2 users 2-3,text,false,"The operation lasted too long: It took 743 milliseconds, but should not have lasted longer than 450 milliseconds.",231,0,5,5,http://localhost:34543/?token=518473935&user=-1355219268&config=2,743,0,0
1780593449148,783,Config #2 request,200,OK,Config #2 users 2-2,text,false,"The operation lasted too long: It took 783 milliseconds, but should not have lasted longer than 450 milliseconds.",231,0,5,5,http://localhost:34543/?token=518473935&user=-1355219268&config=2,783,0,0
1780593449548,744,Config #2 request,200,OK,Config #2 users 2-1,text,false,"The operation lasted too long: It took 744 milliseconds, but should not have lasted longer than 450 milliseconds.",231,0,5,5,http://localhost:34543/?token=518473935&user=-1355219268&config=2,744,0,0
1780593450952,729,Config #2 request,200,OK,Config #2 users 2-5,text,false,"The operation lasted too long: It took 729 milliseconds, but should not have lasted longer than 450 milliseconds.",231,0,5,5,http://localhost:34543/?token=518473935&user=-1355219268&config=2,729,0,0
1780593451347,738,Config #2 request,200,OK,Config #2 users 2-4,text,false,"The operation lasted too long: It took 738 milliseconds, but should not have lasted longer than 450 milliseconds.",231,0,5,5,http://localhost:34543/?token=518473935&user=-1355219268&config=2,738,0,0
1780593451754,751,Config #2 request,200,OK,Config #2 users 2-3,text,false,"The operation lasted too long: It took 751 milliseconds, but should not have lasted longer than 450 milliseconds.",231,0,5,5,http://localhost:34543/?token=518473935&user=-1355219268&config=2,751,0,0
1780593452153,735,Config #2 request,200,OK,Config #2 users 2-2,text,false,"The operation lasted too long: It took 735 milliseconds, but should not have lasted longer than 450 milliseconds.",231,0,5,5,http://localhost:34543/?token=518473935&user=-1355219268&config=2,735,0,0
1780593452545,735,Config #2 request,200,OK,Config #2 users 2-1,text,false,"The operation lasted too long: It took 735 milliseconds, but should not have lasted longer than 450 milliseconds.",231,0,5,5,http://localhost:34543/?token=518473935&user=-1355219268&config=2,735,0,0
1780593453950,735,Config #2 request,200,OK,Config #2 users 2-5,text,false,"The operation lasted too long: It took 735 milliseconds, but should not have lasted longer than 450 milliseconds.",231,0,5,5,http://localhost:34543/?token=518473935&user=-1355219268&config=2,735,0,0
1780593454347,741,Config #2 request,200,OK,Config #2 users 2-4,text,false,"The operation lasted too long: It took 741 milliseconds, but should not have lasted longer than 450 milliseconds.",231,0,5,5,http://localhost:34543/?token=518473935&user=-1355219268&config=2,741,0,0
1780593454753,734,Config #2 request,200,OK,Config #2 users 2-3,text,false,"The operation lasted too long: It took 734 milliseconds, but should not have lasted longer than 450 milliseconds.",231,0,5,5,http://localhost:34543/?token=518473935&user=-1355219268&config=2,734,0,0
1780593455151,735,Config #2 request,200,OK,Config #2 users 2-2,text,false,"The operation lasted too long: It took 735 milliseconds, but should not have lasted longer than 450 milliseconds.",231,0,5,5,http://localhost:34543/?token=518473935&user=-1355219268&config=2,735,0,0
1780593455549,731,Config #2 request,200,OK,Config #2 users 2-1,text,false,"The operation lasted too long: It took 731 milliseconds, but should not have lasted longer than 450 milliseconds.",231,0,5,5,http://localhost:34543/?token=518473935&user=-1355219268&config=2,731,0,0
1780593456952,741,Config #2 request,200,OK,Config #2 users 2-5,text,false,"The operation lasted too long: It took 741 milliseconds, but should not have lasted longer than 450 milliseconds.",231,0,5,5,http://localhost:34543/?token=518473935&user=-1355219268&config=2,741,0,0
1780593457347,742,Config #2 request,200,OK,Config #2 users 2-4,text,false,"The operation lasted too long: It took 742 milliseconds, but should not have lasted longer than 450 milliseconds.",231,0,5,5,http://localhost:34543/?token=518473935&user=-1355219268&config=2,742,0,0
1780593457752,742,Config #2 request,200,OK,Config #2 users 2-3,text,false,"The operation lasted too long: It took 742 milliseconds, but should not have lasted longer than 450 milliseconds.",231,0,5,5,http://localhost:34543/?token=518473935&user=-1355219268&config=2,742,0,0
1780593458152,740,Config #2 request,200,OK,Config #2 users 2-2,text,false,"The operation lasted too long: It took 740 milliseconds, but should not have lasted longer than 450 milliseconds.",231,0,5,5,http://localhost:34543/?token=518473935&user=-1355219268&config=2,740,0,0
1780593458548,743,Config #2 request,200,OK,Config #2 users 2-1,text,false,"The operation lasted too long: It took 743 milliseconds, but should not have lasted longer than 450 milliseconds.",231,0,5,5,http://localhost:34543/?token=518473935&user=-1355219268&config=2,743,0,0
1780593459952,748,Config #2 request,200,OK,Config #2 users 2-5,text,false,"The operation lasted too long: It took 748 milliseconds, but should not have lasted longer than 450 milliseconds.",231,0,5,5,http://localhost:34543/?token=518473935&user=-1355219268&config=2,748,0,0
1780593460347,729,Config #2 request,200,OK,Config #2 users 2-4,text,false,"The operation lasted too long: It took 729 milliseconds, but should not have lasted longer than 450 milliseconds.",231,0,5,5,http://localhost:34543/?token=518473935&user=-1355219268&config=2,729,0,0
1780593460753,746,Config #2 request,200,OK,Config #2 users 2-3,text,false,"The operation lasted too long: It took 746 milliseconds, but should not have lasted longer than 450 milliseconds.",231,0,5,5,http://localhost:34543/?token=518473935&user=-1355219268&config=2,746,0,0
1780593461153,744,Config #2 request,200,OK,Config #2 users 2-2,text,false,"The operation lasted too long: It took 744 milliseconds, but should not have lasted longer than 450 milliseconds.",231,0,5,5,http://localhost:34543/?token=518473935&user=-1355219268&config=2,744,0,0
1780593461548,745,Config #2 request,200,OK,Config #2 users 2-1,text,false,"The operation lasted too long: It took 745 milliseconds, but should not have lasted longer than 450 milliseconds.",231,0,5,5,http://localhost:34543/?token=518473935&user=-1355219268&config=2,745,0,0
1780593462948,741,Config #2 request,200,OK,Config #2 users 2-5,text,false,"The operation lasted too long: It took 741 milliseconds, but should not have lasted longer than 450 milliseconds.",231,0,5,5,http://localhost:34543/?token=518473935&user=-1355219268&config=2,741,0,0
1780593463343,745,Config #2 request,200,OK,Config #2 users 2-4,text,false,"The operation lasted too long: It took 745 milliseconds, but should not have lasted longer than 450 milliseconds.",231,0,5,5,http://localhost:34543/?token=518473935&user=-1355219268&config=2,745,0,0
1780593463754,733,Config #2 request,200,OK,Config #2 users 2-3,text,false,"The operation lasted too long: It took 733 milliseconds, but should not have lasted longer than 450 milliseconds.",231,0,5,5,http://localhost:34543/?token=518473935&user=-1355219268&config=2,733,0,0
1780593464153,751,Config #2 request,200,OK,Config #2 users 2-2,text,false,"The operation lasted too long: It took 751 milliseconds, but should not have lasted longer than 450 milliseconds.",231,0,5,5,http://localhost:34543/?token=518473935&user=-1355219268&config=2,751,0,0
1780593464549,742,Config #2 request,200,OK,Config #2 users 2-1,text,false,"The operation lasted too long: It took 742 milliseconds, but should not have lasted longer than 450 milliseconds.",231,0,5,5,http://localhost:34543/?token=518473935&user=-1355219268&config=2,742,0,0
1780593465951,728,Config #2 request,200,OK,Config #2 users 2-5,text,false,"The operation lasted too long: It took 728 milliseconds, but should not have lasted longer than 450 milliseconds.",231,0,4,4,http://localhost:34543/?token=518473935&user=-1355219268&config=2,728,0,0
1780593466345,733,Config #2 request,200,OK,Config #2 users 2-4,text,false,"The operation lasted too long: It took 733 milliseconds, but should not have lasted longer than 450 milliseconds.",231,0,4,4,http://localhost:34543/?token=518473935&user=-1355219268&config=2,733,0,0
1780593466752,750,Config #2 request,200,OK,Config #2 users 2-3,text,false,"The operation lasted too long: It took 750 milliseconds, but should not have lasted longer than 450 milliseconds.",231,0,4,4,http://localhost:34543/?token=518473935&user=-1355219268&config=2,750,0,0
1780593467152,734,Config #2 request,200,OK,Config #2 users 2-2,text,false,"The operation lasted too long: It took 734 milliseconds, but should not have lasted longer than 450 milliseconds.",231,0,4,4,http://localhost:34543/?token=518473935&user=-1355219268&config=2,734,0,0
1780593468955,727,Config #2 request,200,OK,Config #2 users 2-5,text,false,"The operation lasted too long: It took 727 milliseconds, but should not have lasted longer than 450 milliseconds.",231,0,3,3,http://localhost:34543/?token=518473935&user=-1355219268&config=2,727,0,0
1780593469350,736,Config #2 request,200,OK,Config #2 users 2-4,text,false,"The operation lasted too long: It took 736 milliseconds, but should not have lasted longer than 450 milliseconds.",231,0,3,3,http://localhost:34543/?token=518473935&user=-1355219268&config=2,736,0,0
1780593469753,741,Config #2 request,200,OK,Config #2 users 2-3,text,false,"The operation lasted too long: It took 741 milliseconds, but should not have lasted longer than 450 milliseconds.",231,0,3,3,http://localhost:34543/?token=518473935&user=-1355219268&config=2,741,0,0
1780593471951,727,Config #2 request,200,OK,Config #2 users 2-5,text,false,"The operation lasted too long: It took 727 milliseconds, but should not have lasted longer than 450 milliseconds.",231,0,2,2,http://localhost:34543/?token=518473935&user=-1355219268&config=2,727,0,0
1780593472347,732,Config #2 request,200,OK,Config #2 users 2-4,text,false,"The operation lasted too long: It took 732 milliseconds, but should not have lasted longer than 450 milliseconds.",231,0,2,2,http://localhost:34543/?token=518473935&user=-1355219268&config=2,732,0,0
1780593474955,725,Config #2 request,200,OK,Config #2 users 2-5,text,false,"The operation lasted too long: It took 725 milliseconds, but should not have lasted longer than 450 milliseconds.",231,0,1,1,http://localhost:34543/?token=518473935&user=-1355219268&config=2,725,0,0
1780593475681,345,Config #3 request,200,OK,Config #3 users 3-1,text,true,,231,0,1,1,http://localhost:34543/?token=518473935&user=-1355219268&config=3,345,0,0
1780593478283,323,Config #3 request,200,OK,Config #3 users 3-2,text,true,,231,0,2,2,http://localhost:34543/?token=518473935&user=-1355219268&config=3,323,0,0
1780593478679,334,Config #3 request,200,OK,Config #3 users 3-1,text,true,,231,0,2,2,http://localhost:34543/?token=518473935&user=-1355219268&config=3,334,0,0
1780593480886,339,Config #3 request,200,OK,Config #3 users 3-3,text,true,,231,0,3,3,http://localhost:34543/?token=518473935&user=-1355219268&config=3,339,0,0
1780593481286,343,Config #3 request,200,OK,Config #3 users 3-2,text,true,,231,0,3,3,http://localhost:34543/?token=518473935&user=-1355219268&config=3,343,0,0
1780593481681,331,Config #3 request,200,OK,Config #3 users 3-1,text,true,,231,0,3,3,http://localhost:34543/?token=518473935&user=-1355219268&config=3,331,0,0
1780593483478,322,Config #3 request,200,OK,Config #3 users 3-4,text,true,,231,0,4,4,http://localhost:34543/?token=518473935&user=-1355219268&config=3,322,0,0
1780593483888,331,Config #3 request,200,OK,Config #3 users 3-3,text,true,,231,0,4,4,http://localhost:34543/?token=518473935&user=-1355219268&config=3,331,0,0
1780593484287,375,Config #3 request,200,OK,Config #3 users 3-2,text,true,,231,0,4,4,http://localhost:34543/?token=518473935&user=-1355219268&config=3,375,0,0
1780593484680,339,Config #3 request,200,OK,Config #3 users 3-1,text,true,,231,0,4,4,http://localhost:34543/?token=518473935&user=-1355219268&config=3,339,0,0
1780593486084,337,Config #3 request,200,OK,Config #3 users 3-5,text,true,,231,0,5,5,http://localhost:34543/?token=518473935&user=-1355219268&config=3,337,0,0
1780593486481,332,Config #3 request,200,OK,Config #3 users 3-4,text,true,,231,0,5,5,http://localhost:34543/?token=518473935&user=-1355219268&config=3,332,0,0
1780593486887,326,Config #3 request,200,OK,Config #3 users 3-3,text,true,,231,0,5,5,http://localhost:34543/?token=518473935&user=-1355219268&config=3,326,0,0
1780593487286,342,Config #3 request,200,OK,Config #3 users 3-2,text,true,,231,0,5,5,http://localhost:34543/?token=518473935&user=-1355219268&config=3,342,0,0
1780593487682,342,Config #3 request,200,OK,Config #3 users 3-1,text,true,,231,0,5,5,http://localhost:34543/?token=518473935&user=-1355219268&config=3,342,0,0
1780593489086,339,Config #3 request,200,OK,Config #3 users 3-5,text,true,,231,0,5,5,http://localhost:34543/?token=518473935&user=-1355219268&config=3,339,0,0
1780593489482,341,Config #3 request,200,OK,Config #3 users 3-4,text,true,,231,0,5,5,http://localhost:34543/?token=518473935&user=-1355219268&config=3,341,0,0
1780593489888,338,Config #3 request,200,OK,Config #3 users 3-3,text,true,,231,0,5,5,http://localhost:34543/?token=518473935&user=-1355219268&config=3,338,0,0
1780593490288,336,Config #3 request,200,OK,Config #3 users 3-2,text,true,,231,0,5,5,http://localhost:34543/?token=518473935&user=-1355219268&config=3,336,0,0
1780593490683,344,Config #3 request,200,OK,Config #3 users 3-1,text,true,,231,0,5,5,http://localhost:34543/?token=518473935&user=-1355219268&config=3,344,0,0
1780593492085,339,Config #3 request,200,OK,Config #3 users 3-5,text,true,,231,0,5,5,http://localhost:34543/?token=518473935&user=-1355219268&config=3,339,0,0
1780593492482,342,Config #3 request,200,OK,Config #3 users 3-4,text,true,,231,0,5,5,http://localhost:34543/?token=518473935&user=-1355219268&config=3,342,0,0
1780593492887,340,Config #3 request,200,OK,Config #3 users 3-3,text,true,,231,0,5,5,http://localhost:34543/?token=518473935&user=-1355219268&config=3,340,0,0
1780593493287,341,Config #3 request,200,OK,Config #3 users 3-2,text,true,,231,0,5,5,http://localhost:34543/?token=518473935&user=-1355219268&config=3,341,0,0
1780593493682,343,Config #3 request,200,OK,Config #3 users 3-1,text,true,,231,0,5,5,http://localhost:34543/?token=518473935&user=-1355219268&config=3,343,0,0
1780593495083,328,Config #3 request,200,OK,Config #3 users 3-5,text,true,,231,0,5,5,http://localhost:34543/?token=518473935&user=-1355219268&config=3,328,0,0
1780593495483,334,Config #3 request,200,OK,Config #3 users 3-4,text,true,,231,0,5,5,http://localhost:34543/?token=518473935&user=-1355219268&config=3,334,0,0
1780593495884,345,Config #3 request,200,OK,Config #3 users 3-3,text,true,,231,0,5,5,http://localhost:34543/?token=518473935&user=-1355219268&config=3,345,0,0
1780593496285,342,Config #3 request,200,OK,Config #3 users 3-2,text,true,,231,0,5,5,http://localhost:34543/?token=518473935&user=-1355219268&config=3,342,0,0
1780593496679,347,Config #3 request,200,OK,Config #3 users 3-1,text,true,,231,0,5,5,http://localhost:34543/?token=518473935&user=-1355219268&config=3,347,0,0
1780593498084,340,Config #3 request,200,OK,Config #3 users 3-5,text,true,,231,0,5,5,http://localhost:34543/?token=518473935&user=-1355219268&config=3,340,0,0
1780593498477,350,Config #3 request,200,OK,Config #3 users 3-4,text,true,,231,0,5,5,http://localhost:34543/?token=518473935&user=-1355219268&config=3,350,0,0
1780593498888,340,Config #3 request,200,OK,Config #3 users 3-3,text,true,,231,0,5,5,http://localhost:34543/?token=518473935&user=-1355219268&config=3,340,0,0
1780593499287,337,Config #3 request,200,OK,Config #3 users 3-2,text,true,,231,0,5,5,http://localhost:34543/?token=518473935&user=-1355219268&config=3,337,0,0
1780593499682,342,Config #3 request,200,OK,Config #3 users 3-1,text,true,,231,0,5,5,http://localhost:34543/?token=518473935&user=-1355219268&config=3,342,0,0
1780593501086,348,Config #3 request,200,OK,Config #3 users 3-5,text,true,,231,0,5,5,http://localhost:34543/?token=518473935&user=-1355219268&config=3,348,0,0
1780593501482,349,Config #3 request,200,OK,Config #3 users 3-4,text,true,,231,0,5,5,http://localhost:34543/?token=518473935&user=-1355219268&config=3,349,0,0
1780593501884,351,Config #3 request,200,OK,Config #3 users 3-3,text,true,,231,0,5,5,http://localhost:34543/?token=518473935&user=-1355219268&config=3,351,0,0
1780593502287,344,Config #3 request,200,OK,Config #3 users 3-2,text,true,,231,0,5,5,http://localhost:34543/?token=518473935&user=-1355219268&config=3,344,0,0
1780593502682,330,Config #3 request,200,OK,Config #3 users 3-1,text,true,,231,0,5,5,http://localhost:34543/?token=518473935&user=-1355219268&config=3,330,0,0
1780593504086,345,Config #3 request,200,OK,Config #3 users 3-5,text,true,,231,0,5,5,http://localhost:34543/?token=518473935&user=-1355219268&config=3,345,0,0
1780593504482,340,Config #3 request,200,OK,Config #3 users 3-4,text,true,,231,0,5,5,http://localhost:34543/?token=518473935&user=-1355219268&config=3,340,0,0
1780593504887,350,Config #3 request,200,OK,Config #3 users 3-3,text,true,,231,0,5,5,http://localhost:34543/?token=518473935&user=-1355219268&config=3,350,0,0
1780593505287,345,Config #3 request,200,OK,Config #3 users 3-2,text,true,,231,0,5,5,http://localhost:34543/?token=518473935&user=-1355219268&config=3,345,0,0
1780593505682,348,Config #3 request,200,OK,Config #3 users 3-1,text,true,,231,0,5,5,http://localhost:34543/?token=518473935&user=-1355219268&config=3,348,0,0
1780593507085,342,Config #3 request,200,OK,Config #3 users 3-5,text,true,,231,0,5,5,http://localhost:34543/?token=518473935&user=-1355219268&config=3,342,0,0
1780593507481,345,Config #3 request,200,OK,Config #3 users 3-4,text,true,,231,0,5,5,http://localhost:34543/?token=518473935&user=-1355219268&config=3,345,0,0
1780593507888,342,Config #3 request,200,OK,Config #3 users 3-3,text,true,,231,0,5,5,http://localhost:34543/?token=518473935&user=-1355219268&config=3,342,0,0
1780593508285,346,Config #3 request,200,OK,Config #3 users 3-2,text,true,,231,0,5,5,http://localhost:34543/?token=518473935&user=-1355219268&config=3,346,0,0
1780593508681,350,Config #3 request,200,OK,Config #3 users 3-1,text,true,,231,0,5,5,http://localhost:34543/?token=518473935&user=-1355219268&config=3,350,0,0
1780593510086,334,Config #3 request,200,OK,Config #3 users 3-5,text,true,,231,0,5,5,http://localhost:34543/?token=518473935&user=-1355219268&config=3,334,0,0
1780593510481,339,Config #3 request,200,OK,Config #3 users 3-4,text,true,,231,0,5,5,http://localhost:34543/?token=518473935&user=-1355219268&config=3,339,0,0
1780593510887,346,Config #3 request,200,OK,Config #3 users 3-3,text,true,,231,0,5,5,http://localhost:34543/?token=518473935&user=-1355219268&config=3,346,0,0
1780593511287,348,Config #3 request,200,OK,Config #3 users 3-2,text,true,,231,0,5,5,http://localhost:34543/?token=518473935&user=-1355219268&config=3,348,0,0
1780593511680,340,Config #3 request,200,OK,Config #3 users 3-1,text,true,,231,0,5,5,http://localhost:34543/?token=518473935&user=-1355219268&config=3,340,0,0
1780593513086,332,Config #3 request,200,OK,Config #3 users 3-5,text,true,,231,0,5,5,http://localhost:34543/?token=518473935&user=-1355219268&config=3,332,0,0
1780593513482,335,Config #3 request,200,OK,Config #3 users 3-4,text,true,,231,0,5,5,http://localhost:34543/?token=518473935&user=-1355219268&config=3,335,0,0
1780593513888,331,Config #3 request,200,OK,Config #3 users 3-3,text,true,,231,0,5,5,http://localhost:34543/?token=518473935&user=-1355219268&config=3,331,0,0
1780593514287,396,Config #3 request,200,OK,Config #3 users 3-2,text,true,,231,0,5,5,http://localhost:34543/?token=518473935&user=-1355219268&config=3,396,0,0
1780593514682,387,Config #3 request,200,OK,Config #3 users 3-1,text,true,,231,0,5,5,http://localhost:34543/?token=518473935&user=-1355219268&config=3,387,0,0
1780593516086,332,Config #3 request,200,OK,Config #3 users 3-5,text,true,,231,0,5,5,http://localhost:34543/?token=518473935&user=-1355219268&config=3,332,0,0
1780593516477,342,Config #3 request,200,OK,Config #3 users 3-4,text,true,,231,0,5,5,http://localhost:34543/?token=518473935&user=-1355219268&config=3,342,0,0
1780593516888,331,Config #3 request,200,OK,Config #3 users 3-3,text,true,,231,0,5,5,http://localhost:34543/?token=518473935&user=-1355219268&config=3,331,0,0
1780593517287,334,Config #3 request,200,OK,Config #3 users 3-2,text,true,,231,0,5,5,http://localhost:34543/?token=518473935&user=-1355219268&config=3,334,0,0
1780593517683,340,Config #3 request,200,OK,Config #3 users 3-1,text,true,,231,0,5,5,http://localhost:34543/?token=518473935&user=-1355219268&config=3,340,0,0
1780593519082,348,Config #3 request,200,OK,Config #3 users 3-5,text,true,,231,0,5,5,http://localhost:34543/?token=518473935&user=-1355219268&config=3,348,0,0
1780593519482,349,Config #3 request,200,OK,Config #3 users 3-4,text,true,,231,0,5,5,http://localhost:34543/?token=518473935&user=-1355219268&config=3,349,0,0
1780593519888,343,Config #3 request,200,OK,Config #3 users 3-3,text,true,,231,0,5,5,http://localhost:34543/?token=518473935&user=-1355219268&config=3,343,0,0
1780593520287,348,Config #3 request,200,OK,Config #3 users 3-2,text,true,,231,0,5,5,http://localhost:34543/?token=518473935&user=-1355219268&config=3,348,0,0
1780593520680,332,Config #3 request,200,OK,Config #3 users 3-1,text,true,,231,0,5,5,http://localhost:34543/?token=518473935&user=-1355219268&config=3,332,0,0
1780593522086,343,Config #3 request,200,OK,Config #3 users 3-5,text,true,,231,0,5,5,http://localhost:34543/?token=518473935&user=-1355219268&config=3,343,0,0
1780593522477,353,Config #3 request,200,OK,Config #3 users 3-4,text,true,,231,0,5,5,http://localhost:34543/?token=518473935&user=-1355219268&config=3,353,0,0
1780593522887,336,Config #3 request,200,OK,Config #3 users 3-3,text,true,,231,0,5,5,http://localhost:34543/?token=518473935&user=-1355219268&config=3,336,0,0
1780593523287,337,Config #3 request,200,OK,Config #3 users 3-2,text,true,,231,0,5,5,http://localhost:34543/?token=518473935&user=-1355219268&config=3,337,0,0
1780593523681,340,Config #3 request,200,OK,Config #3 users 3-1,text,true,,231,0,5,5,http://localhost:34543/?token=518473935&user=-1355219268&config=3,340,0,0
1780593525085,338,Config #3 request,200,OK,Config #3 users 3-5,text,true,,231,0,5,5,http://localhost:34543/?token=518473935&user=-1355219268&config=3,338,0,0
1780593525482,341,Config #3 request,200,OK,Config #3 users 3-4,text,true,,231,0,5,5,http://localhost:34543/?token=518473935&user=-1355219268&config=3,341,0,0
1780593525887,340,Config #3 request,200,OK,Config #3 users 3-3,text,true,,231,0,5,5,http://localhost:34543/?token=518473935&user=-1355219268&config=3,340,0,0
1780593526286,342,Config #3 request,200,OK,Config #3 users 3-2,text,true,,231,0,5,5,http://localhost:34543/?token=518473935&user=-1355219268&config=3,342,0,0
1780593526682,347,Config #3 request,200,OK,Config #3 users 3-1,text,true,,231,0,5,5,http://localhost:34543/?token=518473935&user=-1355219268&config=3,347,0,0
1780593528086,341,Config #3 request,200,OK,Config #3 users 3-5,text,true,,231,0,5,5,http://localhost:34543/?token=518473935&user=-1355219268&config=3,341,0,0
1780593528480,339,Config #3 request,200,OK,Config #3 users 3-4,text,true,,231,0,5,5,http://localhost:34543/?token=518473935&user=-1355219268&config=3,339,0,0
1780593528888,332,Config #3 request,200,OK,Config #3 users 3-3,text,true,,231,0,5,5,http://localhost:34543/?token=518473935&user=-1355219268&config=3,332,0,0
1780593529283,337,Config #3 request,200,OK,Config #3 users 3-2,text,true,,231,0,5,5,http://localhost:34543/?token=518473935&user=-1355219268&config=3,337,0,0
1780593529680,339,Config #3 request,200,OK,Config #3 users 3-1,text,true,,231,0,5,5,http://localhost:34543/?token=518473935&user=-1355219268&config=3,339,0,0
1780593531086,335,Config #3 request,200,OK,Config #3 users 3-5,text,true,,231,0,5,5,http://localhost:34543/?token=518473935&user=-1355219268&config=3,335,0,0
1780593531482,338,Config #3 request,200,OK,Config #3 users 3-4,text,true,,231,0,5,5,http://localhost:34543/?token=518473935&user=-1355219268&config=3,338,0,0
1780593531888,330,Config #3 request,200,OK,Config #3 users 3-3,text,true,,231,0,5,5,http://localhost:34543/?token=518473935&user=-1355219268&config=3,330,0,0
1780593532287,331,Config #3 request,200,OK,Config #3 users 3-2,text,true,,231,0,5,5,http://localhost:34543/?token=518473935&user=-1355219268&config=3,331,0,0
1780593532682,331,Config #3 request,200,OK,Config #3 users 3-1,text,true,,231,0,5,5,http://localhost:34543/?token=518473935&user=-1355219268&config=3,331,0,0
1780593534086,336,Config #3 request,200,OK,Config #3 users 3-5,text,true,,231,0,5,5,http://localhost:34543/?token=518473935&user=-1355219268&config=3,336,0,0
1780593534482,329,Config #3 request,200,OK,Config #3 users 3-4,text,true,,231,0,5,5,http://localhost:34543/?token=518473935&user=-1355219268&config=3,329,0,0
1780593534888,338,Config #3 request,200,OK,Config #3 users 3-3,text,true,,231,0,5,5,http://localhost:34543/?token=518473935&user=-1355219268&config=3,338,0,0
1780593535286,339,Config #3 request,200,OK,Config #3 users 3-2,text,true,,231,0,5,5,http://localhost:34543/?token=518473935&user=-1355219268&config=3,339,0,0
1780593535682,344,Config #3 request,200,OK,Config #3 users 3-1,text,true,,231,0,5,5,http://localhost:34543/?token=518473935&user=-1355219268&config=3,344,0,0
1780593537086,330,Config #3 request,200,OK,Config #3 users 3-5,text,true,,231,0,5,5,http://localhost:34543/?token=518473935&user=-1355219268&config=3,330,0,0
1780593537482,348,Config #3 request,200,OK,Config #3 users 3-4,text,true,,231,0,5,5,http://localhost:34543/?token=518473935&user=-1355219268&config=3,348,0,0
1780593537888,343,Config #3 request,200,OK,Config #3 users 3-3,text,true,,231,0,5,5,http://localhost:34543/?token=518473935&user=-1355219268&config=3,343,0,0
1780593538287,341,Config #3 request,200,OK,Config #3 users 3-2,text,true,,231,0,5,5,http://localhost:34543/?token=518473935&user=-1355219268&config=3,341,0,0
1780593538682,345,Config #3 request,200,OK,Config #3 users 3-1,text,true,,231,0,5,5,http://localhost:34543/?token=518473935&user=-1355219268&config=3,345,0,0
1780593540086,328,Config #3 request,200,OK,Config #3 users 3-5,text,true,,231,0,5,5,http://localhost:34543/?token=518473935&user=-1355219268&config=3,328,0,0
1780593540482,340,Config #3 request,200,OK,Config #3 users 3-4,text,true,,231,0,5,5,http://localhost:34543/?token=518473935&user=-1355219268&config=3,340,0,0
1780593540888,346,Config #3 request,200,OK,Config #3 users 3-3,text,true,,231,0,5,5,http://localhost:34543/?token=518473935&user=-1355219268&config=3,346,0,0
1780593541285,335,Config #3 request,200,OK,Config #3 users 3-2,text,true,,231,0,5,5,http://localhost:34543/?token=518473935&user=-1355219268&config=3,335,0,0
1780593541682,342,Config #3 request,200,OK,Config #3 users 3-1,text,true,,231,0,5,5,http://localhost:34543/?token=518473935&user=-1355219268&config=3,342,0,0
1780593543086,347,Config #3 request,200,OK,Config #3 users 3-5,text,true,,231,0,5,5,http://localhost:34543/?token=518473935&user=-1355219268&config=3,347,0,0
1780593543482,342,Config #3 request,200,OK,Config #3 users 3-4,text,true,,231,0,5,5,http://localhost:34543/?token=518473935&user=-1355219268&config=3,342,0,0
1780593543888,347,Config #3 request,200,OK,Config #3 users 3-3,text,true,,231,0,5,5,http://localhost:34543/?token=518473935&user=-1355219268&config=3,347,0,0
1780593544285,335,Config #3 request,200,OK,Config #3 users 3-2,text,true,,231,0,5,5,http://localhost:34543/?token=518473935&user=-1355219268&config=3,335,0,0
1780593544682,331,Config #3 request,200,OK,Config #3 users 3-1,text,true,,231,0,5,5,http://localhost:34543/?token=518473935&user=-1355219268&config=3,331,0,0
1780593546086,331,Config #3 request,200,OK,Config #3 users 3-5,text,true,,231,0,5,5,http://localhost:34543/?token=518473935&user=-1355219268&config=3,331,0,0
1780593546478,349,Config #3 request,200,OK,Config #3 users 3-4,text,true,,231,0,5,5,http://localhost:34543/?token=518473935&user=-1355219268&config=3,349,0,0
1780593546888,347,Config #3 request,200,OK,Config #3 users 3-3,text,true,,231,0,5,5,http://localhost:34543/?token=518473935&user=-1355219268&config=3,347,0,0
1780593547287,351,Config #3 request,200,OK,Config #3 users 3-2,text,true,,231,0,5,5,http://localhost:34543/?token=518473935&user=-1355219268&config=3,351,0,0
1780593547682,348,Config #3 request,200,OK,Config #3 users 3-1,text,true,,231,0,5,5,http://localhost:34543/?token=518473935&user=-1355219268&config=3,348,0,0
1780593549081,342,Config #3 request,200,OK,Config #3 users 3-5,text,true,,231,0,5,5,http://localhost:34543/?token=518473935&user=-1355219268&config=3,342,0,0
1780593549482,349,Config #3 request,200,OK,Config #3 users 3-4,text,true,,231,0,5,5,http://localhost:34543/?token=518473935&user=-1355219268&config=3,349,0,0
1780593549889,347,Config #3 request,200,OK,Config #3 users 3-3,text,true,,231,0,5,5,http://localhost:34543/?token=518473935&user=-1355219268&config=3,347,0,0
1780593550286,333,Config #3 request,200,OK,Config #3 users 3-2,text,true,,231,0,5,5,http://localhost:34543/?token=518473935&user=-1355219268&config=3,333,0,0
1780593550682,344,Config #3 request,200,OK,Config #3 users 3-1,text,true,,231,0,5,5,http://localhost:34543/?token=518473935&user=-1355219268&config=3,344,0,0
1780593552086,333,Config #3 request,200,OK,Config #3 users 3-5,text,true,,231,0,5,5,http://localhost:34543/?token=518473935&user=-1355219268&config=3,333,0,0
1780593552482,347,Config #3 request,200,OK,Config #3 users 3-4,text,true,,231,0,5,5,http://localhost:34543/?token=518473935&user=-1355219268&config=3,347,0,0
1780593552885,348,Config #3 request,200,OK,Config #3 users 3-3,text,true,,231,0,5,5,http://localhost:34543/?token=518473935&user=-1355219268&config=3,348,0,0
1780593553287,338,Config #3 request,200,OK,Config #3 users 3-2,text,true,,231,0,5,5,http://localhost:34543/?token=518473935&user=-1355219268&config=3,338,0,0
1780593553682,350,Config #3 request,200,OK,Config #3 users 3-1,text,true,,231,0,5,5,http://localhost:34543/?token=518473935&user=-1355219268&config=3,350,0,0
1780593555086,340,Config #3 request,200,OK,Config #3 users 3-5,text,true,,231,0,5,5,http://localhost:34543/?token=518473935&user=-1355219268&config=3,340,0,0
1780593555482,333,Config #3 request,200,OK,Config #3 users 3-4,text,true,,231,0,5,5,http://localhost:34543/?token=518473935&user=-1355219268&config=3,333,0,0
1780593555888,344,Config #3 request,200,OK,Config #3 users 3-3,text,true,,231,0,5,5,http://localhost:34543/?token=518473935&user=-1355219268&config=3,343,0,0
1780593556284,346,Config #3 request,200,OK,Config #3 users 3-2,text,true,,231,0,5,5,http://localhost:34543/?token=518473935&user=-1355219268&config=3,346,0,0
1780593556679,348,Config #3 request,200,OK,Config #3 users 3-1,text,true,,231,0,5,5,http://localhost:34543/?token=518473935&user=-1355219268&config=3,348,0,0
1780593558085,350,Config #3 request,200,OK,Config #3 users 3-5,text,true,,231,0,5,5,http://localhost:34543/?token=518473935&user=-1355219268&config=3,350,0,0
1780593558482,338,Config #3 request,200,OK,Config #3 users 3-4,text,true,,231,0,5,5,http://localhost:34543/?token=518473935&user=-1355219268&config=3,338,0,0
1780593558888,351,Config #3 request,200,OK,Config #3 users 3-3,text,true,,231,0,5,5,http://localhost:34543/?token=518473935&user=-1355219268&config=3,351,0,0
1780593559286,344,Config #3 request,200,OK,Config #3 users 3-2,text,true,,231,0,5,5,http://localhost:34543/?token=518473935&user=-1355219268&config=3,344,0,0
1780593559682,342,Config #3 request,200,OK,Config #3 users 3-1,text,true,,231,0,5,5,http://localhost:34543/?token=518473935&user=-1355219268&config=3,342,0,0
1780593561087,343,Config #3 request,200,OK,Config #3 users 3-5,text,true,,231,0,5,5,http://localhost:34543/?token=518473935&user=-1355219268&config=3,343,0,0
1780593561482,347,Config #3 request,200,OK,Config #3 users 3-4,text,true,,231,0,5,5,http://localhost:34543/?token=518473935&user=-1355219268&config=3,347,0,0
1780593561889,333,Config #3 request,200,OK,Config #3 users 3-3,text,true,,231,0,5,5,http://localhost:34543/?token=518473935&user=-1355219268&config=3,333,0,0
1780593562286,332,Config #3 request,200,OK,Config #3 users 3-2,text,true,,231,0,5,5,http://localhost:34543/?token=518473935&user=-1355219268&config=3,332,0,0
1780593562682,346,Config #3 request,200,OK,Config #3 users 3-1,text,true,,231,0,5,5,http://localhost:34543/?token=518473935&user=-1355219268&config=3,346,0,0
1780593564086,328,Config #3 request,200,OK,Config #3 users 3-5,text,true,,231,0,5,5,http://localhost:34543/?token=518473935&user=-1355219268&config=3,328,0,0
1780593564482,338,Config #3 request,200,OK,Config #3 users 3-4,text,true,,231,0,5,5,http://localhost:34543/?token=518473935&user=-1355219268&config=3,338,0,0
1780593564889,336,Config #3 request,200,OK,Config #3 users 3-3,text,true,,231,0,5,5,http://localhost:34543/?token=518473935&user=-1355219268&config=3,336,0,0
1780593565287,335,Config #3 request,200,OK,Config #3 users 3-2,text,true,,231,0,5,5,http://localhost:34543/?token=518473935&user=-1355219268&config=3,335,0,0
1780593565682,348,Config #3 request,200,OK,Config #3 users 3-1,text,true,,231,0,5,5,http://localhost:34543/?token=518473935&user=-1355219268&config=3,348,0,0
1780593567087,337,Config #3 request,200,OK,Config #3 users 3-5,text,true,,231,0,5,5,http://localhost:34543/?token=518473935&user=-1355219268&config=3,337,0,0
1780593567479,339,Config #3 request,200,OK,Config #3 users 3-4,text,true,,231,0,5,5,http://localhost:34543/?token=518473935&user=-1355219268&config=3,339,0,0
1780593567888,330,Config #3 request,200,OK,Config #3 users 3-3,text,true,,231,0,5,5,http://localhost:34543/?token=518473935&user=-1355219268&config=3,330,0,0
1780593568287,332,Config #3 request,200,OK,Config #3 users 3-2,text,true,,231,0,5,5,http://localhost:34543/?token=518473935&user=-1355219268&config=3,332,0,0
1780593568682,335,Config #3 request,200,OK,Config #3 users 3-1,text,true,,231,0,5,5,http://localhost:34543/?token=518473935&user=-1355219268&config=3,335,0,0
1780593570086,342,Config #3 request,200,OK,Config #3 users 3-5,text,true,,231,0,5,5,http://localhost:34543/?token=518473935&user=-1355219268&config=3,342,0,0
1780593570482,343,Config #3 request,200,OK,Config #3 users 3-4,text,true,,231,0,5,5,http://localhost:34543/?token=518473935&user=-1355219268&config=3,343,0,0
1780593570888,331,Config #3 request,200,OK,Config #3 users 3-3,text,true,,231,0,5,5,http://localhost:34543/?token=518473935&user=-1355219268&config=3,331,0,0
1780593571287,350,Config #3 request,200,OK,Config #3 users 3-2,text,true,,231,0,5,5,http://localhost:34543/?token=518473935&user=-1355219268&config=3,350,0,0
1780593571678,336,Config #3 request,200,OK,Config #3 users 3-1,text,true,,231,0,5,5,http://localhost:34543/?token=518473935&user=-1355219268&config=3,336,0,0
1780593573086,328,Config #3 request,200,OK,Config #3 users 3-5,text,true,,231,0,5,5,http://localhost:34543/?token=518473935&user=-1355219268&config=3,328,0,0
1780593573482,329,Config #3 request,200,OK,Config #3 users 3-4,text,true,,231,0,5,5,http://localhost:34543/?token=518473935&user=-1355219268&config=3,329,0,0
1780593573889,344,Config #3 request,200,OK,Config #3 users 3-3,text,true,,231,0,5,5,http://localhost:34543/?token=518473935&user=-1355219268&config=3,344,0,0
1780593574287,347,Config #3 request,200,OK,Config #3 users 3-2,text,true,,231,0,5,5,http://localhost:34543/?token=518473935&user=-1355219268&config=3,347,0,0
1780593574682,347,Config #3 request,200,OK,Config #3 users 3-1,text,true,,231,0,5,5,http://localhost:34543/?token=518473935&user=-1355219268&config=3,347,0,0
1780593576085,340,Config #3 request,200,OK,Config #3 users 3-5,text,true,,231,0,5,5,http://localhost:34543/?token=518473935&user=-1355219268&config=3,340,0,0
1780593576480,345,Config #3 request,200,OK,Config #3 users 3-4,text,true,,231,0,5,5,http://localhost:34543/?token=518473935&user=-1355219268&config=3,345,0,0
1780593576888,332,Config #3 request,200,OK,Config #3 users 3-3,text,true,,231,0,5,5,http://localhost:34543/?token=518473935&user=-1355219268&config=3,332,0,0
1780593577287,351,Config #3 request,200,OK,Config #3 users 3-2,text,true,,231,0,5,5,http://localhost:34543/?token=518473935&user=-1355219268&config=3,351,0,0
1780593577682,334,Config #3 request,200,OK,Config #3 users 3-1,text,true,,231,0,5,5,http://localhost:34543/?token=518473935&user=-1355219268&config=3,334,0,0
1780593579087,343,Config #3 request,200,OK,Config #3 users 3-5,text,true,,231,0,5,5,http://localhost:34543/?token=518473935&user=-1355219268&config=3,343,0,0
1780593579481,349,Config #3 request,200,OK,Config #3 users 3-4,text,true,,231,0,5,5,http://localhost:34543/?token=518473935&user=-1355219268&config=3,349,0,0
1780593579888,342,Config #3 request,200,OK,Config #3 users 3-3,text,true,,231,0,5,5,http://localhost:34543/?token=518473935&user=-1355219268&config=3,342,0,0
1780593580285,343,Config #3 request,200,OK,Config #3 users 3-2,text,true,,231,0,5,5,http://localhost:34543/?token=518473935&user=-1355219268&config=3,342,0,0
1780593580678,330,Config #3 request,200,OK,Config #3 users 3-1,text,true,,231,0,5,5,http://localhost:34543/?token=518473935&user=-1355219268&config=3,330,0,0
1780593582086,339,Config #3 request,200,OK,Config #3 users 3-5,text,true,,231,0,5,5,http://localhost:34543/?token=518473935&user=-1355219268&config=3,339,0,0
1780593582482,343,Config #3 request,200,OK,Config #3 users 3-4,text,true,,231,0,5,5,http://localhost:34543/?token=518473935&user=-1355219268&config=3,343,0,0
1780593582889,330,Config #3 request,200,OK,Config #3 users 3-3,text,true,,231,0,5,5,http://localhost:34543/?token=518473935&user=-1355219268&config=3,330,0,0
1780593583288,330,Config #3 request,200,OK,Config #3 users 3-2,text,true,,231,0,5,5,http://localhost:34543/?token=518473935&user=-1355219268&config=3,330,0,0
1780593583682,337,Config #3 request,200,OK,Config #3 users 3-1,text,true,,231,0,5,5,http://localhost:34543/?token=518473935&user=-1355219268&config=3,337,0,0
1780593585086,330,Config #3 request,200,OK,Config #3 users 3-5,text,true,,231,0,5,5,http://localhost:34543/?token=518473935&user=-1355219268&config=3,330,0,0
1780593585482,329,Config #3 request,200,OK,Config #3 users 3-4,text,true,,231,0,5,5,http://localhost:34543/?token=518473935&user=-1355219268&config=3,329,0,0
1780593585888,346,Config #3 request,200,OK,Config #3 users 3-3,text,true,,231,0,5,5,http://localhost:34543/?token=518473935&user=-1355219268&config=3,346,0,0
1780593586287,344,Config #3 request,200,OK,Config #3 users 3-2,text,true,,231,0,5,5,http://localhost:34543/?token=518473935&user=-1355219268&config=3,344,0,0
1780593586678,337,Config #3 request,200,OK,Config #3 users 3-1,text,true,,231,0,5,5,http://localhost:34543/?token=518473935&user=-1355219268&config=3,337,0,0
1780593588086,329,Config #3 request,200,OK,Config #3 users 3-5,text,true,,231,0,5,5,http://localhost:34543/?token=518473935&user=-1355219268&config=3,329,0,0
1780593588482,336,Config #3 request,200,OK,Config #3 users 3-4,text,true,,231,0,5,5,http://localhost:34543/?token=518473935&user=-1355219268&config=3,336,0,0
1780593588888,350,Config #3 request,200,OK,Config #3 users 3-3,text,true,,231,0,5,5,http://localhost:34543/?token=518473935&user=-1355219268&config=3,350,0,0
1780593589287,347,Config #3 request,200,OK,Config #3 users 3-2,text,true,,231,0,5,5,http://localhost:34543/?token=518473935&user=-1355219268&config=3,347,0,0
1780593589682,331,Config #3 request,200,OK,Config #3 users 3-1,text,true,,231,0,5,5,http://localhost:34543/?token=518473935&user=-1355219268&config=3,331,0,0
1780593591086,330,Config #3 request,200,OK,Config #3 users 3-5,text,true,,231,0,5,5,http://localhost:34543/?token=518473935&user=-1355219268&config=3,330,0,0
1780593591482,348,Config #3 request,200,OK,Config #3 users 3-4,text,true,,231,0,5,5,http://localhost:34543/?token=518473935&user=-1355219268&config=3,348,0,0
1780593591886,341,Config #3 request,200,OK,Config #3 users 3-3,text,true,,231,0,5,5,http://localhost:34543/?token=518473935&user=-1355219268&config=3,341,0,0
1780593592287,332,Config #3 request,200,OK,Config #3 users 3-2,text,true,,231,0,5,5,http://localhost:34543/?token=518473935&user=-1355219268&config=3,332,0,0
1780593592679,330,Config #3 request,200,OK,Config #3 users 3-1,text,true,,231,0,5,5,http://localhost:34543/?token=518473935&user=-1355219268&config=3,330,0,0
1780593594086,365,Config #3 request,200,OK,Config #3 users 3-5,text,true,,231,0,4,4,http://localhost:34543/?token=518473935&user=-1355219268&config=3,365,0,0
1780593594482,342,Config #3 request,200,OK,Config #3 users 3-4,text,true,,231,0,4,4,http://localhost:34543/?token=518473935&user=-1355219268&config=3,342,0,0
1780593594888,332,Config #3 request,200,OK,Config #3 users 3-3,text,true,,231,0,4,4,http://localhost:34543/?token=518473935&user=-1355219268&config=3,332,0,0
1780593595287,350,Config #3 request,200,OK,Config #3 users 3-2,text,true,,231,0,4,4,http://localhost:34543/?token=518473935&user=-1355219268&config=3,350,0,0
1780593597086,336,Config #3 request,200,OK,Config #3 users 3-5,text,true,,231,0,3,3,http://localhost:34543/?token=518473935&user=-1355219268&config=3,336,0,0
1780593597482,347,Config #3 request,200,OK,Config #3 users 3-4,text,true,,231,0,3,3,http://localhost:34543/?token=518473935&user=-1355219268&config=3,347,0,0
1780593597888,334,Config #3 request,200,OK,Config #3 users 3-3,text,true,,231,0,3,3,http://localhost:34543/?token=518473935&user=-1355219268&config=3,334,0,0
1780593600086,326,Config #3 request,200,OK,Config #3 users 3-5,text,true,,231,0,2,2,http://localhost:34543/?token=518473935&user=-1355219268&config=3,326,0,0
1780593600482,336,Config #3 request,200,OK,Config #3 users 3-4,text,true,,231,0,2,2,http://localhost:34543/?token=518473935&user=-1355219268&config=3,336,0,0
1780593603086,334,Config #3 request,200,OK,Config #3 users 3-5,text,true,,231,0,1,1,http://localhost:34543/?token=518473935&user=-1355219268&config=3,334,0,0
