timeStamp,elapsed,label,responseCode,responseMessage,threadName,dataType,success,failureMessage,bytes,sentBytes,grpThreads,allThreads,URL,Latency,IdleTime,Connect
1780530263001,329,Request,200,OK,Stress Testing 1-1,text,true,,231,155,5,5,http://localhost:34543/?token=518473935&user=-1355219268&config=3,329,0,2
1780530263070,325,Request,200,OK,Stress Testing 1-2,text,true,,231,155,6,6,http://localhost:34543/?token=518473935&user=-1355219268&config=3,325,0,2
1780530263135,326,Request,200,OK,Stress Testing 1-3,text,true,,231,155,8,8,http://localhost:34543/?token=518473935&user=-1355219268&config=3,326,0,2
1780530263201,326,Request,200,OK,Stress Testing 1-4,text,true,,231,155,9,9,http://localhost:34543/?token=518473935&user=-1355219268&config=3,326,0,2
1780530263266,327,Request,200,OK,Stress Testing 1-5,text,true,,231,155,10,10,http://localhost:34543/?token=518473935&user=-1355219268&config=3,327,0,2
1780530263330,310,Request,200,OK,Stress Testing 1-1,text,true,,231,155,10,10,http://localhost:34543/?token=518473935&user=-1355219268&config=3,310,0,0
1780530263331,328,Request,200,OK,Stress Testing 1-6,text,true,,231,155,11,11,http://localhost:34543/?token=518473935&user=-1355219268&config=3,328,0,3
1780530263395,311,Request,200,OK,Stress Testing 1-2,text,true,,231,155,11,11,http://localhost:34543/?token=518473935&user=-1355219268&config=3,311,0,0
1780530263396,331,Request,200,OK,Stress Testing 1-7,text,true,,231,155,12,12,http://localhost:34543/?token=518473935&user=-1355219268&config=3,331,0,3
1780530263461,313,Request,200,OK,Stress Testing 1-3,text,true,,231,155,12,12,http://localhost:34543/?token=518473935&user=-1355219268&config=3,313,0,0
1780530263461,342,Request,200,OK,Stress Testing 1-8,text,true,,231,155,13,13,http://localhost:34543/?token=518473935&user=-1355219268&config=3,342,0,3
1780530263527,314,Request,200,OK,Stress Testing 1-4,text,true,,231,155,13,13,http://localhost:34543/?token=518473935&user=-1355219268&config=3,314,0,0
1780530263526,343,Request,200,OK,Stress Testing 1-9,text,true,,231,155,14,14,http://localhost:34543/?token=518473935&user=-1355219268&config=3,343,0,2
1780530263593,316,Request,200,OK,Stress Testing 1-5,text,true,,231,155,14,14,http://localhost:34543/?token=518473935&user=-1355219268&config=3,316,0,0
1780530263591,342,Request,200,OK,Stress Testing 1-10,text,true,,231,155,15,15,http://localhost:34543/?token=518473935&user=-1355219268&config=3,342,0,3
1780530263640,317,Request,200,OK,Stress Testing 1-1,text,true,,231,155,15,15,http://localhost:34543/?token=518473935&user=-1355219268&config=3,317,0,0
1780530263659,339,Request,200,OK,Stress Testing 1-6,text,true,,231,155,16,16,http://localhost:34543/?token=518473935&user=-1355219268&config=3,339,0,0
1780530263656,342,Request,200,OK,Stress Testing 1-11,text,true,,231,155,16,16,http://localhost:34543/?token=518473935&user=-1355219268&config=3,342,0,3
1780530263707,318,Request,200,OK,Stress Testing 1-2,text,true,,231,155,16,16,http://localhost:34543/?token=518473935&user=-1355219268&config=3,318,0,0
1780530263727,325,Request,200,OK,Stress Testing 1-7,text,true,,231,155,17,17,http://localhost:34543/?token=518473935&user=-1355219268&config=3,325,0,0
1780530263720,344,Request,200,OK,Stress Testing 1-12,text,true,,231,155,17,17,http://localhost:34543/?token=518473935&user=-1355219268&config=3,344,0,3
1780530263774,322,Request,200,OK,Stress Testing 1-3,text,true,,231,155,17,17,http://localhost:34543/?token=518473935&user=-1355219268&config=3,322,0,0
1780530263803,324,Request,200,OK,Stress Testing 1-8,text,true,,231,155,18,18,http://localhost:34543/?token=518473935&user=-1355219268&config=3,324,0,0
1780530263785,345,Request,200,OK,Stress Testing 1-13,text,true,,231,155,18,18,http://localhost:34543/?token=518473935&user=-1355219268&config=3,345,0,3
1780530263841,323,Request,200,OK,Stress Testing 1-4,text,true,,231,155,18,18,http://localhost:34543/?token=518473935&user=-1355219268&config=3,323,0,0
1780530263869,325,Request,200,OK,Stress Testing 1-9,text,true,,231,155,19,19,http://localhost:34543/?token=518473935&user=-1355219268&config=3,325,0,0
1780530263851,347,Request,200,OK,Stress Testing 1-14,text,true,,231,155,19,19,http://localhost:34543/?token=518473935&user=-1355219268&config=3,347,0,2
1780530263909,326,Request,200,OK,Stress Testing 1-5,text,true,,231,155,19,19,http://localhost:34543/?token=518473935&user=-1355219268&config=3,326,0,0
1780530263915,351,Request,200,OK,Stress Testing 1-15,text,true,,231,155,20,20,http://localhost:34543/?token=518473935&user=-1355219268&config=3,351,0,4
1780530263933,333,Request,200,OK,Stress Testing 1-10,text,true,,231,155,20,20,http://localhost:34543/?token=518473935&user=-1355219268&config=3,333,0,0
1780530263957,333,Request,200,OK,Stress Testing 1-1,text,true,,231,155,20,20,http://localhost:34543/?token=518473935&user=-1355219268&config=3,333,0,0
1780530263998,332,Request,200,OK,Stress Testing 1-6,text,true,,231,155,21,21,http://localhost:34543/?token=518473935&user=-1355219268&config=3,332,0,0
1780530263998,332,Request,200,OK,Stress Testing 1-11,text,true,,231,155,21,21,http://localhost:34543/?token=518473935&user=-1355219268&config=3,332,0,0
1780530263980,354,Request,200,OK,Stress Testing 1-16,text,true,,231,155,21,21,http://localhost:34543/?token=518473935&user=-1355219268&config=3,354,0,3
1780530264025,331,Request,200,OK,Stress Testing 1-2,text,true,,231,155,21,21,http://localhost:34543/?token=518473935&user=-1355219268&config=3,331,0,0
1780530264052,341,Request,200,OK,Stress Testing 1-7,text,true,,231,155,22,22,http://localhost:34543/?token=518473935&user=-1355219268&config=3,341,0,0
1780530264064,334,Request,200,OK,Stress Testing 1-12,text,true,,231,155,22,22,http://localhost:34543/?token=518473935&user=-1355219268&config=3,334,0,0
1780530264044,359,Request,200,OK,Stress Testing 1-17,text,true,,231,155,22,22,http://localhost:34543/?token=518473935&user=-1355219268&config=3,359,0,4
1780530264096,336,Request,200,OK,Stress Testing 1-3,text,true,,231,155,22,22,http://localhost:34543/?token=518473935&user=-1355219268&config=3,336,0,0
1780530264127,337,Request,200,OK,Stress Testing 1-8,text,true,,231,155,23,23,http://localhost:34543/?token=518473935&user=-1355219268&config=3,337,0,0
1780530264130,338,Request,200,OK,Stress Testing 1-13,text,true,,231,155,23,23,http://localhost:34543/?token=518473935&user=-1355219268&config=3,338,0,0
1780530264107,365,Request,200,OK,Stress Testing 1-18,text,true,,231,155,23,23,http://localhost:34543/?token=518473935&user=-1355219268&config=3,365,0,4
1780530264165,338,Request,200,OK,Stress Testing 1-4,text,true,,231,155,24,24,http://localhost:34543/?token=518473935&user=-1355219268&config=3,338,0,0
1780530264172,359,Request,200,OK,Stress Testing 1-19,text,true,,231,155,24,24,http://localhost:34543/?token=518473935&user=-1355219268&config=3,359,0,3
1780530264194,340,Request,200,OK,Stress Testing 1-9,text,true,,231,155,24,24,http://localhost:34543/?token=518473935&user=-1355219268&config=3,340,0,0
1780530264198,342,Request,200,OK,Stress Testing 1-14,text,true,,231,155,24,24,http://localhost:34543/?token=518473935&user=-1355219268&config=3,342,0,0
1780530264235,348,Request,200,OK,Stress Testing 1-5,text,true,,231,155,25,25,http://localhost:34543/?token=518473935&user=-1355219268&config=3,348,0,0
1780530264267,343,Request,200,OK,Stress Testing 1-15,text,true,,231,155,25,25,http://localhost:34543/?token=518473935&user=-1355219268&config=3,343,0,0
1780530264267,347,Request,200,OK,Stress Testing 1-10,text,true,,231,155,25,25,http://localhost:34543/?token=518473935&user=-1355219268&config=3,347,0,0
1780530264240,377,Request,200,OK,Stress Testing 1-20,text,true,,231,155,25,25,http://localhost:34543/?token=518473935&user=-1355219268&config=3,377,0,3
1780530264290,358,Request,200,OK,Stress Testing 1-1,text,true,,231,155,26,26,http://localhost:34543/?token=518473935&user=-1355219268&config=3,358,0,0
1780530264305,369,Request,200,OK,Stress Testing 1-21,text,true,,231,155,26,26,http://localhost:34543/?token=518473935&user=-1355219268&config=3,369,0,2
1780530264330,349,Request,200,OK,Stress Testing 1-6,text,true,,231,155,26,26,http://localhost:34543/?token=518473935&user=-1355219268&config=3,349,0,0
1780530264331,351,Request,200,OK,Stress Testing 1-11,text,true,,231,155,26,26,http://localhost:34543/?token=518473935&user=-1355219268&config=3,351,0,0
1780530264334,353,Request,200,OK,Stress Testing 1-16,text,true,,231,155,26,26,http://localhost:34543/?token=518473935&user=-1355219268&config=3,353,0,0
1780530264357,353,Request,200,OK,Stress Testing 1-2,text,true,,231,155,27,27,http://localhost:34543/?token=518473935&user=-1355219268&config=3,353,0,0
1780530264369,372,Request,200,OK,Stress Testing 1-22,text,true,,231,155,27,27,http://localhost:34543/?token=518473935&user=-1355219268&config=3,372,0,2
1780530264393,354,Request,200,OK,Stress Testing 1-7,text,true,,231,155,27,27,http://localhost:34543/?token=518473935&user=-1355219268&config=3,354,0,0
1780530264398,354,Request,200,OK,Stress Testing 1-12,text,true,,231,155,27,27,http://localhost:34543/?token=518473935&user=-1355219268&config=3,354,0,0
1780530264403,356,Request,200,OK,Stress Testing 1-17,text,true,,231,155,27,27,http://localhost:34543/?token=518473935&user=-1355219268&config=3,356,0,0
1780530264432,357,Request,200,OK,Stress Testing 1-3,text,true,,231,155,28,28,http://localhost:34543/?token=518473935&user=-1355219268&config=3,357,0,0
1780530264433,375,Request,200,OK,Stress Testing 1-23,text,true,,231,155,28,28,http://localhost:34543/?token=518473935&user=-1355219268&config=3,375,0,2
1780530264464,359,Request,200,OK,Stress Testing 1-8,text,true,,231,155,28,28,http://localhost:34543/?token=518473935&user=-1355219268&config=3,359,0,0
1780530264468,360,Request,200,OK,Stress Testing 1-13,text,true,,231,155,29,29,http://localhost:34543/?token=518473935&user=-1355219268&config=3,360,0,0
1780530264472,372,Request,200,OK,Stress Testing 1-18,text,true,,231,155,29,29,http://localhost:34543/?token=518473935&user=-1355219268&config=3,372,0,0
1780530264503,371,Request,200,OK,Stress Testing 1-4,text,true,,231,155,29,29,http://localhost:34543/?token=518473935&user=-1355219268&config=3,371,0,0
1780530264498,382,Request,200,OK,Stress Testing 1-24,text,true,,231,155,29,29,http://localhost:34543/?token=518473935&user=-1355219268&config=3,382,0,2
1780530264531,364,Request,200,OK,Stress Testing 1-19,text,true,,231,155,30,30,http://localhost:34543/?token=518473935&user=-1355219268&config=3,364,0,0
1780530264534,373,Request,200,OK,Stress Testing 1-9,text,true,,231,155,30,30,http://localhost:34543/?token=518473935&user=-1355219268&config=3,373,0,0
1780530264540,367,Request,200,OK,Stress Testing 1-14,text,true,,231,155,30,30,http://localhost:34543/?token=518473935&user=-1355219268&config=3,367,0,0
1780530264583,368,Request,200,OK,Stress Testing 1-5,text,true,,231,155,31,31,http://localhost:34543/?token=518473935&user=-1355219268&config=3,368,0,0
1780530264565,390,Request,200,OK,Stress Testing 1-25,text,true,,231,155,31,31,http://localhost:34543/?token=518473935&user=-1355219268&config=3,390,0,3
1780530264611,369,Request,200,OK,Stress Testing 1-15,text,true,,231,155,31,31,http://localhost:34543/?token=518473935&user=-1355219268&config=3,369,0,0
1780530264614,370,Request,200,OK,Stress Testing 1-10,text,true,,231,155,31,31,http://localhost:34543/?token=518473935&user=-1355219268&config=3,370,0,0
1780530264617,371,Request,200,OK,Stress Testing 1-20,text,true,,231,155,31,31,http://localhost:34543/?token=518473935&user=-1355219268&config=3,371,0,0
1780530264649,372,Request,200,OK,Stress Testing 1-1,text,true,,231,155,32,32,http://localhost:34543/?token=518473935&user=-1355219268&config=3,372,0,0
1780530264629,406,Request,200,OK,Stress Testing 1-26,text,true,,231,155,32,32,http://localhost:34543/?token=518473935&user=-1355219268&config=3,406,0,3
1780530264674,375,Request,200,OK,Stress Testing 1-21,text,true,,231,155,32,32,http://localhost:34543/?token=518473935&user=-1355219268&config=3,375,0,0
1780530264679,378,Request,200,OK,Stress Testing 1-6,text,true,,231,155,32,32,http://localhost:34543/?token=518473935&user=-1355219268&config=3,378,0,0
1780530264682,378,Request,200,OK,Stress Testing 1-11,text,true,,231,155,32,32,http://localhost:34543/?token=518473935&user=-1355219268&config=3,378,0,0
1780530264687,378,Request,200,OK,Stress Testing 1-16,text,true,,231,155,32,32,http://localhost:34543/?token=518473935&user=-1355219268&config=3,378,0,0
1780530264710,392,Request,200,OK,Stress Testing 1-2,text,true,,231,155,33,33,http://localhost:34543/?token=518473935&user=-1355219268&config=3,392,0,0
1780530264693,409,Request,200,OK,Stress Testing 1-27,text,true,,231,155,33,33,http://localhost:34543/?token=518473935&user=-1355219268&config=3,409,0,2
1780530264741,383,Request,200,OK,Stress Testing 1-22,text,true,,231,155,33,33,http://localhost:34543/?token=518473935&user=-1355219268&config=3,383,0,0
1780530264747,384,Request,200,OK,Stress Testing 1-7,text,true,,231,155,33,33,http://localhost:34543/?token=518473935&user=-1355219268&config=3,384,0,0
1780530264753,385,Request,200,OK,Stress Testing 1-12,text,true,,231,155,33,33,http://localhost:34543/?token=518473935&user=-1355219268&config=3,385,0,0
1780530264759,385,Request,200,OK,Stress Testing 1-17,text,true,,231,155,33,33,http://localhost:34543/?token=518473935&user=-1355219268&config=3,385,0,0
1780530264760,409,Request,200,OK,Stress Testing 1-28,text,true,,231,155,34,34,http://localhost:34543/?token=518473935&user=-1355219268&config=3,409,0,4
1780530264789,388,Request,200,OK,Stress Testing 1-3,text,true,,231,155,34,34,http://localhost:34543/?token=518473935&user=-1355219268&config=3,388,0,0
1780530264808,406,Request,200,OK,Stress Testing 1-23,text,true,,231,155,34,34,http://localhost:34543/?token=518473935&user=-1355219268&config=3,406,0,0
1780530264823,394,Request,200,OK,Stress Testing 1-8,text,true,,231,155,35,35,http://localhost:34543/?token=518473935&user=-1355219268&config=3,394,0,0
1780530264828,406,Request,200,OK,Stress Testing 1-13,text,true,,231,155,35,35,http://localhost:34543/?token=518473935&user=-1355219268&config=3,406,0,0
1780530264844,398,Request,200,OK,Stress Testing 1-18,text,true,,231,155,35,35,http://localhost:34543/?token=518473935&user=-1355219268&config=3,398,0,0
1780530264826,419,Request,200,OK,Stress Testing 1-29,text,true,,231,155,35,35,http://localhost:34543/?token=518473935&user=-1355219268&config=3,419,0,2
1780530264874,397,Request,200,OK,Stress Testing 1-4,text,true,,231,155,35,35,http://localhost:34543/?token=518473935&user=-1355219268&config=3,397,0,0
1780530264880,427,Request,200,OK,Stress Testing 1-24,text,true,,231,155,36,36,http://localhost:34543/?token=518473935&user=-1355219268&config=3,427,0,0
1780530264907,403,Request,200,OK,Stress Testing 1-14,text,true,,231,155,36,36,http://localhost:34543/?token=518473935&user=-1355219268&config=3,403,0,0
1780530264895,415,Request,200,OK,Stress Testing 1-19,text,true,,231,155,36,36,http://localhost:34543/?token=518473935&user=-1355219268&config=3,415,0,0
1780530264907,406,Request,200,OK,Stress Testing 1-9,text,true,,231,155,36,36,http://localhost:34543/?token=518473935&user=-1355219268&config=3,406,0,0
1780530264889,428,Request,200,OK,Stress Testing 1-30,text,true,,231,155,36,36,http://localhost:34543/?token=518473935&user=-1355219268&config=3,428,0,2
1780530264951,407,Request,200,OK,Stress Testing 1-5,text,true,,231,155,37,37,http://localhost:34543/?token=518473935&user=-1355219268&config=3,407,0,0
1780530264956,438,Request,200,OK,Stress Testing 1-25,text,true,,231,155,37,37,http://localhost:34543/?token=518473935&user=-1355219268&config=3,438,0,0
1780530264984,413,Request,200,OK,Stress Testing 1-10,text,true,,231,155,37,37,http://localhost:34543/?token=518473935&user=-1355219268&config=3,413,0,0
1780530264981,416,Request,200,OK,Stress Testing 1-15,text,true,,231,155,37,37,http://localhost:34543/?token=518473935&user=-1355219268&config=3,416,0,0
1780530264951,446,Request,200,OK,Stress Testing 1-31,text,true,,231,155,37,37,http://localhost:34543/?token=518473935&user=-1355219268&config=3,446,0,4
1780530264989,455,Request,200,OK,Stress Testing 1-20,text,true,,231,155,38,38,http://localhost:34543/?token=518473935&user=-1355219268&config=3,455,0,0
1780530265021,427,Request,200,OK,Stress Testing 1-1,text,true,,231,155,38,38,http://localhost:34543/?token=518473935&user=-1355219268&config=3,427,0,0
1780530265035,445,Request,200,OK,Stress Testing 1-26,text,true,,231,155,39,39,http://localhost:34543/?token=518473935&user=-1355219268&config=3,445,0,0
1780530265057,426,Request,200,OK,Stress Testing 1-6,text,true,,231,155,39,39,http://localhost:34543/?token=518473935&user=-1355219268&config=3,426,0,0
1780530265060,423,Request,200,OK,Stress Testing 1-11,text,true,,231,155,39,39,http://localhost:34543/?token=518473935&user=-1355219268&config=3,423,0,0
1780530265049,434,Request,200,OK,Stress Testing 1-21,text,true,,231,155,39,39,http://localhost:34543/?token=518473935&user=-1355219268&config=3,434,0,0
1780530265017,466,Request,200,OK,Stress Testing 1-32,text,true,,231,155,39,39,http://localhost:34543/?token=518473935&user=-1355219268&config=3,466,0,3
1780530265066,459,Request,200,OK,Stress Testing 1-16,text,true,,231,155,39,39,http://localhost:34543/?token=518473935&user=-1355219268&config=3,459,0,0
1780530265102,426,Request,200,OK,Stress Testing 1-27,text,true,,231,155,39,39,http://localhost:34543/?token=518473935&user=-1355219268&config=3,426,0,0
1780530265102,491,Request,200,OK,Stress Testing 1-2,text,true,,231,155,40,40,http://localhost:34543/?token=518473935&user=-1355219268&config=3,491,0,0
1780530265131,466,Request,200,OK,Stress Testing 1-7,text,true,,231,155,40,40,http://localhost:34543/?token=518473935&user=-1355219268&config=3,466,0,0
1780530265138,459,Request,200,OK,Stress Testing 1-12,text,true,,231,155,40,40,http://localhost:34543/?token=518473935&user=-1355219268&config=3,459,0,0
1780530265145,452,Request,200,OK,Stress Testing 1-17,text,true,,231,155,40,40,http://localhost:34543/?token=518473935&user=-1355219268&config=3,452,0,0
1780530265124,473,Request,200,OK,Stress Testing 1-22,text,true,,231,155,40,40,http://localhost:34543/?token=518473935&user=-1355219268&config=3,473,0,0
1780530265082,515,Request,200,OK,Stress Testing 1-33,text,true,,231,155,40,40,http://localhost:34543/?token=518473935&user=-1355219268&config=3,515,0,3
1780530265169,476,Request,200,OK,Stress Testing 1-28,text,true,,231,155,41,41,http://localhost:34543/?token=518473935&user=-1355219268&config=3,476,0,0
1780530265177,471,Request,200,OK,Stress Testing 1-3,text,true,,231,155,41,41,http://localhost:34543/?token=518473935&user=-1355219268&config=3,471,0,0
1780530265150,498,Request,200,OK,Stress Testing 1-34,text,true,,231,155,41,41,http://localhost:34543/?token=518473935&user=-1355219268&config=3,498,0,3
1780530265271,482,Request,200,OK,Stress Testing 1-4,text,true,,231,155,43,43,http://localhost:34543/?token=518473935&user=-1355219268&config=3,482,0,0
1780530265217,536,Request,200,OK,Stress Testing 1-8,text,true,,231,155,43,43,http://localhost:34543/?token=518473935&user=-1355219268&config=3,536,0,0
1780530265235,519,Request,200,OK,Stress Testing 1-13,text,true,,231,155,43,43,http://localhost:34543/?token=518473935&user=-1355219268&config=3,519,0,0
1780530265243,511,Request,200,OK,Stress Testing 1-18,text,true,,231,155,43,43,http://localhost:34543/?token=518473935&user=-1355219268&config=3,511,0,0
1780530265214,540,Request,200,OK,Stress Testing 1-23,text,true,,231,155,43,43,http://localhost:34543/?token=518473935&user=-1355219268&config=3,540,0,0
1780530265245,509,Request,200,OK,Stress Testing 1-29,text,true,,231,155,43,43,http://localhost:34543/?token=518473935&user=-1355219268&config=3,509,0,0
1780530265216,538,Request,200,OK,Stress Testing 1-35,text,true,,231,155,43,43,http://localhost:34543/?token=518473935&user=-1355219268&config=3,538,0,3
1780530265277,541,Request,200,OK,Stress Testing 1-36,text,true,,231,155,44,44,http://localhost:34543/?token=518473935&user=-1355219268&config=3,541,0,3
1780530265310,512,Request,200,OK,Stress Testing 1-19,text,true,,231,155,44,44,http://localhost:34543/?token=518473935&user=-1355219268&config=3,512,0,0
1780530265310,511,Request,200,OK,Stress Testing 1-14,text,true,,231,155,44,44,http://localhost:34543/?token=518473935&user=-1355219268&config=3,511,0,0
1780530265307,515,Request,200,OK,Stress Testing 1-24,text,true,,231,155,44,44,http://localhost:34543/?token=518473935&user=-1355219268&config=3,515,0,0
1780530265313,615,Request,200,OK,Stress Testing 1-9,text,true,,231,155,45,45,http://localhost:34543/?token=518473935&user=-1355219268&config=3,615,0,0
1780530265359,572,Request,200,OK,Stress Testing 1-5,text,true,,231,155,46,46,http://localhost:34543/?token=518473935&user=-1355219268&config=3,572,0,0
1780530265317,615,Request,200,OK,Stress Testing 1-30,text,true,,231,155,46,46,http://localhost:34543/?token=518473935&user=-1355219268&config=3,615,0,0
1780530265397,553,Request,200,OK,Stress Testing 1-10,text,true,,231,155,46,46,http://localhost:34543/?token=518473935&user=-1355219268&config=3,553,0,0
1780530265397,553,Request,200,OK,Stress Testing 1-15,text,true,,231,155,46,46,http://localhost:34543/?token=518473935&user=-1355219268&config=3,553,0,0
1780530265394,556,Request,200,OK,Stress Testing 1-25,text,true,,231,155,46,46,http://localhost:34543/?token=518473935&user=-1355219268&config=3,556,0,0
1780530265397,553,Request,200,OK,Stress Testing 1-31,text,true,,231,155,46,46,http://localhost:34543/?token=518473935&user=-1355219268&config=3,553,0,0
1780530265341,609,Request,200,OK,Stress Testing 1-37,text,true,,231,155,46,46,http://localhost:34543/?token=518473935&user=-1355219268&config=3,609,0,3
1780530265406,591,Request,200,OK,Stress Testing 1-38,text,true,,231,155,47,47,http://localhost:34543/?token=518473935&user=-1355219268&config=3,591,0,2
1780530265444,573,Request,200,OK,Stress Testing 1-20,text,true,,231,155,47,47,http://localhost:34543/?token=518473935&user=-1355219268&config=3,573,0,0
1780530265448,572,Request,200,OK,Stress Testing 1-1,text,true,,231,155,47,47,http://localhost:34543/?token=518473935&user=-1355219268&config=3,572,0,0
1780530265483,537,Request,200,OK,Stress Testing 1-21,text,true,,231,155,47,47,http://localhost:34543/?token=518473935&user=-1355219268&config=3,537,0,0
1780530265483,537,Request,200,OK,Stress Testing 1-32,text,true,,231,155,47,47,http://localhost:34543/?token=518473935&user=-1355219268&config=3,537,0,0
1780530265483,566,Request,200,OK,Stress Testing 1-11,text,true,,231,155,47,47,http://localhost:34543/?token=518473935&user=-1355219268&config=3,566,0,0
1780530265483,680,Request,200,OK,Stress Testing 1-6,text,true,,231,155,49,49,http://localhost:34543/?token=518473935&user=-1355219268&config=3,679,0,0
1780530265474,692,Request,200,OK,Stress Testing 1-39,text,true,,231,155,49,49,http://localhost:34543/?token=518473935&user=-1355219268&config=3,692,0,3
1780530265480,686,Request,200,OK,Stress Testing 1-26,text,true,,231,155,49,49,http://localhost:34543/?token=518473935&user=-1355219268&config=3,686,0,0
1780530265593,614,Request,200,OK,Stress Testing 1-2,text,true,,231,155,50,50,http://localhost:34543/?token=518473935&user=-1355219268&config=3,614,0,0
1780530265525,682,Request,200,OK,Stress Testing 1-16,text,true,,231,155,50,50,http://localhost:34543/?token=518473935&user=-1355219268&config=3,682,0,0
1780530265597,610,Request,200,OK,Stress Testing 1-17,text,true,,231,155,50,50,http://localhost:34543/?token=518473935&user=-1355219268&config=3,610,0,0
1780530265597,610,Request,200,OK,Stress Testing 1-22,text,true,,231,155,50,50,http://localhost:34543/?token=518473935&user=-1355219268&config=3,610,0,0
1780530265528,679,Request,200,OK,Stress Testing 1-27,text,true,,231,155,50,50,http://localhost:34543/?token=518473935&user=-1355219268&config=3,679,0,0
1780530265539,668,Request,200,OK,Stress Testing 1-40,text,true,,231,155,50,50,http://localhost:34543/?token=518473935&user=-1355219268&config=3,668,0,3
1780530265597,658,Request,200,OK,Stress Testing 1-7,text,true,,231,155,51,51,http://localhost:34543/?token=518473935&user=-1355219268&config=3,658,0,0
1780530265597,662,Request,200,OK,Stress Testing 1-33,text,true,,231,155,51,51,http://localhost:34543/?token=518473935&user=-1355219268&config=3,662,0,0
1780530265649,686,Request,200,OK,Stress Testing 1-3,text,true,,231,155,52,52,http://localhost:34543/?token=518473935&user=-1355219268&config=3,686,0,0
1780530265597,738,Request,200,OK,Stress Testing 1-12,text,true,,231,155,52,52,http://localhost:34543/?token=518473935&user=-1355219268&config=3,738,0,0
1780530265645,690,Request,200,OK,Stress Testing 1-28,text,true,,231,155,52,52,http://localhost:34543/?token=518473935&user=-1355219268&config=3,690,0,0
1780530265602,733,Request,200,OK,Stress Testing 1-41,text,true,,231,155,52,52,http://localhost:34543/?token=518473935&user=-1355219268&config=3,733,0,3
1780530265649,715,Request,200,OK,Stress Testing 1-34,text,true,,231,155,52,52,http://localhost:34543/?token=518473935&user=-1355219268&config=3,715,0,0
1780530265754,613,Request,200,OK,Stress Testing 1-13,text,true,,231,155,52,52,http://localhost:34543/?token=518473935&user=-1355219268&config=3,613,0,0
1780530265669,698,Request,200,OK,Stress Testing 1-42,text,true,,231,155,52,52,http://localhost:34543/?token=518473935&user=-1355219268&config=3,698,0,3
1780530265754,724,Request,200,OK,Stress Testing 1-29,text,true,,231,155,54,54,http://localhost:34543/?token=518473935&user=-1355219268&config=3,724,0,0
1780530265754,727,Request,200,OK,Stress Testing 1-8,text,true,,231,155,54,54,http://localhost:34543/?token=518473935&user=-1355219268&config=3,727,0,0
1780530265754,727,Request,200,OK,Stress Testing 1-4,text,true,,231,155,54,54,http://localhost:34543/?token=518473935&user=-1355219268&config=3,727,0,0
1780530265754,781,Request,200,OK,Stress Testing 1-18,text,true,,231,155,55,55,http://localhost:34543/?token=518473935&user=-1355219268&config=3,781,0,0
1780530265822,714,Request,200,OK,Stress Testing 1-19,text,true,,231,155,55,55,http://localhost:34543/?token=518473935&user=-1355219268&config=3,714,0,0
1780530265754,782,Request,200,OK,Stress Testing 1-23,text,true,,231,155,55,55,http://localhost:34543/?token=518473935&user=-1355219268&config=3,782,0,0
1780530265754,782,Request,200,OK,Stress Testing 1-35,text,true,,231,155,55,55,http://localhost:34543/?token=518473935&user=-1355219268&config=3,782,0,0
1780530265818,718,Request,200,OK,Stress Testing 1-36,text,true,,231,155,55,55,http://localhost:34543/?token=518473935&user=-1355219268&config=3,718,0,0
1780530265735,801,Request,200,OK,Stress Testing 1-43,text,true,,231,155,55,55,http://localhost:34543/?token=518473935&user=-1355219268&config=3,801,0,4
1780530265796,744,Request,200,OK,Stress Testing 1-44,text,true,,231,155,55,55,http://localhost:34543/?token=518473935&user=-1355219268&config=3,744,0,3
1780530265822,803,Request,200,OK,Stress Testing 1-14,text,true,,231,155,56,56,http://localhost:34543/?token=518473935&user=-1355219268&config=3,803,0,0
1780530265822,807,Request,200,OK,Stress Testing 1-24,text,true,,231,155,56,56,http://localhost:34543/?token=518473935&user=-1355219268&config=3,807,0,0
1780530265861,768,Request,200,OK,Stress Testing 1-45,text,true,,231,155,56,56,http://localhost:34543/?token=518473935&user=-1355219268&config=3,768,0,4
1780530265932,796,Request,200,OK,Stress Testing 1-5,text,true,,231,155,58,58,http://localhost:34543/?token=518473935&user=-1355219268&config=3,796,0,0
1780530265928,800,Request,200,OK,Stress Testing 1-9,text,true,,231,155,58,58,http://localhost:34543/?token=518473935&user=-1355219268&config=3,800,0,0
1780530265950,778,Request,200,OK,Stress Testing 1-10,text,true,,231,155,58,58,http://localhost:34543/?token=518473935&user=-1355219268&config=3,778,0,0
1780530265950,778,Request,200,OK,Stress Testing 1-15,text,true,,231,155,58,58,http://localhost:34543/?token=518473935&user=-1355219268&config=3,778,0,0
1780530265932,797,Request,200,OK,Stress Testing 1-30,text,true,,231,155,58,58,http://localhost:34543/?token=518473935&user=-1355219268&config=3,797,0,0
1780530265950,832,Request,200,OK,Stress Testing 1-37,text,true,,231,155,59,59,http://localhost:34543/?token=518473935&user=-1355219268&config=3,832,0,0
1780530265950,835,Request,200,OK,Stress Testing 1-31,text,true,,231,155,59,59,http://localhost:34543/?token=518473935&user=-1355219268&config=3,835,0,0
1780530265950,835,Request,200,OK,Stress Testing 1-25,text,true,,231,155,59,59,http://localhost:34543/?token=518473935&user=-1355219268&config=3,835,0,0
1780530265997,788,Request,200,OK,Stress Testing 1-38,text,true,,231,155,59,59,http://localhost:34543/?token=518473935&user=-1355219268&config=3,788,0,0
1780530265930,855,Request,200,OK,Stress Testing 1-46,text,true,,231,155,59,59,http://localhost:34543/?token=518473935&user=-1355219268&config=3,855,0,4
1780530265993,964,Request,200,OK,Stress Testing 1-47,text,true,,231,155,61,61,http://localhost:34543/?token=518473935&user=-1355219268&config=3,964,0,3
1780530266020,940,Request,200,OK,Stress Testing 1-1,text,true,,231,155,61,61,http://localhost:34543/?token=518473935&user=-1355219268&config=3,940,0,0
1780530266017,943,Request,200,OK,Stress Testing 1-20,text,true,,231,155,61,61,http://localhost:34543/?token=518473935&user=-1355219268&config=3,943,0,0
1780530266163,888,Request,200,OK,Stress Testing 1-6,text,true,,231,155,63,63,http://localhost:34543/?token=518473935&user=-1355219268&config=3,888,0,0
1780530266049,1002,Request,200,OK,Stress Testing 1-11,text,true,,231,155,63,63,http://localhost:34543/?token=518473935&user=-1355219268&config=3,1002,0,0
1780530266207,845,Request,200,OK,Stress Testing 1-16,text,true,,231,155,63,63,http://localhost:34543/?token=518473935&user=-1355219268&config=3,845,0,0
1780530266020,1032,Request,200,OK,Stress Testing 1-21,text,true,,231,155,63,63,http://localhost:34543/?token=518473935&user=-1355219268&config=3,1032,0,0
1780530266166,886,Request,200,OK,Stress Testing 1-26,text,true,,231,155,63,63,http://localhost:34543/?token=518473935&user=-1355219268&config=3,886,0,0
1780530266020,1032,Request,200,OK,Stress Testing 1-32,text,true,,231,155,63,63,http://localhost:34543/?token=518473935&user=-1355219268&config=3,1032,0,0
1780530266166,886,Request,200,OK,Stress Testing 1-39,text,true,,231,155,63,63,http://localhost:34543/?token=518473935&user=-1355219268&config=3,886,0,0
1780530266057,995,Request,200,OK,Stress Testing 1-48,text,true,,231,155,63,63,http://localhost:34543/?token=518473935&user=-1355219268&config=3,995,0,3
1780530266126,927,Request,200,OK,Stress Testing 1-49,text,true,,231,155,63,63,http://localhost:34543/?token=518473935&user=-1355219268&config=3,927,0,3
1780530266207,950,Request,200,OK,Stress Testing 1-17,text,true,,231,155,64,64,http://localhost:34543/?token=518473935&user=-1355219268&config=3,950,0,0
1780530266207,953,Request,200,OK,Stress Testing 1-2,text,true,,231,155,64,64,http://localhost:34543/?token=518473935&user=-1355219268&config=3,953,0,0
1780530266207,953,Request,200,OK,Stress Testing 1-22,text,true,,231,155,64,64,http://localhost:34543/?token=518473935&user=-1355219268&config=3,953,0,0
1780530266207,953,Request,200,OK,Stress Testing 1-40,text,true,,231,155,64,64,http://localhost:34543/?token=518473935&user=-1355219268&config=3,953,0,0
1780530266207,1126,Request,200,OK,Stress Testing 1-27,text,true,,231,155,67,67,http://localhost:34543/?token=518473935&user=-1355219268&config=3,1126,0,0
1780530266335,1001,Request,200,OK,Stress Testing 1-3,text,true,,231,155,67,67,http://localhost:34543/?token=518473935&user=-1355219268&config=3,1001,0,0
1780530266255,1081,Request,200,OK,Stress Testing 1-7,text,true,,231,155,67,67,http://localhost:34543/?token=518473935&user=-1355219268&config=3,1081,0,0
1780530266259,1077,Request,200,OK,Stress Testing 1-33,text,true,,231,155,67,67,http://localhost:34543/?token=518473935&user=-1355219268&config=3,1077,0,0
1780530266189,1147,Request,200,OK,Stress Testing 1-50,text,true,,231,155,67,67,http://localhost:34543/?token=518473935&user=-1355219268&config=3,1147,0,2
1780530266255,1081,Request,200,OK,Stress Testing 1-51,text,true,,231,155,67,67,http://localhost:34543/?token=518473935&user=-1355219268&config=3,1081,0,4
1780530266335,1090,Request,200,OK,Stress Testing 1-41,text,true,,231,155,69,69,http://localhost:34543/?token=518473935&user=-1355219268&config=3,1090,0,0
1780530266335,1091,Request,200,OK,Stress Testing 1-12,text,true,,231,155,69,69,http://localhost:34543/?token=518473935&user=-1355219268&config=3,1091,0,0
1780530266367,1059,Request,200,OK,Stress Testing 1-13,text,true,,231,155,69,69,http://localhost:34543/?token=518473935&user=-1355219268&config=3,1059,0,0
1780530266335,1091,Request,200,OK,Stress Testing 1-28,text,true,,231,155,69,69,http://localhost:34543/?token=518473935&user=-1355219268&config=3,1091,0,0
1780530266364,1062,Request,200,OK,Stress Testing 1-34,text,true,,231,155,69,69,http://localhost:34543/?token=518473935&user=-1355219268&config=3,1062,0,0
1780530266316,1110,Request,200,OK,Stress Testing 1-52,text,true,,231,155,69,69,http://localhost:34543/?token=518473935&user=-1355219268&config=3,1110,0,2
1780530266367,1064,Request,200,OK,Stress Testing 1-42,text,true,,231,155,69,69,http://localhost:34543/?token=518473935&user=-1355219268&config=3,1064,0,0
1780530266383,1048,Request,200,OK,Stress Testing 1-53,text,true,,231,155,69,69,http://localhost:34543/?token=518473935&user=-1355219268&config=3,1048,0,3
1780530266448,1217,Request,200,OK,Stress Testing 1-54,text,true,,231,155,72,72,http://localhost:34543/?token=518473935&user=-1355219268&config=3,1217,0,3
1780530266481,1186,Request,200,OK,Stress Testing 1-4,text,true,,231,155,72,72,http://localhost:34543/?token=518473935&user=-1355219268&config=3,1186,0,0
1780530266481,1186,Request,200,OK,Stress Testing 1-8,text,true,,231,155,72,72,http://localhost:34543/?token=518473935&user=-1355219268&config=3,1186,0,0
1780530266478,1189,Request,200,OK,Stress Testing 1-29,text,true,,231,155,72,72,http://localhost:34543/?token=518473935&user=-1355219268&config=3,1189,0,0
1780530266512,1305,Request,200,OK,Stress Testing 1-55,text,true,,231,155,75,75,http://localhost:34543/?token=518473935&user=-1355219268&config=3,1305,0,3
1780530266535,1284,Request,200,OK,Stress Testing 1-18,text,true,,231,155,75,75,http://localhost:34543/?token=518473935&user=-1355219268&config=3,1284,0,0
1780530266536,1283,Request,200,OK,Stress Testing 1-19,text,true,,231,155,75,75,http://localhost:34543/?token=518473935&user=-1355219268&config=3,1283,0,0
1780530266536,1283,Request,200,OK,Stress Testing 1-23,text,true,,231,155,75,75,http://localhost:34543/?token=518473935&user=-1355219268&config=3,1283,0,0
1780530266536,1283,Request,200,OK,Stress Testing 1-35,text,true,,231,155,75,75,http://localhost:34543/?token=518473935&user=-1355219268&config=3,1283,0,0
1780530266536,1283,Request,200,OK,Stress Testing 1-36,text,true,,231,155,75,75,http://localhost:34543/?token=518473935&user=-1355219268&config=3,1283,0,0
1780530266626,1196,Request,200,OK,Stress Testing 1-14,text,true,,231,155,75,75,http://localhost:34543/?token=518473935&user=-1355219268&config=3,1196,0,0
1780530266629,1193,Request,200,OK,Stress Testing 1-24,text,true,,231,155,75,75,http://localhost:34543/?token=518473935&user=-1355219268&config=3,1193,0,0
1780530266537,1285,Request,200,OK,Stress Testing 1-43,text,true,,231,155,75,75,http://localhost:34543/?token=518473935&user=-1355219268&config=3,1285,0,0
1780530266540,1282,Request,200,OK,Stress Testing 1-44,text,true,,231,155,75,75,http://localhost:34543/?token=518473935&user=-1355219268&config=3,1282,0,0
1780530266580,1242,Request,200,OK,Stress Testing 1-56,text,true,,231,155,75,75,http://localhost:34543/?token=518473935&user=-1355219268&config=3,1242,0,3
1780530266629,1372,Request,200,OK,Stress Testing 1-45,text,true,,231,155,77,77,http://localhost:34543/?token=518473935&user=-1355219268&config=3,1372,0,0
1780530266728,1275,Request,200,OK,Stress Testing 1-5,text,true,,231,155,77,77,http://localhost:34543/?token=518473935&user=-1355219268&config=3,1275,0,0
1780530266728,1275,Request,200,OK,Stress Testing 1-9,text,true,,231,155,77,77,http://localhost:34543/?token=518473935&user=-1355219268&config=3,1275,0,0
1780530266728,1275,Request,200,OK,Stress Testing 1-10,text,true,,231,155,77,77,http://localhost:34543/?token=518473935&user=-1355219268&config=3,1275,0,0
1780530266729,1274,Request,200,OK,Stress Testing 1-15,text,true,,231,155,77,77,http://localhost:34543/?token=518473935&user=-1355219268&config=3,1274,0,0
1780530266644,1360,Request,200,OK,Stress Testing 1-57,text,true,,231,155,77,77,http://localhost:34543/?token=518473935&user=-1355219268&config=3,1360,0,3
1780530266729,1279,Request,200,OK,Stress Testing 1-30,text,true,,231,155,77,77,http://localhost:34543/?token=518473935&user=-1355219268&config=3,1279,0,0
1780530266711,1591,Request,200,OK,Stress Testing 1-58,text,true,,231,155,82,82,http://localhost:34543/?token=518473935&user=-1355219268&config=3,1591,0,2
1780530266785,1518,Request,200,OK,Stress Testing 1-25,text,true,,231,155,82,82,http://localhost:34543/?token=518473935&user=-1355219268&config=3,1518,0,0
1780530266785,1518,Request,200,OK,Stress Testing 1-31,text,true,,231,155,82,82,http://localhost:34543/?token=518473935&user=-1355219268&config=3,1518,0,0
1780530266782,1521,Request,200,OK,Stress Testing 1-37,text,true,,231,155,82,82,http://localhost:34543/?token=518473935&user=-1355219268&config=3,1521,0,0
1780530266785,1518,Request,200,OK,Stress Testing 1-38,text,true,,231,155,82,82,http://localhost:34543/?token=518473935&user=-1355219268&config=3,1518,0,0
1780530266785,1518,Request,200,OK,Stress Testing 1-46,text,true,,231,155,82,82,http://localhost:34543/?token=518473935&user=-1355219268&config=3,1518,0,0
1780530266776,1531,Request,200,OK,Stress Testing 1-59,text,true,,231,155,82,82,http://localhost:34543/?token=518473935&user=-1355219268&config=3,1531,0,2
1780530267052,1433,Request,200,OK,Stress Testing 1-11,text,true,,231,155,85,85,http://localhost:34543/?token=518473935&user=-1355219268&config=3,1433,0,0
1780530267052,1433,Request,200,OK,Stress Testing 1-16,text,true,,231,155,85,85,http://localhost:34543/?token=518473935&user=-1355219268&config=3,1433,0,0
1780530266960,1525,Request,200,OK,Stress Testing 1-20,text,true,,231,155,85,85,http://localhost:34543/?token=518473935&user=-1355219268&config=3,1525,0,0
1780530266960,1525,Request,200,OK,Stress Testing 1-1,text,true,,231,155,85,85,http://localhost:34543/?token=518473935&user=-1355219268&config=3,1525,0,0
1780530267052,1433,Request,200,OK,Stress Testing 1-21,text,true,,231,155,85,85,http://localhost:34543/?token=518473935&user=-1355219268&config=3,1433,0,0
1780530267052,1433,Request,200,OK,Stress Testing 1-26,text,true,,231,155,85,85,http://localhost:34543/?token=518473935&user=-1355219268&config=3,1433,0,0
1780530267052,1433,Request,200,OK,Stress Testing 1-32,text,true,,231,155,85,85,http://localhost:34543/?token=518473935&user=-1355219268&config=3,1433,0,0
1780530267053,1433,Request,200,OK,Stress Testing 1-39,text,true,,231,155,85,85,http://localhost:34543/?token=518473935&user=-1355219268&config=3,1433,0,0
1780530266957,1529,Request,200,OK,Stress Testing 1-47,text,true,,231,155,85,85,http://localhost:34543/?token=518473935&user=-1355219268&config=3,1529,0,0
1780530266837,1649,Request,200,OK,Stress Testing 1-60,text,true,,231,155,85,85,http://localhost:34543/?token=518473935&user=-1355219268&config=3,1649,0,2
1780530266900,1586,Request,200,OK,Stress Testing 1-61,text,true,,231,155,85,85,http://localhost:34543/?token=518473935&user=-1355219268&config=3,1586,0,3
1780530266967,1519,Request,200,OK,Stress Testing 1-62,text,true,,231,155,85,85,http://localhost:34543/?token=518473935&user=-1355219268&config=3,1519,0,3
1780530267053,1823,Request,200,OK,Stress Testing 1-48,text,true,,231,155,91,91,http://localhost:34543/?token=518473935&user=-1355219268&config=3,1823,0,0
1780530267052,1824,Request,200,OK,Stress Testing 1-6,text,true,,231,155,91,91,http://localhost:34543/?token=518473935&user=-1355219268&config=3,1824,0,0
1780530267157,1719,Request,200,OK,Stress Testing 1-17,text,true,,231,155,91,91,http://localhost:34543/?token=518473935&user=-1355219268&config=3,1719,0,0
1780530267053,1823,Request,200,OK,Stress Testing 1-49,text,true,,231,155,91,91,http://localhost:34543/?token=518473935&user=-1355219268&config=3,1823,0,0
1780530267032,1844,Request,200,OK,Stress Testing 1-63,text,true,,231,155,91,91,http://localhost:34543/?token=518473935&user=-1355219268&config=3,1844,0,3
1780530267096,1780,Request,200,OK,Stress Testing 1-64,text,true,,231,155,91,91,http://localhost:34543/?token=518473935&user=-1355219268&config=3,1780,0,3
1780530267167,2066,Request,200,OK,Stress Testing 1-22,text,true,,231,155,96,96,http://localhost:34543/?token=518473935&user=-1355219268&config=3,2066,0,0
1780530267167,2066,Request,200,OK,Stress Testing 1-2,text,true,,231,155,96,96,http://localhost:34543/?token=518473935&user=-1355219268&config=3,2066,0,0
1780530267167,2066,Request,200,OK,Stress Testing 1-40,text,true,,231,155,96,96,http://localhost:34543/?token=518473935&user=-1355219268&config=3,2066,0,0
1780530267165,2068,Request,200,OK,Stress Testing 1-65,text,true,,231,155,96,96,http://localhost:34543/?token=518473935&user=-1355219268&config=3,2068,0,3
1780530267227,2006,Request,200,OK,Stress Testing 1-66,text,true,,231,155,96,96,http://localhost:34543/?token=518473935&user=-1355219268&config=3,2006,0,2
1780530267292,1942,Request,200,OK,Stress Testing 1-67,text,true,,231,155,96,96,http://localhost:34543/?token=518473935&user=-1355219268&config=3,1942,0,2
1780530267336,1898,Request,200,OK,Stress Testing 1-3,text,true,,231,155,96,96,http://localhost:34543/?token=518473935&user=-1355219268&config=3,1898,0,0
1780530267336,1898,Request,200,OK,Stress Testing 1-7,text,true,,231,155,96,96,http://localhost:34543/?token=518473935&user=-1355219268&config=3,1898,0,0
1780530267333,1901,Request,200,OK,Stress Testing 1-27,text,true,,231,155,96,96,http://localhost:34543/?token=518473935&user=-1355219268&config=3,1901,0,0
1780530267336,1898,Request,200,OK,Stress Testing 1-50,text,true,,231,155,96,96,http://localhost:34543/?token=518473935&user=-1355219268&config=3,1898,0,0
1780530267337,1897,Request,200,OK,Stress Testing 1-51,text,true,,231,155,96,96,http://localhost:34543/?token=518473935&user=-1355219268&config=3,1897,0,0
1780530267426,1811,Request,200,OK,Stress Testing 1-13,text,true,,231,155,96,96,http://localhost:34543/?token=518473935&user=-1355219268&config=3,1811,0,0
1780530267336,1901,Request,200,OK,Stress Testing 1-33,text,true,,231,155,96,96,http://localhost:34543/?token=518473935&user=-1355219268&config=3,1901,0,0
1780530267361,1877,Request,200,OK,Stress Testing 1-68,text,true,,231,155,96,96,http://localhost:34543/?token=518473935&user=-1355219268&config=3,1877,0,3
1780530267425,2117,Request,200,OK,Stress Testing 1-41,text,true,,231,155,101,101,http://localhost:34543/?token=518473935&user=-1355219268&config=3,2117,0,0
1780530267426,2117,Request,200,OK,Stress Testing 1-28,text,true,,231,155,101,101,http://localhost:34543/?token=518473935&user=-1355219268&config=3,2116,0,0
1780530267426,2117,Request,200,OK,Stress Testing 1-34,text,true,,231,155,101,101,http://localhost:34543/?token=518473935&user=-1355219268&config=3,2117,0,0
1780530267431,2112,Request,200,OK,Stress Testing 1-42,text,true,,231,155,101,101,http://localhost:34543/?token=518473935&user=-1355219268&config=3,2112,0,0
1780530267426,2117,Request,200,OK,Stress Testing 1-52,text,true,,231,155,101,101,http://localhost:34543/?token=518473935&user=-1355219268&config=3,2117,0,0
1780530267431,2112,Request,200,OK,Stress Testing 1-53,text,true,,231,155,101,101,http://localhost:34543/?token=518473935&user=-1355219268&config=3,2112,0,0
1780530267426,2117,Request,200,OK,Stress Testing 1-12,text,true,,231,155,101,101,http://localhost:34543/?token=518473935&user=-1355219268&config=3,2117,0,0
1780530267422,2121,Request,200,OK,Stress Testing 1-69,text,true,,231,155,101,101,http://localhost:34543/?token=518473935&user=-1355219268&config=3,2121,0,3
1780530267489,2054,Request,200,OK,Stress Testing 1-70,text,true,,231,155,101,101,http://localhost:34543/?token=518473935&user=-1355219268&config=3,2054,0,4
1780530267552,1991,Request,200,OK,Stress Testing 1-71,text,true,,231,155,101,101,http://localhost:34543/?token=518473935&user=-1355219268&config=3,1991,0,3
1780530267620,1923,Request,200,OK,Stress Testing 1-72,text,true,,231,155,101,101,http://localhost:34543/?token=518473935&user=-1355219268&config=3,1923,0,3
1780530267670,1877,Request,200,OK,Stress Testing 1-54,text,true,,231,155,101,101,http://localhost:34543/?token=518473935&user=-1355219268&config=3,1877,0,0
1780530267670,2506,Request,200,OK,Stress Testing 1-8,text,true,,231,155,111,111,http://localhost:34543/?token=518473935&user=-1355219268&config=3,2506,0,0
1780530267670,2506,Request,200,OK,Stress Testing 1-4,text,true,,231,155,111,111,http://localhost:34543/?token=518473935&user=-1355219268&config=3,2506,0,0
1780530267822,2354,Request,200,OK,Stress Testing 1-14,text,true,,231,155,111,111,http://localhost:34543/?token=518473935&user=-1355219268&config=3,2354,0,0
1780530267819,2357,Request,200,OK,Stress Testing 1-19,text,true,,231,155,111,111,http://localhost:34543/?token=518473935&user=-1355219268&config=3,2357,0,0
1780530267670,2506,Request,200,OK,Stress Testing 1-29,text,true,,231,155,111,111,http://localhost:34543/?token=518473935&user=-1355219268&config=3,2506,0,0
1780530267819,2357,Request,200,OK,Stress Testing 1-36,text,true,,231,155,111,111,http://localhost:34543/?token=518473935&user=-1355219268&config=3,2357,0,0
1780530267822,2354,Request,200,OK,Stress Testing 1-44,text,true,,231,155,111,111,http://localhost:34543/?token=518473935&user=-1355219268&config=3,2354,0,0
1780530267681,2495,Request,200,OK,Stress Testing 1-73,text,true,,231,155,111,111,http://localhost:34543/?token=518473935&user=-1355219268&config=3,2495,0,3
1780530267747,2429,Request,200,OK,Stress Testing 1-74,text,true,,231,155,111,111,http://localhost:34543/?token=518473935&user=-1355219268&config=3,2429,0,3
1780530267819,2825,Request,200,OK,Stress Testing 1-23,text,true,,231,155,118,118,http://localhost:34543/?token=518473935&user=-1355219268&config=3,2825,0,0
1780530267822,2822,Request,200,OK,Stress Testing 1-24,text,true,,231,155,118,118,http://localhost:34543/?token=518473935&user=-1355219268&config=3,2822,0,0
1780530267819,2825,Request,200,OK,Stress Testing 1-35,text,true,,231,155,118,118,http://localhost:34543/?token=518473935&user=-1355219268&config=3,2825,0,0
1780530267819,2825,Request,200,OK,Stress Testing 1-18,text,true,,231,155,118,118,http://localhost:34543/?token=518473935&user=-1355219268&config=3,2825,0,0
1780530267822,2822,Request,200,OK,Stress Testing 1-43,text,true,,231,155,118,118,http://localhost:34543/?token=518473935&user=-1355219268&config=3,2822,0,0
1780530268002,2642,Request,200,OK,Stress Testing 1-45,text,true,,231,155,118,118,http://localhost:34543/?token=518473935&user=-1355219268&config=3,2642,0,0
1780530267817,2827,Request,200,OK,Stress Testing 1-55,text,true,,231,155,118,118,http://localhost:34543/?token=518473935&user=-1355219268&config=3,2827,0,0
1780530267822,2822,Request,200,OK,Stress Testing 1-56,text,true,,231,155,118,118,http://localhost:34543/?token=518473935&user=-1355219268&config=3,2822,0,0
1780530267812,2832,Request,200,OK,Stress Testing 1-75,text,true,,231,155,118,118,http://localhost:34543/?token=518473935&user=-1355219268&config=3,2832,0,3
1780530267942,2702,Request,200,OK,Stress Testing 1-77,text,true,,231,155,118,118,http://localhost:34543/?token=518473935&user=-1355219268&config=3,2702,0,3
1780530267880,2764,Request,200,OK,Stress Testing 1-76,text,true,,231,155,118,118,http://localhost:34543/?token=518473935&user=-1355219268&config=3,2764,0,3
1780530268003,2642,Request,200,OK,Stress Testing 1-5,text,true,,231,155,118,118,http://localhost:34543/?token=518473935&user=-1355219268&config=3,2642,0,0
1780530268003,2642,Request,200,OK,Stress Testing 1-9,text,true,,231,155,118,118,http://localhost:34543/?token=518473935&user=-1355219268&config=3,2642,0,0
1780530268003,2642,Request,200,OK,Stress Testing 1-10,text,true,,231,155,118,118,http://localhost:34543/?token=518473935&user=-1355219268&config=3,2642,0,0
1780530268004,2641,Request,200,OK,Stress Testing 1-15,text,true,,231,155,118,118,http://localhost:34543/?token=518473935&user=-1355219268&config=3,2641,0,0
1780530268008,2637,Request,200,OK,Stress Testing 1-30,text,true,,231,155,118,118,http://localhost:34543/?token=518473935&user=-1355219268&config=3,2637,0,0
1780530268004,2641,Request,200,OK,Stress Testing 1-57,text,true,,231,155,118,118,http://localhost:34543/?token=518473935&user=-1355219268&config=3,2641,0,0
1780530268008,2641,Request,200,OK,Stress Testing 1-78,text,true,,231,155,118,118,http://localhost:34543/?token=518473935&user=-1355219268&config=3,2641,0,4
1780530268303,3108,Request,200,OK,Stress Testing 1-31,text,true,,231,155,130,130,http://localhost:34543/?token=518473935&user=-1355219268&config=3,3108,0,0
1780530268303,3108,Request,200,OK,Stress Testing 1-25,text,true,,231,155,130,130,http://localhost:34543/?token=518473935&user=-1355219268&config=3,3108,0,0
1780530268303,3109,Request,200,OK,Stress Testing 1-37,text,true,,231,155,130,130,http://localhost:34543/?token=518473935&user=-1355219268&config=3,3109,0,0
1780530268303,3109,Request,200,OK,Stress Testing 1-38,text,true,,231,155,130,130,http://localhost:34543/?token=518473935&user=-1355219268&config=3,3109,0,0
1780530268303,3109,Request,200,OK,Stress Testing 1-46,text,true,,231,155,130,130,http://localhost:34543/?token=518473935&user=-1355219268&config=3,3109,0,0
1780530268307,3105,Request,200,OK,Stress Testing 1-59,text,true,,231,155,130,130,http://localhost:34543/?token=518473935&user=-1355219268&config=3,3105,0,0
1780530268075,3337,Request,200,OK,Stress Testing 1-79,text,true,,231,155,130,130,http://localhost:34543/?token=518473935&user=-1355219268&config=3,3337,0,4
1780530268303,3109,Request,200,OK,Stress Testing 1-58,text,true,,231,155,130,130,http://localhost:34543/?token=518473935&user=-1355219268&config=3,3109,0,0
1780530268141,3272,Request,200,OK,Stress Testing 1-80,text,true,,231,155,130,130,http://localhost:34543/?token=518473935&user=-1355219268&config=3,3272,0,3
1780530268204,3209,Request,200,OK,Stress Testing 1-81,text,true,,231,155,130,130,http://localhost:34543/?token=518473935&user=-1355219268&config=3,3209,0,4
1780530268269,3144,Request,200,OK,Stress Testing 1-82,text,true,,231,155,130,130,http://localhost:34543/?token=518473935&user=-1355219268&config=3,3144,0,4
1780530268336,3077,Request,200,OK,Stress Testing 1-83,text,true,,231,155,130,130,http://localhost:34543/?token=518473935&user=-1355219268&config=3,3077,0,4
1780530268398,3991,Request,200,OK,Stress Testing 1-84,text,true,,231,155,145,145,http://localhost:34543/?token=518473935&user=-1355219268&config=3,3991,0,4
1780530268486,3903,Request,200,OK,Stress Testing 1-21,text,true,,231,155,145,145,http://localhost:34543/?token=518473935&user=-1355219268&config=3,3903,0,0
1780530268486,3903,Request,200,OK,Stress Testing 1-32,text,true,,231,155,145,145,http://localhost:34543/?token=518473935&user=-1355219268&config=3,3903,0,0
1780530268486,3904,Request,200,OK,Stress Testing 1-47,text,true,,231,155,145,145,http://localhost:34543/?token=518473935&user=-1355219268&config=3,3904,0,0
1780530268486,3904,Request,200,OK,Stress Testing 1-60,text,true,,231,155,145,145,http://localhost:34543/?token=518473935&user=-1355219268&config=3,3904,0,0
1780530268486,3904,Request,200,OK,Stress Testing 1-61,text,true,,231,155,145,145,http://localhost:34543/?token=518473935&user=-1355219268&config=3,3904,0,0
1780530268486,3905,Request,200,OK,Stress Testing 1-16,text,true,,231,155,145,145,http://localhost:34543/?token=518473935&user=-1355219268&config=3,3905,0,0
1780530268486,3905,Request,200,OK,Stress Testing 1-1,text,true,,231,155,145,145,http://localhost:34543/?token=518473935&user=-1355219268&config=3,3904,0,0
1780530268486,3905,Request,200,OK,Stress Testing 1-26,text,true,,231,155,145,145,http://localhost:34543/?token=518473935&user=-1355219268&config=3,3905,0,0
1780530268486,3905,Request,200,OK,Stress Testing 1-39,text,true,,231,155,145,145,http://localhost:34543/?token=518473935&user=-1355219268&config=3,3905,0,0
1780530268486,3905,Request,200,OK,Stress Testing 1-62,text,true,,231,155,145,145,http://localhost:34543/?token=518473935&user=-1355219268&config=3,3905,0,0
1780530268486,3906,Request,200,OK,Stress Testing 1-11,text,true,,231,155,145,145,http://localhost:34543/?token=518473935&user=-1355219268&config=3,3906,0,0
1780530268486,3906,Request,200,OK,Stress Testing 1-20,text,true,,231,155,145,145,http://localhost:34543/?token=518473935&user=-1355219268&config=3,3906,0,0
1780530268465,3927,Request,200,OK,Stress Testing 1-85,text,true,,231,155,145,145,http://localhost:34543/?token=518473935&user=-1355219268&config=3,3927,0,4
1780530268530,3862,Request,200,OK,Stress Testing 1-86,text,true,,231,155,145,145,http://localhost:34543/?token=518473935&user=-1355219268&config=3,3862,0,4
1780530268661,3731,Request,200,OK,Stress Testing 1-88,text,true,,231,155,145,145,http://localhost:34543/?token=518473935&user=-1355219268&config=3,3731,0,5
1780530268594,3798,Request,200,OK,Stress Testing 1-87,text,true,,231,155,145,145,http://localhost:34543/?token=518473935&user=-1355219268&config=3,3798,0,3
1780530268787,3608,Request,200,OK,Stress Testing 1-90,text,true,,231,155,145,145,http://localhost:34543/?token=518473935&user=-1355219268&config=3,3608,0,3
1780530268724,3671,Request,200,OK,Stress Testing 1-89,text,true,,231,155,145,145,http://localhost:34543/?token=518473935&user=-1355219268&config=3,3671,0,3
1780530268876,4393,Request,200,OK,Stress Testing 1-63,text,true,,231,155,158,158,http://localhost:34543/?token=518473935&user=-1355219268&config=3,4393,0,0
1780530268876,4393,Request,200,OK,Stress Testing 1-6,text,true,,231,155,158,158,http://localhost:34543/?token=518473935&user=-1355219268&config=3,4393,0,0
1780530268877,4392,Request,200,OK,Stress Testing 1-17,text,true,,231,155,158,158,http://localhost:34543/?token=518473935&user=-1355219268&config=3,4392,0,0
1780530268876,4393,Request,200,OK,Stress Testing 1-48,text,true,,231,155,158,158,http://localhost:34543/?token=518473935&user=-1355219268&config=3,4393,0,0
1780530268876,4393,Request,200,OK,Stress Testing 1-49,text,true,,231,155,158,158,http://localhost:34543/?token=518473935&user=-1355219268&config=3,4393,0,0
1780530268876,4393,Request,200,OK,Stress Testing 1-64,text,true,,231,155,158,158,http://localhost:34543/?token=518473935&user=-1355219268&config=3,4393,0,0
1780530268855,4415,Request,200,OK,Stress Testing 1-91,text,true,,231,155,158,158,http://localhost:34543/?token=518473935&user=-1355219268&config=3,4415,0,4
1780530268917,4353,Request,200,OK,Stress Testing 1-92,text,true,,231,155,158,158,http://localhost:34543/?token=518473935&user=-1355219268&config=3,4353,0,4
1780530268987,4283,Request,200,OK,Stress Testing 1-93,text,true,,231,155,158,158,http://localhost:34543/?token=518473935&user=-1355219268&config=3,4283,0,5
1780530269048,4222,Request,200,OK,Stress Testing 1-94,text,true,,231,155,158,158,http://localhost:34543/?token=518473935&user=-1355219268&config=3,4222,0,4
1780530269115,4155,Request,200,OK,Stress Testing 1-95,text,true,,231,155,158,158,http://localhost:34543/?token=518473935&user=-1355219268&config=3,4155,0,3
1780530269233,4037,Request,200,OK,Stress Testing 1-2,text,true,,231,155,158,158,http://localhost:34543/?token=518473935&user=-1355219268&config=3,4037,0,0
1780530269233,4038,Request,200,OK,Stress Testing 1-22,text,true,,231,155,159,159,http://localhost:34543/?token=518473935&user=-1355219268&config=3,4038,0,0
1780530269233,4039,Request,200,OK,Stress Testing 1-40,text,true,,231,155,159,159,http://localhost:34543/?token=518473935&user=-1355219268&config=3,4039,0,0
1780530269233,4039,Request,200,OK,Stress Testing 1-65,text,true,,231,155,159,159,http://localhost:34543/?token=518473935&user=-1355219268&config=3,4039,0,0
1780530269233,4039,Request,200,OK,Stress Testing 1-66,text,true,,231,155,159,159,http://localhost:34543/?token=518473935&user=-1355219268&config=3,4039,0,0
1780530269179,4093,Request,200,OK,Stress Testing 1-96,text,true,,231,155,159,159,http://localhost:34543/?token=518473935&user=-1355219268&config=3,4093,0,4
1780530269234,4041,Request,200,OK,Stress Testing 1-51,text,true,,231,155,159,159,http://localhost:34543/?token=518473935&user=-1355219268&config=3,4041,0,0
1780530269234,4041,Request,200,OK,Stress Testing 1-3,text,true,,231,155,159,159,http://localhost:34543/?token=518473935&user=-1355219268&config=3,4041,0,0
1780530269234,4041,Request,200,OK,Stress Testing 1-50,text,true,,231,155,159,159,http://localhost:34543/?token=518473935&user=-1355219268&config=3,4041,0,0
1780530269234,4041,Request,200,OK,Stress Testing 1-67,text,true,,231,155,159,159,http://localhost:34543/?token=518473935&user=-1355219268&config=3,4041,0,0
1780530269234,5798,Request,200,OK,Stress Testing 1-27,text,true,,231,155,186,186,http://localhost:34543/?token=518473935&user=-1355219268&config=3,5798,0,0
1780530269237,5796,Request,200,OK,Stress Testing 1-13,text,true,,231,155,186,186,http://localhost:34543/?token=518473935&user=-1355219268&config=3,5796,0,0
1780530269234,5799,Request,200,OK,Stress Testing 1-7,text,true,,231,155,186,186,http://localhost:34543/?token=518473935&user=-1355219268&config=3,5799,0,0
1780530269237,5796,Request,200,OK,Stress Testing 1-33,text,true,,231,155,186,186,http://localhost:34543/?token=518473935&user=-1355219268&config=3,5796,0,0
1780530269238,5795,Request,200,OK,Stress Testing 1-68,text,true,,231,155,186,186,http://localhost:34543/?token=518473935&user=-1355219268&config=3,5795,0,0
1780530269246,5788,Request,200,OK,Stress Testing 1-97,text,true,,231,155,186,186,http://localhost:34543/?token=518473935&user=-1355219268&config=3,5788,0,4
1780530269544,5490,Request,200,OK,Stress Testing 1-72,text,true,,231,155,186,186,http://localhost:34543/?token=518473935&user=-1355219268&config=3,5490,0,0
1780530269310,5725,Request,200,OK,Stress Testing 1-98,text,true,,231,155,186,186,http://localhost:34543/?token=518473935&user=-1355219268&config=3,5724,0,4
1780530269374,5661,Request,200,OK,Stress Testing 1-99,text,true,,231,155,186,186,http://localhost:34543/?token=518473935&user=-1355219268&config=3,5661,0,4
1780530269505,5530,Request,200,OK,Stress Testing 1-101,text,true,,231,155,186,186,http://localhost:34543/?token=518473935&user=-1355219268&config=3,5530,0,5
1780530269441,5594,Request,200,OK,Stress Testing 1-100,text,true,,231,155,186,186,http://localhost:34543/?token=518473935&user=-1355219268&config=3,5594,0,6
1780530269543,5494,Request,200,OK,Stress Testing 1-34,text,true,,231,155,186,186,http://localhost:34543/?token=518473935&user=-1355219268&config=3,5494,0,0
1780530269543,5494,Request,200,OK,Stress Testing 1-28,text,true,,231,155,186,186,http://localhost:34543/?token=518473935&user=-1355219268&config=3,5494,0,0
1780530269543,5494,Request,200,OK,Stress Testing 1-42,text,true,,231,155,186,186,http://localhost:34543/?token=518473935&user=-1355219268&config=3,5494,0,0
1780530269543,5494,Request,200,OK,Stress Testing 1-12,text,true,,231,155,186,186,http://localhost:34543/?token=518473935&user=-1355219268&config=3,5494,0,0
1780530269543,5494,Request,200,OK,Stress Testing 1-52,text,true,,231,155,186,186,http://localhost:34543/?token=518473935&user=-1355219268&config=3,5494,0,0
1780530269543,5494,Request,200,OK,Stress Testing 1-53,text,true,,231,155,186,186,http://localhost:34543/?token=518473935&user=-1355219268&config=3,5494,0,0
1780530269543,7483,Request,200,OK,Stress Testing 1-70,text,true,,231,155,200,200,http://localhost:34543/?token=518473935&user=-1355219268&config=3,7483,0,0
1780530269543,7483,Request,200,OK,Stress Testing 1-41,text,true,,231,155,200,200,http://localhost:34543/?token=518473935&user=-1355219268&config=3,7483,0,0
1780530269547,7479,Request,200,OK,Stress Testing 1-54,text,true,,231,155,200,200,http://localhost:34543/?token=518473935&user=-1355219268&config=3,7479,0,0
1780530269543,7483,Request,200,OK,Stress Testing 1-71,text,true,,231,155,200,200,http://localhost:34543/?token=518473935&user=-1355219268&config=3,7483,0,0
1780530269543,7483,Request,200,OK,Stress Testing 1-69,text,true,,231,155,200,200,http://localhost:34543/?token=518473935&user=-1355219268&config=3,7483,0,0
1780530269569,7458,Request,200,OK,Stress Testing 1-102,text,true,,231,155,200,200,http://localhost:34543/?token=518473935&user=-1355219268&config=3,7458,0,4
1780530270176,6851,Request,200,OK,Stress Testing 1-14,text,true,,231,155,200,200,http://localhost:34543/?token=518473935&user=-1355219268&config=3,6851,0,0
1780530270176,6851,Request,200,OK,Stress Testing 1-8,text,true,,231,155,200,200,http://localhost:34543/?token=518473935&user=-1355219268&config=3,6851,0,0
1780530270176,6852,Request,200,OK,Stress Testing 1-19,text,true,,231,155,200,200,http://localhost:34543/?token=518473935&user=-1355219268&config=3,6852,0,0
1780530269633,7395,Request,200,OK,Stress Testing 1-103,text,true,,231,155,200,200,http://localhost:34543/?token=518473935&user=-1355219268&config=3,7395,0,3
1780530269699,7329,Request,200,OK,Stress Testing 1-104,text,true,,231,155,200,200,http://localhost:34543/?token=518473935&user=-1355219268&config=3,7329,0,4
1780530270176,6857,Request,200,OK,Stress Testing 1-29,text,true,,231,155,200,200,http://localhost:34543/?token=518473935&user=-1355219268&config=3,6857,0,0
1780530270176,6857,Request,200,OK,Stress Testing 1-4,text,true,,231,155,200,200,http://localhost:34543/?token=518473935&user=-1355219268&config=3,6857,0,0
1780530270176,6857,Request,200,OK,Stress Testing 1-36,text,true,,231,155,200,200,http://localhost:34543/?token=518473935&user=-1355219268&config=3,6857,0,0
1780530270176,6857,Request,200,OK,Stress Testing 1-73,text,true,,231,155,200,200,http://localhost:34543/?token=518473935&user=-1355219268&config=3,6857,0,0
1780530270644,8422,Request,200,OK,Stress Testing 1-24,text,true,,231,155,200,200,http://localhost:34543/?token=518473935&user=-1355219268&config=3,8422,0,0
1780530270644,8422,Request,200,OK,Stress Testing 1-35,text,true,,231,155,200,200,http://localhost:34543/?token=518473935&user=-1355219268&config=3,8422,0,0
1780530270644,8422,Request,200,OK,Stress Testing 1-23,text,true,,231,155,200,200,http://localhost:34543/?token=518473935&user=-1355219268&config=3,8422,0,0
1780530270644,8422,Request,200,OK,Stress Testing 1-45,text,true,,231,155,200,200,http://localhost:34543/?token=518473935&user=-1355219268&config=3,8422,0,0
1780530272112,6955,Request,500,Internal Server Error,Stress Testing 1-141,text,false,,233,155,200,200,http://localhost:34543/?token=518473935&user=-1355219268&config=3,6955,0,4
1780530272361,6706,Request,500,Internal Server Error,Stress Testing 1-145,text,false,,233,155,200,200,http://localhost:34543/?token=518473935&user=-1355219268&config=3,6706,0,4
1780530272299,6768,Request,500,Internal Server Error,Stress Testing 1-144,text,false,,233,155,200,200,http://localhost:34543/?token=518473935&user=-1355219268&config=3,6768,0,3
1780530271973,7094,Request,500,Internal Server Error,Stress Testing 1-139,text,false,,233,155,200,200,http://localhost:34543/?token=518473935&user=-1355219268&config=3,7093,0,3
1780530272168,6899,Request,500,Internal Server Error,Stress Testing 1-142,text,false,,233,155,200,200,http://localhost:34543/?token=518473935&user=-1355219268&config=3,6899,0,5
1780530272037,7030,Request,500,Internal Server Error,Stress Testing 1-140,text,false,,233,155,200,200,http://localhost:34543/?token=518473935&user=-1355219268&config=3,7029,0,4
1780530272234,6833,Request,500,Internal Server Error,Stress Testing 1-143,text,false,,233,155,200,200,http://localhost:34543/?token=518473935&user=-1355219268&config=3,6833,0,2
1780530269892,10298,Request,200,OK,Stress Testing 1-107,text,true,,231,155,200,200,http://localhost:34543/?token=518473935&user=-1355219268&config=3,10298,0,4
1780530269831,10363,Request,200,OK,Stress Testing 1-106,text,true,,231,155,200,200,http://localhost:34543/?token=518473935&user=-1355219268&config=3,10363,0,4
1780530269766,10428,Request,200,OK,Stress Testing 1-105,text,true,,231,155,200,200,http://localhost:34543/?token=518473935&user=-1355219268&config=3,10428,0,3
1780530269957,10237,Request,200,OK,Stress Testing 1-108,text,true,,231,155,200,200,http://localhost:34543/?token=518473935&user=-1355219268&config=3,10237,0,3
1780530270023,10171,Request,200,OK,Stress Testing 1-109,text,true,,231,155,200,200,http://localhost:34543/?token=518473935&user=-1355219268&config=3,10171,0,4
1780530270090,10104,Request,200,OK,Stress Testing 1-110,text,true,,231,155,200,200,http://localhost:34543/?token=518473935&user=-1355219268&config=3,10104,0,4
1780530270176,10324,Request,200,OK,Stress Testing 1-44,text,true,,231,155,200,200,http://localhost:34543/?token=518473935&user=-1355219268&config=3,10324,0,0
1780530270176,10324,Request,200,OK,Stress Testing 1-74,text,true,,231,155,200,200,http://localhost:34543/?token=518473935&user=-1355219268&config=3,10324,0,0
1780530270155,10345,Request,200,OK,Stress Testing 1-111,text,true,,231,155,200,200,http://localhost:34543/?token=518473935&user=-1355219268&config=3,10345,0,4
1780530270217,10284,Request,200,OK,Stress Testing 1-112,text,true,,231,155,200,200,http://localhost:34543/?token=518473935&user=-1355219268&config=3,10284,0,3
1780530270348,10153,Request,200,OK,Stress Testing 1-114,text,true,,231,155,200,200,http://localhost:34543/?token=518473935&user=-1355219268&config=3,10153,0,3
1780530270412,10089,Request,200,OK,Stress Testing 1-115,text,true,,231,155,200,200,http://localhost:34543/?token=518473935&user=-1355219268&config=3,10089,0,5
1780530270282,10225,Request,200,OK,Stress Testing 1-113,text,true,,231,155,200,200,http://localhost:34543/?token=518473935&user=-1355219268&config=3,10225,0,4
1780530270612,9895,Request,200,OK,Stress Testing 1-118,text,true,,231,155,200,200,http://localhost:34543/?token=518473935&user=-1355219268&config=3,9895,0,4
1780530270479,10028,Request,200,OK,Stress Testing 1-116,text,true,,231,155,200,200,http://localhost:34543/?token=518473935&user=-1355219268&config=3,10028,0,4
1780530270543,9964,Request,200,OK,Stress Testing 1-117,text,true,,231,155,200,200,http://localhost:34543/?token=518473935&user=-1355219268&config=3,9964,0,3
1780530270645,10817,Request,200,OK,Stress Testing 1-5,text,true,,231,155,200,200,http://localhost:34543/?token=518473935&user=-1355219268&config=3,10817,0,0
1780530270645,10817,Request,200,OK,Stress Testing 1-10,text,true,,231,155,200,200,http://localhost:34543/?token=518473935&user=-1355219268&config=3,10817,0,0
1780530270645,10817,Request,200,OK,Stress Testing 1-9,text,true,,231,155,200,200,http://localhost:34543/?token=518473935&user=-1355219268&config=3,10817,0,0
1780530270645,10817,Request,200,OK,Stress Testing 1-15,text,true,,231,155,200,200,http://localhost:34543/?token=518473935&user=-1355219268&config=3,10817,0,0
1780530270644,10818,Request,200,OK,Stress Testing 1-18,text,true,,231,155,200,200,http://localhost:34543/?token=518473935&user=-1355219268&config=3,10818,0,0
1780530270645,10817,Request,200,OK,Stress Testing 1-30,text,true,,231,155,200,200,http://localhost:34543/?token=518473935&user=-1355219268&config=3,10817,0,0
1780530270644,10818,Request,200,OK,Stress Testing 1-43,text,true,,231,155,200,200,http://localhost:34543/?token=518473935&user=-1355219268&config=3,10818,0,0
1780530270644,10818,Request,200,OK,Stress Testing 1-55,text,true,,231,155,200,200,http://localhost:34543/?token=518473935&user=-1355219268&config=3,10818,0,0
1780530270644,10818,Request,200,OK,Stress Testing 1-56,text,true,,231,155,200,200,http://localhost:34543/?token=518473935&user=-1355219268&config=3,10818,0,0
1780530270646,10816,Request,200,OK,Stress Testing 1-57,text,true,,231,155,200,200,http://localhost:34543/?token=518473935&user=-1355219268&config=3,10816,0,0
1780530270645,10817,Request,200,OK,Stress Testing 1-75,text,true,,231,155,200,200,http://localhost:34543/?token=518473935&user=-1355219268&config=3,10817,0,0
1780530270645,10817,Request,200,OK,Stress Testing 1-76,text,true,,231,155,200,200,http://localhost:34543/?token=518473935&user=-1355219268&config=3,10817,0,0
1780530270650,10812,Request,200,OK,Stress Testing 1-78,text,true,,231,155,200,200,http://localhost:34543/?token=518473935&user=-1355219268&config=3,10812,0,0
1780530270645,10817,Request,200,OK,Stress Testing 1-77,text,true,,231,155,200,200,http://localhost:34543/?token=518473935&user=-1355219268&config=3,10817,0,0
1780530270674,10788,Request,200,OK,Stress Testing 1-119,text,true,,231,155,200,200,http://localhost:34543/?token=518473935&user=-1355219268&config=3,10788,0,3
1780530270741,10721,Request,200,OK,Stress Testing 1-120,text,true,,231,155,200,200,http://localhost:34543/?token=518473935&user=-1355219268&config=3,10721,0,3
1780530270801,10661,Request,200,OK,Stress Testing 1-121,text,true,,231,155,200,200,http://localhost:34543/?token=518473935&user=-1355219268&config=3,10661,0,4
1780530270869,10594,Request,200,OK,Stress Testing 1-122,text,true,,231,155,200,200,http://localhost:34543/?token=518473935&user=-1355219268&config=3,10594,0,3
1780530270932,10531,Request,200,OK,Stress Testing 1-123,text,true,,231,155,200,200,http://localhost:34543/?token=518473935&user=-1355219268&config=3,10531,0,4
1780530271000,10463,Request,200,OK,Stress Testing 1-124,text,true,,231,155,200,200,http://localhost:34543/?token=518473935&user=-1355219268&config=3,10463,0,3
1780530271066,10397,Request,200,OK,Stress Testing 1-125,text,true,,231,155,200,200,http://localhost:34543/?token=518473935&user=-1355219268&config=3,10397,0,4
1780530271128,10335,Request,200,OK,Stress Testing 1-126,text,true,,231,155,200,200,http://localhost:34543/?token=518473935&user=-1355219268&config=3,10335,0,4
1780530271258,10208,Request,200,OK,Stress Testing 1-128,text,true,,231,155,200,200,http://localhost:34543/?token=518473935&user=-1355219268&config=3,10208,0,4
1780530271324,10142,Request,200,OK,Stress Testing 1-129,text,true,,231,155,200,200,http://localhost:34543/?token=518473935&user=-1355219268&config=3,10142,0,3
1780530271197,10269,Request,200,OK,Stress Testing 1-127,text,true,,231,155,200,200,http://localhost:34543/?token=518473935&user=-1355219268&config=3,10269,0,4
1780530271412,10176,Request,200,OK,Stress Testing 1-25,text,true,,231,155,200,200,http://localhost:34543/?token=518473935&user=-1355219268&config=3,10176,0,0
1780530271412,10176,Request,200,OK,Stress Testing 1-37,text,true,,231,155,200,200,http://localhost:34543/?token=518473935&user=-1355219268&config=3,10176,0,0
1780530271412,10176,Request,200,OK,Stress Testing 1-38,text,true,,231,155,200,200,http://localhost:34543/?token=518473935&user=-1355219268&config=3,10176,0,0
1780530271412,10176,Request,200,OK,Stress Testing 1-31,text,true,,231,155,200,200,http://localhost:34543/?token=518473935&user=-1355219268&config=3,10176,0,0
1780530271412,10176,Request,200,OK,Stress Testing 1-46,text,true,,231,155,200,200,http://localhost:34543/?token=518473935&user=-1355219268&config=3,10176,0,0
1780530271413,10175,Request,200,OK,Stress Testing 1-79,text,true,,231,155,200,200,http://localhost:34543/?token=518473935&user=-1355219268&config=3,10175,0,0
1780530271413,10175,Request,200,OK,Stress Testing 1-58,text,true,,231,155,200,200,http://localhost:34543/?token=518473935&user=-1355219268&config=3,10175,0,0
1780530271413,10175,Request,200,OK,Stress Testing 1-59,text,true,,231,155,200,200,http://localhost:34543/?token=518473935&user=-1355219268&config=3,10175,0,0
1780530271413,10175,Request,200,OK,Stress Testing 1-80,text,true,,231,155,200,200,http://localhost:34543/?token=518473935&user=-1355219268&config=3,10175,0,0
1780530271413,10175,Request,200,OK,Stress Testing 1-83,text,true,,231,155,200,200,http://localhost:34543/?token=518473935&user=-1355219268&config=3,10175,0,0
1780530271413,10175,Request,200,OK,Stress Testing 1-82,text,true,,231,155,200,200,http://localhost:34543/?token=518473935&user=-1355219268&config=3,10175,0,0
1780530271413,10175,Request,200,OK,Stress Testing 1-81,text,true,,231,155,200,200,http://localhost:34543/?token=518473935&user=-1355219268&config=3,10175,0,0
1780530271390,10199,Request,200,OK,Stress Testing 1-130,text,true,,231,155,200,200,http://localhost:34543/?token=518473935&user=-1355219268&config=3,10199,0,4
1780530271453,10136,Request,200,OK,Stress Testing 1-131,text,true,,231,155,200,200,http://localhost:34543/?token=518473935&user=-1355219268&config=3,10136,0,3
1780530271517,10072,Request,200,OK,Stress Testing 1-132,text,true,,231,155,200,200,http://localhost:34543/?token=518473935&user=-1355219268&config=3,10072,0,3
1780530271584,10005,Request,200,OK,Stress Testing 1-133,text,true,,231,155,200,200,http://localhost:34543/?token=518473935&user=-1355219268&config=3,10005,0,4
1780530271716,9873,Request,200,OK,Stress Testing 1-135,text,true,,231,155,200,200,http://localhost:34543/?token=518473935&user=-1355219268&config=3,9873,0,3
1780530273269,8320,Request,200,OK,Stress Testing 1-6,text,true,,231,155,200,200,http://localhost:34543/?token=518473935&user=-1355219268&config=3,8320,0,0
1780530271651,9938,Request,200,OK,Stress Testing 1-134,text,true,,231,155,200,200,http://localhost:34543/?token=518473935&user=-1355219268&config=3,9938,0,4
1780530271777,9813,Request,200,OK,Stress Testing 1-136,text,true,,231,155,200,200,http://localhost:34543/?token=518473935&user=-1355219268&config=3,9813,0,4
1780530271845,9745,Request,200,OK,Stress Testing 1-137,text,true,,231,155,200,200,http://localhost:34543/?token=518473935&user=-1355219268&config=3,9745,0,4
1780530271909,9681,Request,200,OK,Stress Testing 1-138,text,true,,231,155,200,200,http://localhost:34543/?token=518473935&user=-1355219268&config=3,9681,0,3
1780530273269,8322,Request,200,OK,Stress Testing 1-48,text,true,,231,155,200,200,http://localhost:34543/?token=518473935&user=-1355219268&config=3,8321,0,0
1780530273269,8322,Request,200,OK,Stress Testing 1-49,text,true,,231,155,200,200,http://localhost:34543/?token=518473935&user=-1355219268&config=3,8322,0,0
1780530273269,8322,Request,200,OK,Stress Testing 1-63,text,true,,231,155,200,200,http://localhost:34543/?token=518473935&user=-1355219268&config=3,8322,0,0
1780530273269,8322,Request,200,OK,Stress Testing 1-17,text,true,,231,155,200,200,http://localhost:34543/?token=518473935&user=-1355219268&config=3,8321,0,0
1780530273269,8322,Request,200,OK,Stress Testing 1-64,text,true,,231,155,200,200,http://localhost:34543/?token=518473935&user=-1355219268&config=3,8322,0,0
1780530274768,6823,Request,500,Internal Server Error,Stress Testing 1-182,text,false,,233,155,200,200,http://localhost:34543/?token=518473935&user=-1355219268&config=3,6823,0,3
1780530274833,6762,Request,500,Internal Server Error,Stress Testing 1-183,text,false,,233,155,200,200,http://localhost:34543/?token=518473935&user=-1355219268&config=3,6761,0,3
1780530274902,6693,Request,500,Internal Server Error,Stress Testing 1-184,text,false,,233,155,200,200,http://localhost:34543/?token=518473935&user=-1355219268&config=3,6693,0,5
1780530274704,6891,Request,500,Internal Server Error,Stress Testing 1-181,text,false,,233,155,200,200,http://localhost:34543/?token=518473935&user=-1355219268&config=3,6890,0,4
1780530274966,6629,Request,500,Internal Server Error,Stress Testing 1-185,text,false,,233,155,200,200,http://localhost:34543/?token=518473935&user=-1355219268&config=3,6629,0,3
1780530272392,9643,Request,200,OK,Stress Testing 1-11,text,true,,231,155,200,200,http://localhost:34543/?token=518473935&user=-1355219268&config=3,9643,0,0
1780530272391,9644,Request,200,OK,Stress Testing 1-1,text,true,,231,155,200,200,http://localhost:34543/?token=518473935&user=-1355219268&config=3,9644,0,0
1780530272391,9644,Request,200,OK,Stress Testing 1-16,text,true,,231,155,200,200,http://localhost:34543/?token=518473935&user=-1355219268&config=3,9644,0,0
1780530272392,9643,Request,200,OK,Stress Testing 1-20,text,true,,231,155,200,200,http://localhost:34543/?token=518473935&user=-1355219268&config=3,9643,0,0
1780530272389,9646,Request,200,OK,Stress Testing 1-21,text,true,,231,155,200,200,http://localhost:34543/?token=518473935&user=-1355219268&config=3,9646,0,0
1780530272391,9644,Request,200,OK,Stress Testing 1-26,text,true,,231,155,200,200,http://localhost:34543/?token=518473935&user=-1355219268&config=3,9644,0,0
1780530272390,9645,Request,200,OK,Stress Testing 1-32,text,true,,231,155,200,200,http://localhost:34543/?token=518473935&user=-1355219268&config=3,9645,0,0
1780530275033,7002,Request,200,OK,Stress Testing 1-33,text,true,,231,155,200,200,http://localhost:34543/?token=518473935&user=-1355219268&config=3,7002,0,0
1780530272391,9644,Request,200,OK,Stress Testing 1-39,text,true,,231,155,200,200,http://localhost:34543/?token=518473935&user=-1355219268&config=3,9644,0,0
1780530272390,9645,Request,200,OK,Stress Testing 1-47,text,true,,231,155,200,200,http://localhost:34543/?token=518473935&user=-1355219268&config=3,9645,0,0
1780530272390,9645,Request,200,OK,Stress Testing 1-60,text,true,,231,155,200,200,http://localhost:34543/?token=518473935&user=-1355219268&config=3,9645,0,0
1780530272391,9644,Request,200,OK,Stress Testing 1-62,text,true,,231,155,200,200,http://localhost:34543/?token=518473935&user=-1355219268&config=3,9644,0,0
1780530272390,9645,Request,200,OK,Stress Testing 1-61,text,true,,231,155,200,200,http://localhost:34543/?token=518473935&user=-1355219268&config=3,9645,0,0
1780530272392,9644,Request,200,OK,Stress Testing 1-85,text,true,,231,155,200,200,http://localhost:34543/?token=518473935&user=-1355219268&config=3,9644,0,0
1780530272389,9647,Request,200,OK,Stress Testing 1-84,text,true,,231,155,200,200,http://localhost:34543/?token=518473935&user=-1355219268&config=3,9647,0,0
1780530272392,9644,Request,200,OK,Stress Testing 1-86,text,true,,231,155,200,200,http://localhost:34543/?token=518473935&user=-1355219268&config=3,9644,0,0
1780530272392,9644,Request,200,OK,Stress Testing 1-87,text,true,,231,155,200,200,http://localhost:34543/?token=518473935&user=-1355219268&config=3,9644,0,0
1780530272392,9644,Request,200,OK,Stress Testing 1-88,text,true,,231,155,200,200,http://localhost:34543/?token=518473935&user=-1355219268&config=3,9644,0,0
1780530272395,9641,Request,200,OK,Stress Testing 1-89,text,true,,231,155,200,200,http://localhost:34543/?token=518473935&user=-1355219268&config=3,9641,0,0
1780530272428,9608,Request,200,OK,Stress Testing 1-146,text,true,,231,155,200,200,http://localhost:34543/?token=518473935&user=-1355219268&config=3,9608,0,4
1780530272395,9641,Request,200,OK,Stress Testing 1-90,text,true,,231,155,200,200,http://localhost:34543/?token=518473935&user=-1355219268&config=3,9641,0,0
1780530272493,9543,Request,200,OK,Stress Testing 1-147,text,true,,231,155,200,200,http://localhost:34543/?token=518473935&user=-1355219268&config=3,9543,0,4
1780530272561,9475,Request,200,OK,Stress Testing 1-148,text,true,,231,155,200,200,http://localhost:34543/?token=518473935&user=-1355219268&config=3,9475,0,4
1780530272624,9412,Request,200,OK,Stress Testing 1-149,text,true,,231,155,200,200,http://localhost:34543/?token=518473935&user=-1355219268&config=3,9412,0,4
1780530272754,9282,Request,200,OK,Stress Testing 1-151,text,true,,231,155,200,200,http://localhost:34543/?token=518473935&user=-1355219268&config=3,9282,0,4
1780530272692,9345,Request,200,OK,Stress Testing 1-150,text,true,,231,155,200,200,http://localhost:34543/?token=518473935&user=-1355219268&config=3,9345,0,3
1780530272818,9219,Request,200,OK,Stress Testing 1-152,text,true,,231,155,200,200,http://localhost:34543/?token=518473935&user=-1355219268&config=3,9219,0,3
1780530272886,9151,Request,200,OK,Stress Testing 1-153,text,true,,231,155,200,200,http://localhost:34543/?token=518473935&user=-1355219268&config=3,9151,0,4
1780530272949,9088,Request,200,OK,Stress Testing 1-154,text,true,,231,155,200,200,http://localhost:34543/?token=518473935&user=-1355219268&config=3,9088,0,3
1780530273014,9023,Request,200,OK,Stress Testing 1-155,text,true,,231,155,200,200,http://localhost:34543/?token=518473935&user=-1355219268&config=3,9023,0,4
1780530273081,8956,Request,200,OK,Stress Testing 1-156,text,true,,231,155,200,200,http://localhost:34543/?token=518473935&user=-1355219268&config=3,8956,0,5
1780530273142,8895,Request,200,OK,Stress Testing 1-157,text,true,,231,155,200,200,http://localhost:34543/?token=518473935&user=-1355219268&config=3,8895,0,3
1780530273211,8826,Request,200,OK,Stress Testing 1-158,text,true,,231,155,200,200,http://localhost:34543/?token=518473935&user=-1355219268&config=3,8826,0,3
1780530275033,7006,Request,200,OK,Stress Testing 1-13,text,true,,231,155,200,200,http://localhost:34543/?token=518473935&user=-1355219268&config=3,7006,0,0
1780530275033,7006,Request,200,OK,Stress Testing 1-27,text,true,,231,155,200,200,http://localhost:34543/?token=518473935&user=-1355219268&config=3,7006,0,0
1780530275033,7006,Request,200,OK,Stress Testing 1-68,text,true,,231,155,200,200,http://localhost:34543/?token=518473935&user=-1355219268&config=3,7006,0,0
1780530275035,7004,Request,200,OK,Stress Testing 1-72,text,true,,231,155,200,200,http://localhost:34543/?token=518473935&user=-1355219268&config=3,7004,0,0
1780530275034,7005,Request,200,OK,Stress Testing 1-97,text,true,,231,155,200,200,http://localhost:34543/?token=518473935&user=-1355219268&config=3,7005,0,0
1780530273271,8915,Request,200,OK,Stress Testing 1-22,text,true,,231,155,200,200,http://localhost:34543/?token=518473935&user=-1355219268&config=3,8915,0,0
1780530273272,8914,Request,200,OK,Stress Testing 1-40,text,true,,231,155,200,200,http://localhost:34543/?token=518473935&user=-1355219268&config=3,8914,0,0
1780530273272,8914,Request,200,OK,Stress Testing 1-66,text,true,,231,155,200,200,http://localhost:34543/?token=518473935&user=-1355219268&config=3,8914,0,0
1780530273275,8911,Request,200,OK,Stress Testing 1-51,text,true,,231,155,200,200,http://localhost:34543/?token=518473935&user=-1355219268&config=3,8911,0,0
1780530273270,8917,Request,200,OK,Stress Testing 1-91,text,true,,231,155,200,200,http://localhost:34543/?token=518473935&user=-1355219268&config=3,8917,0,0
1780530273270,8917,Request,200,OK,Stress Testing 1-92,text,true,,231,155,200,200,http://localhost:34543/?token=518473935&user=-1355219268&config=3,8917,0,0
1780530273270,8917,Request,200,OK,Stress Testing 1-93,text,true,,231,155,200,200,http://localhost:34543/?token=518473935&user=-1355219268&config=3,8917,0,0
1780530273270,8917,Request,200,OK,Stress Testing 1-94,text,true,,231,155,200,200,http://localhost:34543/?token=518473935&user=-1355219268&config=3,8917,0,0
1780530273275,8911,Request,200,OK,Stress Testing 1-50,text,true,,231,155,200,200,http://localhost:34543/?token=518473935&user=-1355219268&config=3,8911,0,0
1780530273270,8916,Request,200,OK,Stress Testing 1-2,text,true,,231,155,200,200,http://localhost:34543/?token=518473935&user=-1355219268&config=3,8916,0,0
1780530273270,8917,Request,200,OK,Stress Testing 1-95,text,true,,231,155,200,200,http://localhost:34543/?token=518473935&user=-1355219268&config=3,8917,0,0
1780530273275,8912,Request,200,OK,Stress Testing 1-3,text,true,,231,155,200,200,http://localhost:34543/?token=518473935&user=-1355219268&config=3,8912,0,0
1780530273272,8915,Request,200,OK,Stress Testing 1-65,text,true,,231,155,200,200,http://localhost:34543/?token=518473935&user=-1355219268&config=3,8915,0,0
1780530273275,8912,Request,200,OK,Stress Testing 1-67,text,true,,231,155,200,200,http://localhost:34543/?token=518473935&user=-1355219268&config=3,8912,0,0
1780530273272,8916,Request,200,OK,Stress Testing 1-96,text,true,,231,155,200,200,http://localhost:34543/?token=518473935&user=-1355219268&config=3,8916,0,0
1780530273341,8847,Request,200,OK,Stress Testing 1-160,text,true,,231,155,200,200,http://localhost:34543/?token=518473935&user=-1355219268&config=3,8847,0,4
1780530273272,8916,Request,200,OK,Stress Testing 1-159,text,true,,231,155,200,200,http://localhost:34543/?token=518473935&user=-1355219268&config=3,8916,0,4
1780530273406,8782,Request,200,OK,Stress Testing 1-161,text,true,,231,155,200,200,http://localhost:34543/?token=518473935&user=-1355219268&config=3,8782,0,4
1780530273468,8720,Request,200,OK,Stress Testing 1-162,text,true,,231,155,200,200,http://localhost:34543/?token=518473935&user=-1355219268&config=3,8720,0,3
1780530273665,8523,Request,200,OK,Stress Testing 1-165,text,true,,231,155,200,200,http://localhost:34543/?token=518473935&user=-1355219268&config=3,8523,0,4
1780530273732,8456,Request,200,OK,Stress Testing 1-166,text,true,,231,155,200,200,http://localhost:34543/?token=518473935&user=-1355219268&config=3,8456,0,4
1780530273861,8327,Request,200,OK,Stress Testing 1-168,text,true,,231,155,200,200,http://localhost:34543/?token=518473935&user=-1355219268&config=3,8327,0,4
1780530273596,8593,Request,200,OK,Stress Testing 1-164,text,true,,231,155,200,200,http://localhost:34543/?token=518473935&user=-1355219268&config=3,8593,0,5
1780530273533,8656,Request,200,OK,Stress Testing 1-163,text,true,,231,155,200,200,http://localhost:34543/?token=518473935&user=-1355219268&config=3,8656,0,4
1780530273794,8395,Request,200,OK,Stress Testing 1-167,text,true,,231,155,200,200,http://localhost:34543/?token=518473935&user=-1355219268&config=3,8395,0,5
1780530273924,8265,Request,200,OK,Stress Testing 1-169,text,true,,231,155,200,200,http://localhost:34543/?token=518473935&user=-1355219268&config=3,8265,0,4
1780530273991,8198,Request,200,OK,Stress Testing 1-170,text,true,,231,155,200,200,http://localhost:34543/?token=518473935&user=-1355219268&config=3,8198,0,4
1780530274052,8137,Request,200,OK,Stress Testing 1-171,text,true,,231,155,200,200,http://localhost:34543/?token=518473935&user=-1355219268&config=3,8137,0,4
1780530274117,8072,Request,200,OK,Stress Testing 1-172,text,true,,231,155,200,200,http://localhost:34543/?token=518473935&user=-1355219268&config=3,8072,0,3
1780530274186,8003,Request,200,OK,Stress Testing 1-173,text,true,,231,155,200,200,http://localhost:34543/?token=518473935&user=-1355219268&config=3,8003,0,5
1780530274316,7873,Request,200,OK,Stress Testing 1-175,text,true,,231,155,200,200,http://localhost:34543/?token=518473935&user=-1355219268&config=3,7873,0,4
1780530274250,7939,Request,200,OK,Stress Testing 1-174,text,true,,231,155,200,200,http://localhost:34543/?token=518473935&user=-1355219268&config=3,7939,0,3
1780530274377,7812,Request,200,OK,Stress Testing 1-176,text,true,,231,155,200,200,http://localhost:34543/?token=518473935&user=-1355219268&config=3,7812,0,4
1780530274508,7685,Request,200,OK,Stress Testing 1-178,text,true,,231,155,200,200,http://localhost:34543/?token=518473935&user=-1355219268&config=3,7685,0,3
1780530274574,7619,Request,200,OK,Stress Testing 1-179,text,true,,231,155,200,200,http://localhost:34543/?token=518473935&user=-1355219268&config=3,7619,0,4
1780530274442,7751,Request,200,OK,Stress Testing 1-177,text,true,,231,155,200,200,http://localhost:34543/?token=518473935&user=-1355219268&config=3,7751,0,3
1780530274637,7556,Request,200,OK,Stress Testing 1-180,text,true,,231,155,200,200,http://localhost:34543/?token=518473935&user=-1355219268&config=3,7556,0,4
1780530275034,7329,Request,200,OK,Stress Testing 1-7,text,true,,231,155,200,200,http://localhost:34543/?token=518473935&user=-1355219268&config=3,7329,0,0
1780530275037,7326,Request,200,OK,Stress Testing 1-28,text,true,,231,155,200,200,http://localhost:34543/?token=518473935&user=-1355219268&config=3,7326,0,0
1780530275037,7326,Request,200,OK,Stress Testing 1-34,text,true,,231,155,200,200,http://localhost:34543/?token=518473935&user=-1355219268&config=3,7326,0,0
1780530275035,7328,Request,200,OK,Stress Testing 1-100,text,true,,231,155,200,200,http://localhost:34543/?token=518473935&user=-1355219268&config=3,7328,0,0
1780530275037,7326,Request,200,OK,Stress Testing 1-52,text,true,,231,155,200,200,http://localhost:34543/?token=518473935&user=-1355219268&config=3,7326,0,0
1780530275035,7328,Request,200,OK,Stress Testing 1-101,text,true,,231,155,200,200,http://localhost:34543/?token=518473935&user=-1355219268&config=3,7328,0,0
1780530275037,7331,Request,200,OK,Stress Testing 1-42,text,true,,231,155,200,200,http://localhost:34543/?token=518473935&user=-1355219268&config=3,7331,0,0
1780530275037,7331,Request,200,OK,Stress Testing 1-53,text,true,,231,155,200,200,http://localhost:34543/?token=518473935&user=-1355219268&config=3,7331,0,0
1780530275037,7331,Request,200,OK,Stress Testing 1-12,text,true,,231,155,200,200,http://localhost:34543/?token=518473935&user=-1355219268&config=3,7331,0,0
1780530275035,7333,Request,200,OK,Stress Testing 1-98,text,true,,231,155,200,200,http://localhost:34543/?token=518473935&user=-1355219268&config=3,7333,0,0
1780530277026,5928,Request,200,OK,Stress Testing 1-41,text,true,,231,155,200,200,http://localhost:34543/?token=518473935&user=-1355219268&config=3,5928,0,0
1780530277028,5926,Request,200,OK,Stress Testing 1-14,text,true,,231,155,200,200,http://localhost:34543/?token=518473935&user=-1355219268&config=3,5926,0,0
1780530277026,5928,Request,200,OK,Stress Testing 1-54,text,true,,231,155,200,200,http://localhost:34543/?token=518473935&user=-1355219268&config=3,5928,0,0
1780530277026,5928,Request,200,OK,Stress Testing 1-69,text,true,,231,155,200,200,http://localhost:34543/?token=518473935&user=-1355219268&config=3,5928,0,0
1780530277026,5928,Request,200,OK,Stress Testing 1-71,text,true,,231,155,200,200,http://localhost:34543/?token=518473935&user=-1355219268&config=3,5928,0,0
1780530275225,7729,Request,200,OK,Stress Testing 1-189,text,true,,231,155,200,200,http://localhost:34543/?token=518473935&user=-1355219268&config=3,7729,0,4
1780530275035,7919,Request,200,OK,Stress Testing 1-99,text,true,,231,155,200,200,http://localhost:34543/?token=518473935&user=-1355219268&config=3,7919,0,0
1780530275290,7665,Request,200,OK,Stress Testing 1-190,text,true,,231,155,200,200,http://localhost:34543/?token=518473935&user=-1355219268&config=3,7665,0,3
1780530275161,7793,Request,200,OK,Stress Testing 1-188,text,true,,231,155,200,200,http://localhost:34543/?token=518473935&user=-1355219268&config=3,7793,0,4
1780530275094,7860,Request,200,OK,Stress Testing 1-187,text,true,,231,155,200,200,http://localhost:34543/?token=518473935&user=-1355219268&config=3,7860,0,3
1780530275031,7923,Request,200,OK,Stress Testing 1-186,text,true,,231,155,200,200,http://localhost:34543/?token=518473935&user=-1355219268&config=3,7923,0,4
1780530277026,5928,Request,200,OK,Stress Testing 1-70,text,true,,231,155,200,200,http://localhost:34543/?token=518473935&user=-1355219268&config=3,5928,0,0
1780530277028,5930,Request,200,OK,Stress Testing 1-8,text,true,,231,155,200,200,http://localhost:34543/?token=518473935&user=-1355219268&config=3,5930,0,0
1780530277028,5930,Request,200,OK,Stress Testing 1-19,text,true,,231,155,200,200,http://localhost:34543/?token=518473935&user=-1355219268&config=3,5930,0,0
1780530277027,5931,Request,200,OK,Stress Testing 1-102,text,true,,231,155,200,200,http://localhost:34543/?token=518473935&user=-1355219268&config=3,5931,0,0
1780530277028,5930,Request,200,OK,Stress Testing 1-103,text,true,,231,155,200,200,http://localhost:34543/?token=518473935&user=-1355219268&config=3,5930,0,0
1780530277028,5931,Request,200,OK,Stress Testing 1-104,text,true,,231,155,200,200,http://localhost:34543/?token=518473935&user=-1355219268&config=3,5931,0,0
1780530277033,6553,Request,200,OK,Stress Testing 1-73,text,true,,231,155,200,200,http://localhost:34543/?token=518473935&user=-1355219268&config=3,6553,0,0
1780530277033,6554,Request,200,OK,Stress Testing 1-4,text,true,,231,155,200,200,http://localhost:34543/?token=518473935&user=-1355219268&config=3,6554,0,0
1780530277033,6554,Request,200,OK,Stress Testing 1-29,text,true,,231,155,200,200,http://localhost:34543/?token=518473935&user=-1355219268&config=3,6554,0,0
1780530279066,4521,Request,200,OK,Stress Testing 1-35,text,true,,231,155,200,200,http://localhost:34543/?token=518473935&user=-1355219268&config=3,4521,0,0
1780530277033,6554,Request,200,OK,Stress Testing 1-36,text,true,,231,155,200,200,http://localhost:34543/?token=518473935&user=-1355219268&config=3,6554,0,0
1780530279066,4521,Request,200,OK,Stress Testing 1-45,text,true,,231,155,200,200,http://localhost:34543/?token=518473935&user=-1355219268&config=3,4521,0,0
1780530279066,4521,Request,200,OK,Stress Testing 1-23,text,true,,231,155,200,200,http://localhost:34543/?token=518473935&user=-1355219268&config=3,4521,0,0
1780530279066,4522,Request,200,OK,Stress Testing 1-24,text,true,,231,155,200,200,http://localhost:34543/?token=518473935&user=-1355219268&config=3,4522,0,0
1780530279068,4520,Request,200,OK,Stress Testing 1-143,text,true,,231,155,200,200,http://localhost:34543/?token=518473935&user=-1355219268&config=3,4520,0,6
1780530279067,4521,Request,200,OK,Stress Testing 1-139,text,true,,231,155,200,200,http://localhost:34543/?token=518473935&user=-1355219268&config=3,4521,0,8
1780530279068,4520,Request,200,OK,Stress Testing 1-145,text,true,,231,155,200,200,http://localhost:34543/?token=518473935&user=-1355219268&config=3,4520,0,4
1780530280191,3397,Request,200,OK,Stress Testing 1-107,text,true,,231,155,200,200,http://localhost:34543/?token=518473935&user=-1355219268&config=3,3397,0,0
1780530280194,3394,Request,200,OK,Stress Testing 1-109,text,true,,231,155,200,200,http://localhost:34543/?token=518473935&user=-1355219268&config=3,3394,0,0
1780530280194,3394,Request,200,OK,Stress Testing 1-108,text,true,,231,155,200,200,http://localhost:34543/?token=518473935&user=-1355219268&config=3,3394,0,0
1780530279067,4521,Request,200,OK,Stress Testing 1-144,text,true,,231,155,200,200,http://localhost:34543/?token=518473935&user=-1355219268&config=3,4521,0,10
1780530279069,4519,Request,200,OK,Stress Testing 1-140,text,true,,231,155,200,200,http://localhost:34543/?token=518473935&user=-1355219268&config=3,4519,0,9
1780530279067,4521,Request,200,OK,Stress Testing 1-141,text,true,,231,155,200,200,http://localhost:34543/?token=518473935&user=-1355219268&config=3,4521,0,4
1780530280500,3089,Request,200,OK,Stress Testing 1-44,text,true,,231,155,200,200,http://localhost:34543/?token=518473935&user=-1355219268&config=3,3089,0,0
1780530280500,3089,Request,200,OK,Stress Testing 1-74,text,true,,231,155,200,200,http://localhost:34543/?token=518473935&user=-1355219268&config=3,3089,0,0
1780530280194,3395,Request,200,OK,Stress Testing 1-105,text,true,,231,155,200,200,http://localhost:34543/?token=518473935&user=-1355219268&config=3,3395,0,0
1780530280194,3395,Request,200,OK,Stress Testing 1-110,text,true,,231,155,200,200,http://localhost:34543/?token=518473935&user=-1355219268&config=3,3395,0,0
1780530279067,4522,Request,200,OK,Stress Testing 1-142,text,true,,231,155,200,200,http://localhost:34543/?token=518473935&user=-1355219268&config=3,4522,0,12
1780530280194,3398,Request,200,OK,Stress Testing 1-106,text,true,,231,155,200,200,http://localhost:34543/?token=518473935&user=-1355219268&config=3,3398,0,0
1780530280500,3092,Request,200,OK,Stress Testing 1-111,text,true,,231,155,200,200,http://localhost:34543/?token=518473935&user=-1355219268&config=3,3092,0,0
1780530280501,3091,Request,200,OK,Stress Testing 1-114,text,true,,231,155,200,200,http://localhost:34543/?token=518473935&user=-1355219268&config=3,3091,0,0
1780530275351,9099,Request,200,OK,Stress Testing 1-191,text,true,,231,155,200,200,http://localhost:34543/?token=518473935&user=-1355219268&config=3,9099,0,3
1780530275417,9033,Request,200,OK,Stress Testing 1-192,text,true,,231,155,200,200,http://localhost:34543/?token=518473935&user=-1355219268&config=3,9033,0,3
1780530275483,8967,Request,200,OK,Stress Testing 1-193,text,true,,231,155,200,200,http://localhost:34543/?token=518473935&user=-1355219268&config=3,8967,0,3
1780530275550,8900,Request,200,OK,Stress Testing 1-194,text,true,,231,155,200,200,http://localhost:34543/?token=518473935&user=-1355219268&config=3,8900,0,3
1780530275613,8837,Request,200,OK,Stress Testing 1-195,text,true,,231,155,200,200,http://localhost:34543/?token=518473935&user=-1355219268&config=3,8837,0,5
1780530275677,8774,Request,200,OK,Stress Testing 1-196,text,true,,231,155,200,200,http://localhost:34543/?token=518473935&user=-1355219268&config=3,8774,0,5
1780530275874,8577,Request,200,OK,Stress Testing 1-199,text,true,,231,155,200,200,http://localhost:34543/?token=518473935&user=-1355219268&config=3,8577,0,3
1780530275742,8717,Request,200,OK,Stress Testing 1-197,text,true,,231,155,200,200,http://localhost:34543/?token=518473935&user=-1355219268&config=3,8717,0,3
1780530275811,8648,Request,200,OK,Stress Testing 1-198,text,true,,231,155,200,200,http://localhost:34543/?token=518473935&user=-1355219268&config=3,8648,0,4
1780530275940,8519,Request,200,OK,Stress Testing 1-200,text,true,,231,155,200,200,http://localhost:34543/?token=518473935&user=-1355219268&config=3,8519,0,4
1780530280501,4707,Request,200,OK,Stress Testing 1-115,text,true,,231,155,200,200,http://localhost:34543/?token=518473935&user=-1355219268&config=3,4707,0,0
1780530280501,4992,Request,200,OK,Stress Testing 1-112,text,true,,231,155,200,200,http://localhost:34543/?token=518473935&user=-1355219268&config=3,4992,0,0
1780530280507,4986,Request,200,OK,Stress Testing 1-116,text,true,,231,155,200,200,http://localhost:34543/?token=518473935&user=-1355219268&config=3,4986,0,0
1780530280507,4988,Request,200,OK,Stress Testing 1-113,text,true,,231,155,200,200,http://localhost:34543/?token=518473935&user=-1355219268&config=3,4988,0,0
1780530281462,4033,Request,200,OK,Stress Testing 1-30,text,true,,231,155,200,200,http://localhost:34543/?token=518473935&user=-1355219268&config=3,4033,0,0
1780530281462,4033,Request,200,OK,Stress Testing 1-5,text,true,,231,155,200,200,http://localhost:34543/?token=518473935&user=-1355219268&config=3,4033,0,0
1780530280507,4988,Request,200,OK,Stress Testing 1-117,text,true,,231,155,200,200,http://localhost:34543/?token=518473935&user=-1355219268&config=3,4988,0,0
1780530280507,4988,Request,200,OK,Stress Testing 1-118,text,true,,231,155,200,200,http://localhost:34543/?token=518473935&user=-1355219268&config=3,4988,0,0
1780530281462,4033,Request,200,OK,Stress Testing 1-10,text,true,,231,155,200,200,http://localhost:34543/?token=518473935&user=-1355219268&config=3,4033,0,0
1780530281462,4034,Request,200,OK,Stress Testing 1-75,text,true,,231,155,200,200,http://localhost:34543/?token=518473935&user=-1355219268&config=3,4034,0,0
1780530281462,4034,Request,200,OK,Stress Testing 1-77,text,true,,231,155,200,200,http://localhost:34543/?token=518473935&user=-1355219268&config=3,4034,0,0
1780530281463,4033,Request,200,OK,Stress Testing 1-121,text,true,,231,155,200,200,http://localhost:34543/?token=518473935&user=-1355219268&config=3,4033,0,0
1780530281463,4033,Request,200,OK,Stress Testing 1-126,text,true,,231,155,200,200,http://localhost:34543/?token=518473935&user=-1355219268&config=3,4033,0,0
1780530281462,4034,Request,200,OK,Stress Testing 1-9,text,true,,231,155,200,200,http://localhost:34543/?token=518473935&user=-1355219268&config=3,4034,0,0
1780530281462,4034,Request,200,OK,Stress Testing 1-15,text,true,,231,155,200,200,http://localhost:34543/?token=518473935&user=-1355219268&config=3,4034,0,0
1780530281462,4034,Request,200,OK,Stress Testing 1-78,text,true,,231,155,200,200,http://localhost:34543/?token=518473935&user=-1355219268&config=3,4034,0,0
1780530281463,4033,Request,200,OK,Stress Testing 1-122,text,true,,231,155,200,200,http://localhost:34543/?token=518473935&user=-1355219268&config=3,4033,0,0
1780530281463,4034,Request,200,OK,Stress Testing 1-123,text,true,,231,155,200,200,http://localhost:34543/?token=518473935&user=-1355219268&config=3,4034,0,0
1780530281466,4031,Request,200,OK,Stress Testing 1-128,text,true,,231,155,200,200,http://localhost:34543/?token=518473935&user=-1355219268&config=3,4031,0,0
1780530281462,4035,Request,200,OK,Stress Testing 1-18,text,true,,231,155,200,200,http://localhost:34543/?token=518473935&user=-1355219268&config=3,4035,0,0
1780530281462,4036,Request,200,OK,Stress Testing 1-43,text,true,,231,155,200,200,http://localhost:34543/?token=518473935&user=-1355219268&config=3,4036,0,0
1780530281462,4036,Request,200,OK,Stress Testing 1-55,text,true,,231,155,200,200,http://localhost:34543/?token=518473935&user=-1355219268&config=3,4036,0,0
1780530281463,4035,Request,200,OK,Stress Testing 1-124,text,true,,231,155,200,200,http://localhost:34543/?token=518473935&user=-1355219268&config=3,4035,0,0
1780530281466,4032,Request,200,OK,Stress Testing 1-127,text,true,,231,155,200,200,http://localhost:34543/?token=518473935&user=-1355219268&config=3,4032,0,0
1780530281462,4036,Request,200,OK,Stress Testing 1-56,text,true,,231,155,200,200,http://localhost:34543/?token=518473935&user=-1355219268&config=3,4036,0,0
1780530281462,4036,Request,200,OK,Stress Testing 1-57,text,true,,231,155,200,200,http://localhost:34543/?token=518473935&user=-1355219268&config=3,4036,0,0
1780530281462,4036,Request,200,OK,Stress Testing 1-76,text,true,,231,155,200,200,http://localhost:34543/?token=518473935&user=-1355219268&config=3,4036,0,0
1780530281463,4036,Request,200,OK,Stress Testing 1-119,text,true,,231,155,200,200,http://localhost:34543/?token=518473935&user=-1355219268&config=3,4036,0,0
1780530281463,4036,Request,200,OK,Stress Testing 1-120,text,true,,231,155,200,200,http://localhost:34543/?token=518473935&user=-1355219268&config=3,4036,0,0
1780530281463,4036,Request,200,OK,Stress Testing 1-125,text,true,,231,155,200,200,http://localhost:34543/?token=518473935&user=-1355219268&config=3,4036,0,0
1780530281588,3913,Request,200,OK,Stress Testing 1-37,text,true,,231,155,200,200,http://localhost:34543/?token=518473935&user=-1355219268&config=3,3913,0,0
1780530281466,4035,Request,200,OK,Stress Testing 1-129,text,true,,231,155,200,200,http://localhost:34543/?token=518473935&user=-1355219268&config=3,4035,0,0
1780530281588,4312,Request,200,OK,Stress Testing 1-25,text,true,,231,155,200,200,http://localhost:34543/?token=518473935&user=-1355219268&config=3,4312,0,0
1780530281588,4315,Request,200,OK,Stress Testing 1-31,text,true,,231,155,200,200,http://localhost:34543/?token=518473935&user=-1355219268&config=3,4315,0,0
1780530281588,4315,Request,200,OK,Stress Testing 1-38,text,true,,231,155,200,200,http://localhost:34543/?token=518473935&user=-1355219268&config=3,4315,0,0
1780530281588,4315,Request,200,OK,Stress Testing 1-58,text,true,,231,155,200,200,http://localhost:34543/?token=518473935&user=-1355219268&config=3,4315,0,0
1780530281588,4315,Request,200,OK,Stress Testing 1-46,text,true,,231,155,200,200,http://localhost:34543/?token=518473935&user=-1355219268&config=3,4315,0,0
1780530281588,4315,Request,200,OK,Stress Testing 1-59,text,true,,231,155,200,200,http://localhost:34543/?token=518473935&user=-1355219268&config=3,4315,0,0
1780530281588,4315,Request,200,OK,Stress Testing 1-80,text,true,,231,155,200,200,http://localhost:34543/?token=518473935&user=-1355219268&config=3,4315,0,0
1780530281589,4314,Request,200,OK,Stress Testing 1-83,text,true,,231,155,200,200,http://localhost:34543/?token=518473935&user=-1355219268&config=3,4314,0,0
1780530281589,4314,Request,200,OK,Stress Testing 1-131,text,true,,231,155,200,200,http://localhost:34543/?token=518473935&user=-1355219268&config=3,4314,0,0
1780530281589,4314,Request,200,OK,Stress Testing 1-132,text,true,,231,155,200,200,http://localhost:34543/?token=518473935&user=-1355219268&config=3,4314,0,0
1780530281589,4314,Request,200,OK,Stress Testing 1-135,text,true,,231,155,200,200,http://localhost:34543/?token=518473935&user=-1355219268&config=3,4314,0,0
1780530281588,4316,Request,200,OK,Stress Testing 1-79,text,true,,231,155,200,200,http://localhost:34543/?token=518473935&user=-1355219268&config=3,4316,0,0
1780530281589,4315,Request,200,OK,Stress Testing 1-81,text,true,,231,155,200,200,http://localhost:34543/?token=518473935&user=-1355219268&config=3,4315,0,0
1780530281589,4315,Request,200,OK,Stress Testing 1-130,text,true,,231,155,200,200,http://localhost:34543/?token=518473935&user=-1355219268&config=3,4315,0,0
1780530281590,4314,Request,200,OK,Stress Testing 1-134,text,true,,231,155,200,200,http://localhost:34543/?token=518473935&user=-1355219268&config=3,4314,0,0
1780530281588,4316,Request,200,OK,Stress Testing 1-82,text,true,,231,155,200,200,http://localhost:34543/?token=518473935&user=-1355219268&config=3,4316,0,0
1780530281589,4315,Request,200,OK,Stress Testing 1-133,text,true,,231,155,200,200,http://localhost:34543/?token=518473935&user=-1355219268&config=3,4315,0,0
1780530281590,4314,Request,200,OK,Stress Testing 1-6,text,true,,231,155,200,200,http://localhost:34543/?token=518473935&user=-1355219268&config=3,4314,0,0
1780530281591,4313,Request,200,OK,Stress Testing 1-17,text,true,,231,155,200,200,http://localhost:34543/?token=518473935&user=-1355219268&config=3,4313,0,0
1780530282035,3869,Request,200,OK,Stress Testing 1-21,text,true,,231,155,200,200,http://localhost:34543/?token=518473935&user=-1355219268&config=3,3869,0,0
1780530281591,4313,Request,200,OK,Stress Testing 1-48,text,true,,231,155,200,200,http://localhost:34543/?token=518473935&user=-1355219268&config=3,4313,0,0
1780530281591,4313,Request,200,OK,Stress Testing 1-49,text,true,,231,155,200,200,http://localhost:34543/?token=518473935&user=-1355219268&config=3,4313,0,0
1780530281591,4313,Request,200,OK,Stress Testing 1-63,text,true,,231,155,200,200,http://localhost:34543/?token=518473935&user=-1355219268&config=3,4313,0,0
1780530281591,4313,Request,200,OK,Stress Testing 1-64,text,true,,231,155,200,200,http://localhost:34543/?token=518473935&user=-1355219268&config=3,4313,0,0
1780530281590,4314,Request,200,OK,Stress Testing 1-136,text,true,,231,155,200,200,http://localhost:34543/?token=518473935&user=-1355219268&config=3,4314,0,0
1780530281590,4315,Request,200,OK,Stress Testing 1-137,text,true,,231,155,200,200,http://localhost:34543/?token=518473935&user=-1355219268&config=3,4315,0,0
1780530281590,4315,Request,200,OK,Stress Testing 1-138,text,true,,231,155,200,200,http://localhost:34543/?token=518473935&user=-1355219268&config=3,4315,0,0
1780530281595,4310,Request,200,OK,Stress Testing 1-184,text,true,,231,155,200,200,http://localhost:34543/?token=518473935&user=-1355219268&config=3,4310,0,4
1780530282035,3871,Request,200,OK,Stress Testing 1-1,text,true,,231,155,200,200,http://localhost:34543/?token=518473935&user=-1355219268&config=3,3871,0,0
1780530282035,3871,Request,200,OK,Stress Testing 1-16,text,true,,231,155,200,200,http://localhost:34543/?token=518473935&user=-1355219268&config=3,3871,0,0
1780530282035,3871,Request,200,OK,Stress Testing 1-20,text,true,,231,155,200,200,http://localhost:34543/?token=518473935&user=-1355219268&config=3,3871,0,0
1780530281595,4311,Request,200,OK,Stress Testing 1-185,text,true,,231,155,200,200,http://localhost:34543/?token=518473935&user=-1355219268&config=3,4311,0,3
1780530281595,4311,Request,200,OK,Stress Testing 1-183,text,true,,231,155,200,200,http://localhost:34543/?token=518473935&user=-1355219268&config=3,4311,0,6
1780530282035,3871,Request,200,OK,Stress Testing 1-47,text,true,,231,155,200,200,http://localhost:34543/?token=518473935&user=-1355219268&config=3,3871,0,0
1780530282035,3871,Request,200,OK,Stress Testing 1-32,text,true,,231,155,200,200,http://localhost:34543/?token=518473935&user=-1355219268&config=3,3871,0,0
1780530282036,3870,Request,200,OK,Stress Testing 1-88,text,true,,231,155,200,200,http://localhost:34543/?token=518473935&user=-1355219268&config=3,3870,0,0
1780530281591,4315,Request,200,OK,Stress Testing 1-182,text,true,,231,155,200,200,http://localhost:34543/?token=518473935&user=-1355219268&config=3,4315,0,3
1780530281595,4311,Request,200,OK,Stress Testing 1-181,text,true,,231,155,200,200,http://localhost:34543/?token=518473935&user=-1355219268&config=3,4311,0,7
1780530282035,3872,Request,200,OK,Stress Testing 1-11,text,true,,231,155,200,200,http://localhost:34543/?token=518473935&user=-1355219268&config=3,3872,0,0
1780530282035,3872,Request,200,OK,Stress Testing 1-33,text,true,,231,155,200,200,http://localhost:34543/?token=518473935&user=-1355219268&config=3,3872,0,0
1780530282036,3871,Request,200,OK,Stress Testing 1-60,text,true,,231,155,200,200,http://localhost:34543/?token=518473935&user=-1355219268&config=3,3871,0,0
1780530282036,3871,Request,200,OK,Stress Testing 1-61,text,true,,231,155,200,200,http://localhost:34543/?token=518473935&user=-1355219268&config=3,3871,0,0
1780530282036,3871,Request,200,OK,Stress Testing 1-62,text,true,,231,155,200,200,http://localhost:34543/?token=518473935&user=-1355219268&config=3,3871,0,0
1780530282036,3871,Request,200,OK,Stress Testing 1-84,text,true,,231,155,200,200,http://localhost:34543/?token=518473935&user=-1355219268&config=3,3871,0,0
1780530282036,3871,Request,200,OK,Stress Testing 1-86,text,true,,231,155,200,200,http://localhost:34543/?token=518473935&user=-1355219268&config=3,3871,0,0
1780530282036,3871,Request,200,OK,Stress Testing 1-87,text,true,,231,155,200,200,http://localhost:34543/?token=518473935&user=-1355219268&config=3,3871,0,0
1780530282036,3871,Request,200,OK,Stress Testing 1-89,text,true,,231,155,200,200,http://localhost:34543/?token=518473935&user=-1355219268&config=3,3871,0,0
1780530282036,3871,Request,200,OK,Stress Testing 1-146,text,true,,231,155,200,200,http://localhost:34543/?token=518473935&user=-1355219268&config=3,3871,0,0
1780530282036,3871,Request,200,OK,Stress Testing 1-147,text,true,,231,155,200,200,http://localhost:34543/?token=518473935&user=-1355219268&config=3,3871,0,0
1780530282036,3872,Request,200,OK,Stress Testing 1-148,text,true,,231,155,200,200,http://localhost:34543/?token=518473935&user=-1355219268&config=3,3872,0,0
1780530282036,3872,Request,200,OK,Stress Testing 1-149,text,true,,231,155,200,200,http://localhost:34543/?token=518473935&user=-1355219268&config=3,3872,0,0
1780530282037,3871,Request,200,OK,Stress Testing 1-150,text,true,,231,155,200,200,http://localhost:34543/?token=518473935&user=-1355219268&config=3,3871,0,0
1780530282037,3871,Request,200,OK,Stress Testing 1-152,text,true,,231,155,200,200,http://localhost:34543/?token=518473935&user=-1355219268&config=3,3871,0,0
1780530282037,3871,Request,200,OK,Stress Testing 1-157,text,true,,231,155,200,200,http://localhost:34543/?token=518473935&user=-1355219268&config=3,3871,0,0
1780530282037,3871,Request,200,OK,Stress Testing 1-155,text,true,,231,155,200,200,http://localhost:34543/?token=518473935&user=-1355219268&config=3,3871,0,0
1780530282035,3873,Request,200,OK,Stress Testing 1-26,text,true,,231,155,200,200,http://localhost:34543/?token=518473935&user=-1355219268&config=3,3873,0,0
1780530282035,3873,Request,200,OK,Stress Testing 1-39,text,true,,231,155,200,200,http://localhost:34543/?token=518473935&user=-1355219268&config=3,3873,0,0
1780530282036,3873,Request,200,OK,Stress Testing 1-85,text,true,,231,155,200,200,http://localhost:34543/?token=518473935&user=-1355219268&config=3,3873,0,0
1780530282036,3873,Request,200,OK,Stress Testing 1-90,text,true,,231,155,200,200,http://localhost:34543/?token=518473935&user=-1355219268&config=3,3873,0,0
1780530282037,3872,Request,200,OK,Stress Testing 1-151,text,true,,231,155,200,200,http://localhost:34543/?token=518473935&user=-1355219268&config=3,3872,0,0
1780530282037,3872,Request,200,OK,Stress Testing 1-158,text,true,,231,155,200,200,http://localhost:34543/?token=518473935&user=-1355219268&config=3,3872,0,0
1780530282037,3872,Request,200,OK,Stress Testing 1-156,text,true,,231,155,200,200,http://localhost:34543/?token=518473935&user=-1355219268&config=3,3872,0,0
1780530282039,3870,Request,200,OK,Stress Testing 1-27,text,true,,231,155,200,200,http://localhost:34543/?token=518473935&user=-1355219268&config=3,3870,0,0
1780530282039,3870,Request,200,OK,Stress Testing 1-72,text,true,,231,155,200,200,http://localhost:34543/?token=518473935&user=-1355219268&config=3,3870,0,0
1780530282039,3870,Request,200,OK,Stress Testing 1-97,text,true,,231,155,200,200,http://localhost:34543/?token=518473935&user=-1355219268&config=3,3870,0,0
1780530282037,3872,Request,200,OK,Stress Testing 1-153,text,true,,231,155,200,200,http://localhost:34543/?token=518473935&user=-1355219268&config=3,3872,0,0
1780530282037,3872,Request,200,OK,Stress Testing 1-154,text,true,,231,155,200,200,http://localhost:34543/?token=518473935&user=-1355219268&config=3,3872,0,0
1780530282187,3722,Request,200,OK,Stress Testing 1-2,text,true,,231,155,200,200,http://localhost:34543/?token=518473935&user=-1355219268&config=3,3722,0,0
1780530282039,3870,Request,200,OK,Stress Testing 1-13,text,true,,231,155,200,200,http://localhost:34543/?token=518473935&user=-1355219268&config=3,3870,0,0
1780530282187,3723,Request,200,OK,Stress Testing 1-50,text,true,,231,155,200,200,http://localhost:34543/?token=518473935&user=-1355219268&config=3,3723,0,0
1780530282187,3723,Request,200,OK,Stress Testing 1-51,text,true,,231,155,200,200,http://localhost:34543/?token=518473935&user=-1355219268&config=3,3723,0,0
1780530282039,3871,Request,200,OK,Stress Testing 1-68,text,true,,231,155,200,200,http://localhost:34543/?token=518473935&user=-1355219268&config=3,3871,0,0
1780530282187,3723,Request,200,OK,Stress Testing 1-91,text,true,,231,155,200,200,http://localhost:34543/?token=518473935&user=-1355219268&config=3,3723,0,0
1780530282187,3723,Request,200,OK,Stress Testing 1-66,text,true,,231,155,200,200,http://localhost:34543/?token=518473935&user=-1355219268&config=3,3723,0,0
1780530282187,3723,Request,200,OK,Stress Testing 1-95,text,true,,231,155,200,200,http://localhost:34543/?token=518473935&user=-1355219268&config=3,3723,0,0
1780530282187,4116,Request,200,OK,Stress Testing 1-40,text,true,,231,155,200,200,http://localhost:34543/?token=518473935&user=-1355219268&config=3,4116,0,0
1780530282188,4116,Request,200,OK,Stress Testing 1-3,text,true,,231,155,200,200,http://localhost:34543/?token=518473935&user=-1355219268&config=3,4116,0,0
1780530282187,4117,Request,200,OK,Stress Testing 1-22,text,true,,231,155,200,200,http://localhost:34543/?token=518473935&user=-1355219268&config=3,4117,0,0
1780530282187,4117,Request,200,OK,Stress Testing 1-92,text,true,,231,155,200,200,http://localhost:34543/?token=518473935&user=-1355219268&config=3,4117,0,0
1780530282187,4117,Request,200,OK,Stress Testing 1-93,text,true,,231,155,200,200,http://localhost:34543/?token=518473935&user=-1355219268&config=3,4117,0,0
1780530282187,4117,Request,200,OK,Stress Testing 1-94,text,true,,231,155,200,200,http://localhost:34543/?token=518473935&user=-1355219268&config=3,4117,0,0
1780530282188,4120,Request,200,OK,Stress Testing 1-65,text,true,,231,155,200,200,http://localhost:34543/?token=518473935&user=-1355219268&config=3,4120,0,0
1780530282188,4120,Request,200,OK,Stress Testing 1-67,text,true,,231,155,200,200,http://localhost:34543/?token=518473935&user=-1355219268&config=3,4120,0,0
1780530282188,4120,Request,200,OK,Stress Testing 1-162,text,true,,231,155,200,200,http://localhost:34543/?token=518473935&user=-1355219268&config=3,4120,0,0
1780530282188,4120,Request,200,OK,Stress Testing 1-159,text,true,,231,155,200,200,http://localhost:34543/?token=518473935&user=-1355219268&config=3,4120,0,0
1780530282188,5169,Request,200,OK,Stress Testing 1-165,text,true,,231,155,200,200,http://localhost:34543/?token=518473935&user=-1355219268&config=3,5169,0,0
1780530282188,5173,Request,200,OK,Stress Testing 1-168,text,true,,231,155,200,200,http://localhost:34543/?token=518473935&user=-1355219268&config=3,5173,0,0
1780530282363,6020,Request,200,OK,Stress Testing 1-7,text,true,,231,155,200,200,http://localhost:34543/?token=518473935&user=-1355219268&config=3,6020,0,0
1780530282954,5429,Request,200,OK,Stress Testing 1-14,text,true,,231,155,200,200,http://localhost:34543/?token=518473935&user=-1355219268&config=3,5429,0,0
1780530282363,6020,Request,200,OK,Stress Testing 1-28,text,true,,231,155,200,200,http://localhost:34543/?token=518473935&user=-1355219268&config=3,6020,0,0
1780530282363,6020,Request,200,OK,Stress Testing 1-34,text,true,,231,155,200,200,http://localhost:34543/?token=518473935&user=-1355219268&config=3,6020,0,0
1780530282954,5429,Request,200,OK,Stress Testing 1-41,text,true,,231,155,200,200,http://localhost:34543/?token=518473935&user=-1355219268&config=3,5429,0,0
1780530282363,6020,Request,200,OK,Stress Testing 1-52,text,true,,231,155,200,200,http://localhost:34543/?token=518473935&user=-1355219268&config=3,6020,0,0
1780530282954,5429,Request,200,OK,Stress Testing 1-54,text,true,,231,155,200,200,http://localhost:34543/?token=518473935&user=-1355219268&config=3,5429,0,0
1780530282954,5429,Request,200,OK,Stress Testing 1-69,text,true,,231,155,200,200,http://localhost:34543/?token=518473935&user=-1355219268&config=3,5429,0,0
1780530282955,5428,Request,200,OK,Stress Testing 1-70,text,true,,231,155,200,200,http://localhost:34543/?token=518473935&user=-1355219268&config=3,5428,0,0
1780530282955,5428,Request,200,OK,Stress Testing 1-71,text,true,,231,155,200,200,http://localhost:34543/?token=518473935&user=-1355219268&config=3,5428,0,0
1780530282955,5428,Request,200,OK,Stress Testing 1-99,text,true,,231,155,200,200,http://localhost:34543/?token=518473935&user=-1355219268&config=3,5428,0,0
1780530282363,6020,Request,200,OK,Stress Testing 1-100,text,true,,231,155,200,200,http://localhost:34543/?token=518473935&user=-1355219268&config=3,6020,0,0
1780530282363,6020,Request,200,OK,Stress Testing 1-101,text,true,,231,155,200,200,http://localhost:34543/?token=518473935&user=-1355219268&config=3,6020,0,0
1780530282955,5429,Request,200,OK,Stress Testing 1-187,text,true,,231,155,200,200,http://localhost:34543/?token=518473935&user=-1355219268&config=3,5429,0,0
1780530282955,5429,Request,200,OK,Stress Testing 1-188,text,true,,231,155,200,200,http://localhost:34543/?token=518473935&user=-1355219268&config=3,5429,0,0
1780530282955,5429,Request,200,OK,Stress Testing 1-189,text,true,,231,155,200,200,http://localhost:34543/?token=518473935&user=-1355219268&config=3,5429,0,0
1780530282955,5429,Request,200,OK,Stress Testing 1-190,text,true,,231,155,200,200,http://localhost:34543/?token=518473935&user=-1355219268&config=3,5429,0,0
1780530282958,5429,Request,200,OK,Stress Testing 1-8,text,true,,231,155,200,200,http://localhost:34543/?token=518473935&user=-1355219268&config=3,5429,0,0
1780530282958,5429,Request,200,OK,Stress Testing 1-19,text,true,,231,155,200,200,http://localhost:34543/?token=518473935&user=-1355219268&config=3,5429,0,0
1780530282958,5429,Request,200,OK,Stress Testing 1-102,text,true,,231,155,200,200,http://localhost:34543/?token=518473935&user=-1355219268&config=3,5429,0,0
1780530282955,5432,Request,200,OK,Stress Testing 1-186,text,true,,231,155,200,200,http://localhost:34543/?token=518473935&user=-1355219268&config=3,5432,0,0
1780530282958,5449,Request,200,OK,Stress Testing 1-103,text,true,,231,155,200,200,http://localhost:34543/?token=518473935&user=-1355219268&config=3,5449,0,0
1780530283587,4824,Request,200,OK,Stress Testing 1-29,text,true,,231,155,200,200,http://localhost:34543/?token=518473935&user=-1355219268&config=3,4824,0,0
1780530283587,4824,Request,200,OK,Stress Testing 1-35,text,true,,231,155,200,200,http://localhost:34543/?token=518473935&user=-1355219268&config=3,4824,0,0
1780530283586,4825,Request,200,OK,Stress Testing 1-73,text,true,,231,155,200,200,http://localhost:34543/?token=518473935&user=-1355219268&config=3,4825,0,0
1780530282959,5452,Request,200,OK,Stress Testing 1-104,text,true,,231,155,200,200,http://localhost:34543/?token=518473935&user=-1355219268&config=3,5452,0,0
1780530283588,4823,Request,200,OK,Stress Testing 1-145,text,true,,231,155,200,200,http://localhost:34543/?token=518473935&user=-1355219268&config=3,4823,0,0
1780530283587,5243,Request,200,OK,Stress Testing 1-45,text,true,,231,155,200,200,http://localhost:34543/?token=518473935&user=-1355219268&config=3,5243,0,0
1780530283588,7560,Request,200,OK,Stress Testing 1-23,text,true,,231,155,200,200,http://localhost:34543/?token=518473935&user=-1355219268&config=3,7560,0,0
1780530283587,7561,Request,200,OK,Stress Testing 1-4,text,true,,231,155,200,200,http://localhost:34543/?token=518473935&user=-1355219268&config=3,7561,0,0
1780530283588,7560,Request,200,OK,Stress Testing 1-24,text,true,,231,155,200,200,http://localhost:34543/?token=518473935&user=-1355219268&config=3,7560,0,0
1780530283587,7561,Request,200,OK,Stress Testing 1-36,text,true,,231,155,200,200,http://localhost:34543/?token=518473935&user=-1355219268&config=3,7561,0,0
1780530283589,7559,Request,200,OK,Stress Testing 1-44,text,true,,231,155,200,200,http://localhost:34543/?token=518473935&user=-1355219268&config=3,7559,0,0
1780530283589,7559,Request,200,OK,Stress Testing 1-74,text,true,,231,155,200,200,http://localhost:34543/?token=518473935&user=-1355219268&config=3,7559,0,0
1780530282188,8960,Request,200,OK,Stress Testing 1-96,text,true,,231,155,200,200,http://localhost:34543/?token=518473935&user=-1355219268&config=3,8960,0,0
1780530283592,7556,Request,200,OK,Stress Testing 1-106,text,true,,231,155,200,200,http://localhost:34543/?token=518473935&user=-1355219268&config=3,7556,0,0
1780530283589,7559,Request,200,OK,Stress Testing 1-105,text,true,,231,155,200,200,http://localhost:34543/?token=518473935&user=-1355219268&config=3,7559,0,0
1780530283589,7559,Request,200,OK,Stress Testing 1-110,text,true,,231,155,200,200,http://localhost:34543/?token=518473935&user=-1355219268&config=3,7559,0,0
1780530283592,7556,Request,200,OK,Stress Testing 1-111,text,true,,231,155,200,200,http://localhost:34543/?token=518473935&user=-1355219268&config=3,7556,0,0
1780530283588,7560,Request,200,OK,Stress Testing 1-109,text,true,,231,155,200,200,http://localhost:34543/?token=518473935&user=-1355219268&config=3,7560,0,0
1780530283588,7560,Request,200,OK,Stress Testing 1-108,text,true,,231,155,200,200,http://localhost:34543/?token=518473935&user=-1355219268&config=3,7560,0,0
1780530283588,7560,Request,200,OK,Stress Testing 1-107,text,true,,231,155,200,200,http://localhost:34543/?token=518473935&user=-1355219268&config=3,7560,0,0
1780530283592,7556,Request,200,OK,Stress Testing 1-114,text,true,,231,155,200,200,http://localhost:34543/?token=518473935&user=-1355219268&config=3,7556,0,0
1780530283588,7560,Request,200,OK,Stress Testing 1-143,text,true,,231,155,200,200,http://localhost:34543/?token=518473935&user=-1355219268&config=3,7560,0,0
1780530283588,7560,Request,200,OK,Stress Testing 1-139,text,true,,231,155,200,200,http://localhost:34543/?token=518473935&user=-1355219268&config=3,7560,0,0
1780530283588,7560,Request,200,OK,Stress Testing 1-144,text,true,,231,155,200,200,http://localhost:34543/?token=518473935&user=-1355219268&config=3,7560,0,0
1780530283588,7560,Request,200,OK,Stress Testing 1-140,text,true,,231,155,200,200,http://localhost:34543/?token=518473935&user=-1355219268&config=3,7560,0,0
1780530283589,7559,Request,200,OK,Stress Testing 1-142,text,true,,231,155,200,200,http://localhost:34543/?token=518473935&user=-1355219268&config=3,7559,0,0
1780530282188,8960,Request,200,OK,Stress Testing 1-160,text,true,,231,155,200,200,http://localhost:34543/?token=518473935&user=-1355219268&config=3,8960,0,0
1780530282188,8960,Request,200,OK,Stress Testing 1-161,text,true,,231,155,200,200,http://localhost:34543/?token=518473935&user=-1355219268&config=3,8960,0,0
1780530282189,8959,Request,200,OK,Stress Testing 1-163,text,true,,231,155,200,200,http://localhost:34543/?token=518473935&user=-1355219268&config=3,8959,0,0
1780530282189,8960,Request,200,OK,Stress Testing 1-164,text,true,,231,155,200,200,http://localhost:34543/?token=518473935&user=-1355219268&config=3,8960,0,0
1780530282188,8961,Request,200,OK,Stress Testing 1-166,text,true,,231,155,200,200,http://localhost:34543/?token=518473935&user=-1355219268&config=3,8961,0,0
1780530282189,8960,Request,200,OK,Stress Testing 1-167,text,true,,231,155,200,200,http://localhost:34543/?token=518473935&user=-1355219268&config=3,8960,0,0
1780530282189,8960,Request,200,OK,Stress Testing 1-169,text,true,,231,155,200,200,http://localhost:34543/?token=518473935&user=-1355219268&config=3,8960,0,0
1780530282189,8960,Request,200,OK,Stress Testing 1-170,text,true,,231,155,200,200,http://localhost:34543/?token=518473935&user=-1355219268&config=3,8960,0,0
1780530282189,8960,Request,200,OK,Stress Testing 1-171,text,true,,231,155,200,200,http://localhost:34543/?token=518473935&user=-1355219268&config=3,8960,0,0
1780530282189,8960,Request,200,OK,Stress Testing 1-172,text,true,,231,155,200,200,http://localhost:34543/?token=518473935&user=-1355219268&config=3,8960,0,0
1780530282189,8960,Request,200,OK,Stress Testing 1-173,text,true,,231,155,200,200,http://localhost:34543/?token=518473935&user=-1355219268&config=3,8960,0,0
1780530282190,8959,Request,200,OK,Stress Testing 1-174,text,true,,231,155,200,200,http://localhost:34543/?token=518473935&user=-1355219268&config=3,8959,0,0
1780530282190,8959,Request,200,OK,Stress Testing 1-175,text,true,,231,155,200,200,http://localhost:34543/?token=518473935&user=-1355219268&config=3,8959,0,0
1780530282190,8959,Request,200,OK,Stress Testing 1-176,text,true,,231,155,200,200,http://localhost:34543/?token=518473935&user=-1355219268&config=3,8959,0,0
1780530282193,8956,Request,200,OK,Stress Testing 1-177,text,true,,231,155,200,200,http://localhost:34543/?token=518473935&user=-1355219268&config=3,8956,0,0
1780530282193,8956,Request,200,OK,Stress Testing 1-178,text,true,,231,155,200,200,http://localhost:34543/?token=518473935&user=-1355219268&config=3,8956,0,0
1780530282193,8956,Request,200,OK,Stress Testing 1-179,text,true,,231,155,200,200,http://localhost:34543/?token=518473935&user=-1355219268&config=3,8956,0,0
1780530282193,8956,Request,200,OK,Stress Testing 1-180,text,true,,231,155,200,200,http://localhost:34543/?token=518473935&user=-1355219268&config=3,8956,0,0
1780530284450,6699,Request,200,OK,Stress Testing 1-191,text,true,,231,155,200,200,http://localhost:34543/?token=518473935&user=-1355219268&config=3,6699,0,0
1780530284450,6699,Request,200,OK,Stress Testing 1-192,text,true,,231,155,200,200,http://localhost:34543/?token=518473935&user=-1355219268&config=3,6699,0,0
1780530284450,6699,Request,200,OK,Stress Testing 1-193,text,true,,231,155,200,200,http://localhost:34543/?token=518473935&user=-1355219268&config=3,6699,0,0
1780530284450,6699,Request,200,OK,Stress Testing 1-194,text,true,,231,155,200,200,http://localhost:34543/?token=518473935&user=-1355219268&config=3,6699,0,0
1780530284451,6698,Request,200,OK,Stress Testing 1-195,text,true,,231,155,200,200,http://localhost:34543/?token=518473935&user=-1355219268&config=3,6698,0,0
1780530284451,6698,Request,200,OK,Stress Testing 1-196,text,true,,231,155,200,200,http://localhost:34543/?token=518473935&user=-1355219268&config=3,6698,0,0
1780530284459,6690,Request,200,OK,Stress Testing 1-197,text,true,,231,155,200,200,http://localhost:34543/?token=518473935&user=-1355219268&config=3,6690,0,0
1780530284459,6691,Request,200,OK,Stress Testing 1-198,text,true,,231,155,200,200,http://localhost:34543/?token=518473935&user=-1355219268&config=3,6691,0,0
1780530284451,6699,Request,200,OK,Stress Testing 1-199,text,true,,231,155,200,200,http://localhost:34543/?token=518473935&user=-1355219268&config=3,6699,0,0
1780530284459,6691,Request,200,OK,Stress Testing 1-200,text,true,,231,155,200,200,http://localhost:34543/?token=518473935&user=-1355219268&config=3,6691,0,0
1780530283588,7562,Request,200,OK,Stress Testing 1-141,text,true,,231,155,200,200,http://localhost:34543/?token=518473935&user=-1355219268&config=3,7562,0,0
1780530285208,5945,Request,200,OK,Stress Testing 1-115,text,true,,231,155,200,200,http://localhost:34543/?token=518473935&user=-1355219268&config=3,5945,0,0
1780530282368,9202,Request,200,OK,Stress Testing 1-98,text,true,,231,155,200,200,http://localhost:34543/?token=518473935&user=-1355219268&config=3,9202,0,0
1780530282368,9205,Request,200,OK,Stress Testing 1-12,text,true,,231,155,200,200,http://localhost:34543/?token=518473935&user=-1355219268&config=3,9205,0,0
1780530282368,9205,Request,200,OK,Stress Testing 1-42,text,true,,231,155,200,200,http://localhost:34543/?token=518473935&user=-1355219268&config=3,9205,0,0
1780530282368,9205,Request,200,OK,Stress Testing 1-53,text,true,,231,155,200,200,http://localhost:34543/?token=518473935&user=-1355219268&config=3,9205,0,0
1780530285493,6080,Request,200,OK,Stress Testing 1-112,text,true,,231,155,200,200,http://localhost:34543/?token=518473935&user=-1355219268&config=3,6080,0,0
1780530285493,6081,Request,200,OK,Stress Testing 1-116,text,true,,231,155,200,200,http://localhost:34543/?token=518473935&user=-1355219268&config=3,6081,0,0
1780530285495,6079,Request,200,OK,Stress Testing 1-5,text,true,,231,155,200,200,http://localhost:34543/?token=518473935&user=-1355219268&config=3,6079,0,0
1780530285495,6079,Request,200,OK,Stress Testing 1-30,text,true,,231,155,200,200,http://localhost:34543/?token=518473935&user=-1355219268&config=3,6079,0,0
1780530285495,6079,Request,200,OK,Stress Testing 1-113,text,true,,231,155,200,200,http://localhost:34543/?token=518473935&user=-1355219268&config=3,6079,0,0
1780530285495,6079,Request,200,OK,Stress Testing 1-117,text,true,,231,155,200,200,http://localhost:34543/?token=518473935&user=-1355219268&config=3,6079,0,0
1780530285495,6079,Request,200,OK,Stress Testing 1-118,text,true,,231,155,200,200,http://localhost:34543/?token=518473935&user=-1355219268&config=3,6079,0,0
1780530285496,6079,Request,200,OK,Stress Testing 1-10,text,true,,231,155,200,200,http://localhost:34543/?token=518473935&user=-1355219268&config=3,6079,0,0
1780530285496,6079,Request,200,OK,Stress Testing 1-15,text,true,,231,155,200,200,http://localhost:34543/?token=518473935&user=-1355219268&config=3,6079,0,0
1780530285496,6080,Request,200,OK,Stress Testing 1-75,text,true,,231,155,200,200,http://localhost:34543/?token=518473935&user=-1355219268&config=3,6080,0,0
1780530285496,6080,Request,200,OK,Stress Testing 1-77,text,true,,231,155,200,200,http://localhost:34543/?token=518473935&user=-1355219268&config=3,6080,0,0
1780530285496,6080,Request,200,OK,Stress Testing 1-121,text,true,,231,155,200,200,http://localhost:34543/?token=518473935&user=-1355219268&config=3,6080,0,0
1780530285496,6080,Request,200,OK,Stress Testing 1-126,text,true,,231,155,200,200,http://localhost:34543/?token=518473935&user=-1355219268&config=3,6080,0,0
1780530285496,6081,Request,200,OK,Stress Testing 1-9,text,true,,231,155,200,200,http://localhost:34543/?token=518473935&user=-1355219268&config=3,6081,0,0
1780530285496,6081,Request,200,OK,Stress Testing 1-78,text,true,,231,155,200,200,http://localhost:34543/?token=518473935&user=-1355219268&config=3,6081,0,0
1780530285497,6080,Request,200,OK,Stress Testing 1-122,text,true,,231,155,200,200,http://localhost:34543/?token=518473935&user=-1355219268&config=3,6080,0,0
1780530285497,6080,Request,200,OK,Stress Testing 1-123,text,true,,231,155,200,200,http://localhost:34543/?token=518473935&user=-1355219268&config=3,6080,0,0
1780530285497,6080,Request,200,OK,Stress Testing 1-128,text,true,,231,155,200,200,http://localhost:34543/?token=518473935&user=-1355219268&config=3,6080,0,0
1780530285497,6081,Request,200,OK,Stress Testing 1-18,text,true,,231,155,200,200,http://localhost:34543/?token=518473935&user=-1355219268&config=3,6081,0,0
1780530285900,5678,Request,200,OK,Stress Testing 1-25,text,true,,231,155,200,200,http://localhost:34543/?token=518473935&user=-1355219268&config=3,5678,0,0
1780530285903,5675,Request,200,OK,Stress Testing 1-38,text,true,,231,155,200,200,http://localhost:34543/?token=518473935&user=-1355219268&config=3,5675,0,0
1780530285498,6080,Request,200,OK,Stress Testing 1-43,text,true,,231,155,200,200,http://localhost:34543/?token=518473935&user=-1355219268&config=3,6080,0,0
1780530285498,6081,Request,200,OK,Stress Testing 1-55,text,true,,231,155,200,200,http://localhost:34543/?token=518473935&user=-1355219268&config=3,6081,0,0
1780530285498,6081,Request,200,OK,Stress Testing 1-56,text,true,,231,155,200,200,http://localhost:34543/?token=518473935&user=-1355219268&config=3,6081,0,0
1780530285498,6081,Request,200,OK,Stress Testing 1-57,text,true,,231,155,200,200,http://localhost:34543/?token=518473935&user=-1355219268&config=3,6081,0,0
1780530285498,6081,Request,200,OK,Stress Testing 1-76,text,true,,231,155,200,200,http://localhost:34543/?token=518473935&user=-1355219268&config=3,6081,0,0
1780530285499,6080,Request,200,OK,Stress Testing 1-119,text,true,,231,155,200,200,http://localhost:34543/?token=518473935&user=-1355219268&config=3,6080,0,0
1780530285498,6081,Request,200,OK,Stress Testing 1-124,text,true,,231,155,200,200,http://localhost:34543/?token=518473935&user=-1355219268&config=3,6081,0,0
1780530285498,6081,Request,200,OK,Stress Testing 1-127,text,true,,231,155,200,200,http://localhost:34543/?token=518473935&user=-1355219268&config=3,6081,0,0
1780530285903,5676,Request,200,OK,Stress Testing 1-58,text,true,,231,155,200,200,http://localhost:34543/?token=518473935&user=-1355219268&config=3,5676,0,0
1780530285903,5676,Request,200,OK,Stress Testing 1-59,text,true,,231,155,200,200,http://localhost:34543/?token=518473935&user=-1355219268&config=3,5676,0,0
1780530285903,5677,Request,200,OK,Stress Testing 1-83,text,true,,231,155,200,200,http://localhost:34543/?token=518473935&user=-1355219268&config=3,5677,0,0
1780530285903,5677,Request,200,OK,Stress Testing 1-132,text,true,,231,155,200,200,http://localhost:34543/?token=518473935&user=-1355219268&config=3,5677,0,0
1780530285903,5677,Request,200,OK,Stress Testing 1-135,text,true,,231,155,200,200,http://localhost:34543/?token=518473935&user=-1355219268&config=3,5677,0,0
1780530285904,5676,Request,200,OK,Stress Testing 1-6,text,true,,231,155,200,200,http://localhost:34543/?token=518473935&user=-1355219268&config=3,5676,0,0
1780530285904,5676,Request,200,OK,Stress Testing 1-21,text,true,,231,155,200,200,http://localhost:34543/?token=518473935&user=-1355219268&config=3,5676,0,0
1780530285903,5677,Request,200,OK,Stress Testing 1-31,text,true,,231,155,200,200,http://localhost:34543/?token=518473935&user=-1355219268&config=3,5677,0,0
1780530285903,5677,Request,200,OK,Stress Testing 1-46,text,true,,231,155,200,200,http://localhost:34543/?token=518473935&user=-1355219268&config=3,5677,0,0
1780530285904,5676,Request,200,OK,Stress Testing 1-49,text,true,,231,155,200,200,http://localhost:34543/?token=518473935&user=-1355219268&config=3,5676,0,0
1780530285904,5677,Request,200,OK,Stress Testing 1-63,text,true,,231,155,200,200,http://localhost:34543/?token=518473935&user=-1355219268&config=3,5677,0,0
1780530285903,5678,Request,200,OK,Stress Testing 1-80,text,true,,231,155,200,200,http://localhost:34543/?token=518473935&user=-1355219268&config=3,5678,0,0
1780530285904,5677,Request,200,OK,Stress Testing 1-82,text,true,,231,155,200,200,http://localhost:34543/?token=518473935&user=-1355219268&config=3,5677,0,0
1780530285903,5678,Request,200,OK,Stress Testing 1-131,text,true,,231,155,200,200,http://localhost:34543/?token=518473935&user=-1355219268&config=3,5678,0,0
1780530285904,5677,Request,200,OK,Stress Testing 1-133,text,true,,231,155,200,200,http://localhost:34543/?token=518473935&user=-1355219268&config=3,5677,0,0
1780530285904,5677,Request,200,OK,Stress Testing 1-134,text,true,,231,155,200,200,http://localhost:34543/?token=518473935&user=-1355219268&config=3,5677,0,0
1780530285904,5678,Request,200,OK,Stress Testing 1-17,text,true,,231,155,200,200,http://localhost:34543/?token=518473935&user=-1355219268&config=3,5678,0,0
1780530285905,5677,Request,200,OK,Stress Testing 1-64,text,true,,231,155,200,200,http://localhost:34543/?token=518473935&user=-1355219268&config=3,5677,0,0
1780530285904,5678,Request,200,OK,Stress Testing 1-79,text,true,,231,155,200,200,http://localhost:34543/?token=518473935&user=-1355219268&config=3,5678,0,0
1780530285904,5678,Request,200,OK,Stress Testing 1-81,text,true,,231,155,200,200,http://localhost:34543/?token=518473935&user=-1355219268&config=3,5678,0,0
1780530285905,5677,Request,200,OK,Stress Testing 1-136,text,true,,231,155,200,200,http://localhost:34543/?token=518473935&user=-1355219268&config=3,5677,0,0
1780530285905,5677,Request,200,OK,Stress Testing 1-138,text,true,,231,155,200,200,http://localhost:34543/?token=518473935&user=-1355219268&config=3,5677,0,0
1780530285909,5674,Request,500,Internal Server Error,Stress Testing 1-158,text,false,,233,155,200,200,http://localhost:34543/?token=518473935&user=-1355219268&config=3,5674,0,0
1780530285905,5678,Request,200,OK,Stress Testing 1-184,text,true,,231,155,200,200,http://localhost:34543/?token=518473935&user=-1355219268&config=3,5678,0,0
1780530285909,5675,Request,500,Internal Server Error,Stress Testing 1-2,text,false,,233,155,200,200,http://localhost:34543/?token=518473935&user=-1355219268&config=3,5675,0,0
1780530285909,5675,Request,500,Internal Server Error,Stress Testing 1-72,text,false,,233,155,200,200,http://localhost:34543/?token=518473935&user=-1355219268&config=3,5675,0,0
1780530285909,5675,Request,500,Internal Server Error,Stress Testing 1-97,text,false,,233,155,200,200,http://localhost:34543/?token=518473935&user=-1355219268&config=3,5675,0,0
1780530285909,5675,Request,500,Internal Server Error,Stress Testing 1-151,text,false,,233,155,200,200,http://localhost:34543/?token=518473935&user=-1355219268&config=3,5675,0,0
1780530285908,5677,Request,500,Internal Server Error,Stress Testing 1-26,text,false,,233,155,200,200,http://localhost:34543/?token=518473935&user=-1355219268&config=3,5677,0,0
1780530285909,5676,Request,500,Internal Server Error,Stress Testing 1-39,text,false,,233,155,200,200,http://localhost:34543/?token=518473935&user=-1355219268&config=3,5676,0,0
1780530285910,5675,Request,500,Internal Server Error,Stress Testing 1-50,text,false,,233,155,200,200,http://localhost:34543/?token=518473935&user=-1355219268&config=3,5675,0,0
1780530285907,5678,Request,500,Internal Server Error,Stress Testing 1-62,text,false,,233,155,200,200,http://localhost:34543/?token=518473935&user=-1355219268&config=3,5678,0,0
1780530285909,5676,Request,500,Internal Server Error,Stress Testing 1-85,text,false,,233,155,200,200,http://localhost:34543/?token=518473935&user=-1355219268&config=3,5676,0,0
1780530285910,5676,Request,500,Internal Server Error,Stress Testing 1-13,text,false,,233,155,200,200,http://localhost:34543/?token=518473935&user=-1355219268&config=3,5675,0,0
1780530285909,5677,Request,500,Internal Server Error,Stress Testing 1-90,text,false,,233,155,200,200,http://localhost:34543/?token=518473935&user=-1355219268&config=3,5677,0,0
1780530285909,5677,Request,500,Internal Server Error,Stress Testing 1-154,text,false,,233,155,200,200,http://localhost:34543/?token=518473935&user=-1355219268&config=3,5677,0,0
1780530285909,5677,Request,500,Internal Server Error,Stress Testing 1-156,text,false,,233,155,200,200,http://localhost:34543/?token=518473935&user=-1355219268&config=3,5677,0,0
1780530285909,5677,Request,500,Internal Server Error,Stress Testing 1-27,text,false,,233,155,200,200,http://localhost:34543/?token=518473935&user=-1355219268&config=3,5677,0,0
1780530285910,5676,Request,500,Internal Server Error,Stress Testing 1-51,text,false,,233,155,200,200,http://localhost:34543/?token=518473935&user=-1355219268&config=3,5676,0,0
1780530285910,5676,Request,500,Internal Server Error,Stress Testing 1-66,text,false,,233,155,200,200,http://localhost:34543/?token=518473935&user=-1355219268&config=3,5676,0,0
1780530285910,5676,Request,500,Internal Server Error,Stress Testing 1-91,text,false,,233,155,200,200,http://localhost:34543/?token=518473935&user=-1355219268&config=3,5676,0,0
1780530285909,5677,Request,500,Internal Server Error,Stress Testing 1-153,text,false,,233,155,200,200,http://localhost:34543/?token=518473935&user=-1355219268&config=3,5677,0,0
1780530285910,5677,Request,500,Internal Server Error,Stress Testing 1-95,text,false,,233,155,200,200,http://localhost:34543/?token=518473935&user=-1355219268&config=3,5677,0,0
1780530285910,5677,Request,500,Internal Server Error,Stress Testing 1-68,text,false,,233,155,200,200,http://localhost:34543/?token=518473935&user=-1355219268&config=3,5677,0,0
1780530286304,5506,Request,500,Internal Server Error,Stress Testing 1-22,text,false,,233,155,200,200,http://localhost:34543/?token=518473935&user=-1355219268&config=3,5506,0,0
1780530286304,5506,Request,500,Internal Server Error,Stress Testing 1-3,text,false,,233,155,200,200,http://localhost:34543/?token=518473935&user=-1355219268&config=3,5506,0,0
1780530286304,5506,Request,500,Internal Server Error,Stress Testing 1-40,text,false,,233,155,200,200,http://localhost:34543/?token=518473935&user=-1355219268&config=3,5506,0,0
1780530286308,5502,Request,500,Internal Server Error,Stress Testing 1-65,text,false,,233,155,200,200,http://localhost:34543/?token=518473935&user=-1355219268&config=3,5502,0,0
1780530286308,5502,Request,500,Internal Server Error,Stress Testing 1-67,text,false,,233,155,200,200,http://localhost:34543/?token=518473935&user=-1355219268&config=3,5502,0,0
1780530286304,5506,Request,500,Internal Server Error,Stress Testing 1-92,text,false,,233,155,200,200,http://localhost:34543/?token=518473935&user=-1355219268&config=3,5506,0,0
1780530286304,5507,Request,500,Internal Server Error,Stress Testing 1-93,text,false,,233,155,200,200,http://localhost:34543/?token=518473935&user=-1355219268&config=3,5506,0,0
1780530286304,5507,Request,500,Internal Server Error,Stress Testing 1-94,text,false,,233,155,200,200,http://localhost:34543/?token=518473935&user=-1355219268&config=3,5507,0,0
1780530286308,5503,Request,500,Internal Server Error,Stress Testing 1-159,text,false,,233,155,200,200,http://localhost:34543/?token=518473935&user=-1355219268&config=3,5503,0,0
1780530286308,5503,Request,500,Internal Server Error,Stress Testing 1-162,text,false,,233,155,200,200,http://localhost:34543/?token=518473935&user=-1355219268&config=3,5503,0,0
1780530285499,7401,Request,200,OK,Stress Testing 1-120,text,true,,231,155,200,200,http://localhost:34543/?token=518473935&user=-1355219268&config=3,7401,0,0
1780530285499,7401,Request,200,OK,Stress Testing 1-125,text,true,,231,155,200,200,http://localhost:34543/?token=518473935&user=-1355219268&config=3,7401,0,0
1780530285907,6993,Request,200,OK,Stress Testing 1-11,text,true,,231,155,200,200,http://localhost:34543/?token=518473935&user=-1355219268&config=3,6993,0,0
1780530285906,6994,Request,200,OK,Stress Testing 1-20,text,true,,231,155,200,200,http://localhost:34543/?token=518473935&user=-1355219268&config=3,6994,0,0
1780530285501,7400,Request,200,OK,Stress Testing 1-37,text,true,,231,155,200,200,http://localhost:34543/?token=518473935&user=-1355219268&config=3,7400,0,0
1780530285501,7400,Request,200,OK,Stress Testing 1-129,text,true,,231,155,200,200,http://localhost:34543/?token=518473935&user=-1355219268&config=3,7400,0,0
1780530285905,6996,Request,200,OK,Stress Testing 1-137,text,true,,231,155,200,200,http://localhost:34543/?token=518473935&user=-1355219268&config=3,6996,0,0
1780530285906,6995,Request,200,OK,Stress Testing 1-1,text,true,,231,155,200,200,http://localhost:34543/?token=518473935&user=-1355219268&config=3,6995,0,0
1780530285906,6995,Request,200,OK,Stress Testing 1-47,text,true,,231,155,200,200,http://localhost:34543/?token=518473935&user=-1355219268&config=3,6995,0,0
1780530285906,6995,Request,200,OK,Stress Testing 1-88,text,true,,231,155,200,200,http://localhost:34543/?token=518473935&user=-1355219268&config=3,6995,0,0
1780530285906,6995,Request,200,OK,Stress Testing 1-182,text,true,,231,155,200,200,http://localhost:34543/?token=518473935&user=-1355219268&config=3,6995,0,0
1780530285906,6995,Request,200,OK,Stress Testing 1-183,text,true,,231,155,200,200,http://localhost:34543/?token=518473935&user=-1355219268&config=3,6995,0,0
1780530285906,6995,Request,200,OK,Stress Testing 1-16,text,true,,231,155,200,200,http://localhost:34543/?token=518473935&user=-1355219268&config=3,6995,0,0
1780530285907,6994,Request,200,OK,Stress Testing 1-33,text,true,,231,155,200,200,http://localhost:34543/?token=518473935&user=-1355219268&config=3,6994,0,0
1780530285904,6997,Request,200,OK,Stress Testing 1-48,text,true,,231,155,200,200,http://localhost:34543/?token=518473935&user=-1355219268&config=3,6997,0,0
1780530285907,6994,Request,200,OK,Stress Testing 1-86,text,true,,231,155,200,200,http://localhost:34543/?token=518473935&user=-1355219268&config=3,6994,0,0
1780530285904,6997,Request,200,OK,Stress Testing 1-130,text,true,,231,155,200,200,http://localhost:34543/?token=518473935&user=-1355219268&config=3,6997,0,0
1780530285906,6996,Request,200,OK,Stress Testing 1-181,text,true,,231,155,200,200,http://localhost:34543/?token=518473935&user=-1355219268&config=3,6996,0,0
1780530285906,6996,Request,200,OK,Stress Testing 1-32,text,true,,231,155,200,200,http://localhost:34543/?token=518473935&user=-1355219268&config=3,6996,0,0
1780530285907,6995,Request,200,OK,Stress Testing 1-60,text,true,,231,155,200,200,http://localhost:34543/?token=518473935&user=-1355219268&config=3,6995,0,0
1780530285907,6995,Request,200,OK,Stress Testing 1-84,text,true,,231,155,200,200,http://localhost:34543/?token=518473935&user=-1355219268&config=3,6995,0,0
1780530285907,6995,Request,200,OK,Stress Testing 1-87,text,true,,231,155,200,200,http://localhost:34543/?token=518473935&user=-1355219268&config=3,6995,0,0
1780530285907,6995,Request,200,OK,Stress Testing 1-146,text,true,,231,155,200,200,http://localhost:34543/?token=518473935&user=-1355219268&config=3,6995,0,0
1780530285907,6996,Request,200,OK,Stress Testing 1-61,text,true,,231,155,200,200,http://localhost:34543/?token=518473935&user=-1355219268&config=3,6996,0,0
1780530285907,6996,Request,200,OK,Stress Testing 1-89,text,true,,231,155,200,200,http://localhost:34543/?token=518473935&user=-1355219268&config=3,6996,0,0
1780530285906,6997,Request,200,OK,Stress Testing 1-185,text,true,,231,155,200,200,http://localhost:34543/?token=518473935&user=-1355219268&config=3,6997,0,0
1780530285908,6995,Request,200,OK,Stress Testing 1-148,text,true,,231,155,200,200,http://localhost:34543/?token=518473935&user=-1355219268&config=3,6995,0,0
1780530285908,6995,Request,200,OK,Stress Testing 1-150,text,true,,231,155,200,200,http://localhost:34543/?token=518473935&user=-1355219268&config=3,6995,0,0
1780530285908,6995,Request,200,OK,Stress Testing 1-155,text,true,,231,155,200,200,http://localhost:34543/?token=518473935&user=-1355219268&config=3,6995,0,0
1780530285907,7001,Request,200,OK,Stress Testing 1-147,text,true,,231,155,200,200,http://localhost:34543/?token=518473935&user=-1355219268&config=3,7001,0,0
1780530285908,7000,Request,200,OK,Stress Testing 1-149,text,true,,231,155,200,200,http://localhost:34543/?token=518473935&user=-1355219268&config=3,7000,0,0
1780530285908,7000,Request,200,OK,Stress Testing 1-152,text,true,,231,155,200,200,http://localhost:34543/?token=518473935&user=-1355219268&config=3,7000,0,0
1780530285908,7000,Request,200,OK,Stress Testing 1-157,text,true,,231,155,200,200,http://localhost:34543/?token=518473935&user=-1355219268&config=3,7000,0,0
1780530287357,7578,Request,200,OK,Stress Testing 1-165,text,true,,231,155,200,200,http://localhost:34543/?token=518473935&user=-1355219268&config=3,7578,0,0
1780530287361,7574,Request,200,OK,Stress Testing 1-168,text,true,,231,155,200,200,http://localhost:34543/?token=518473935&user=-1355219268&config=3,7574,0,0
1780530288383,6556,Request,200,OK,Stress Testing 1-7,text,true,,231,155,200,200,http://localhost:34543/?token=518473935&user=-1355219268&config=3,6556,0,0
1780530288383,8409,Request,200,OK,Stress Testing 1-28,text,true,,231,155,200,200,http://localhost:34543/?token=518473935&user=-1355219268&config=3,8409,0,0
1780530288383,8409,Request,200,OK,Stress Testing 1-52,text,true,,231,155,200,200,http://localhost:34543/?token=518473935&user=-1355219268&config=3,8409,0,0
1780530288383,8409,Request,200,OK,Stress Testing 1-54,text,true,,231,155,200,200,http://localhost:34543/?token=518473935&user=-1355219268&config=3,8409,0,0
1780530288383,8410,Request,200,OK,Stress Testing 1-100,text,true,,231,155,200,200,http://localhost:34543/?token=518473935&user=-1355219268&config=3,8410,0,0
1780530288383,8410,Request,200,OK,Stress Testing 1-101,text,true,,231,155,200,200,http://localhost:34543/?token=518473935&user=-1355219268&config=3,8410,0,0
1780530288384,8409,Request,200,OK,Stress Testing 1-190,text,true,,231,155,200,200,http://localhost:34543/?token=518473935&user=-1355219268&config=3,8409,0,0
1780530288383,8410,Request,200,OK,Stress Testing 1-14,text,true,,231,155,200,200,http://localhost:34543/?token=518473935&user=-1355219268&config=3,8410,0,0
1780530288383,8410,Request,200,OK,Stress Testing 1-34,text,true,,231,155,200,200,http://localhost:34543/?token=518473935&user=-1355219268&config=3,8410,0,0
1780530288383,8411,Request,200,OK,Stress Testing 1-71,text,true,,231,155,200,200,http://localhost:34543/?token=518473935&user=-1355219268&config=3,8411,0,0
1780530288383,8411,Request,200,OK,Stress Testing 1-99,text,true,,231,155,200,200,http://localhost:34543/?token=518473935&user=-1355219268&config=3,8411,0,0
1780530288384,8410,Request,200,OK,Stress Testing 1-189,text,true,,231,155,200,200,http://localhost:34543/?token=518473935&user=-1355219268&config=3,8410,0,0
1780530288387,8408,Request,200,OK,Stress Testing 1-8,text,true,,231,155,200,200,http://localhost:34543/?token=518473935&user=-1355219268&config=3,8408,0,0
1780530288383,8412,Request,200,OK,Stress Testing 1-41,text,true,,231,155,200,200,http://localhost:34543/?token=518473935&user=-1355219268&config=3,8412,0,0
1780530288383,8412,Request,200,OK,Stress Testing 1-69,text,true,,231,155,200,200,http://localhost:34543/?token=518473935&user=-1355219268&config=3,8412,0,0
1780530288383,8412,Request,200,OK,Stress Testing 1-70,text,true,,231,155,200,200,http://localhost:34543/?token=518473935&user=-1355219268&config=3,8412,0,0
1780530288384,8411,Request,200,OK,Stress Testing 1-187,text,true,,231,155,200,200,http://localhost:34543/?token=518473935&user=-1355219268&config=3,8411,0,0
1780530288384,8411,Request,200,OK,Stress Testing 1-188,text,true,,231,155,200,200,http://localhost:34543/?token=518473935&user=-1355219268&config=3,8411,0,0
1780530288387,8408,Request,200,OK,Stress Testing 1-19,text,true,,231,155,200,200,http://localhost:34543/?token=518473935&user=-1355219268&config=3,8408,0,0
1780530288411,8385,Request,200,OK,Stress Testing 1-35,text,true,,231,155,200,200,http://localhost:34543/?token=518473935&user=-1355219268&config=3,8385,0,0
1780530288387,8409,Request,200,OK,Stress Testing 1-102,text,true,,231,155,200,200,http://localhost:34543/?token=518473935&user=-1355219268&config=3,8409,0,0
1780530288408,8388,Request,200,OK,Stress Testing 1-103,text,true,,231,155,200,200,http://localhost:34543/?token=518473935&user=-1355219268&config=3,8388,0,0
1780530288387,8409,Request,200,OK,Stress Testing 1-186,text,true,,231,155,200,200,http://localhost:34543/?token=518473935&user=-1355219268&config=3,8409,0,0
1780530291148,5648,Request,200,OK,Stress Testing 1-23,text,true,,231,155,200,200,http://localhost:34543/?token=518473935&user=-1355219268&config=3,5648,0,0
1780530291148,5648,Request,200,OK,Stress Testing 1-24,text,true,,231,155,200,200,http://localhost:34543/?token=518473935&user=-1355219268&config=3,5648,0,0
1780530288411,8385,Request,200,OK,Stress Testing 1-29,text,true,,231,155,200,200,http://localhost:34543/?token=518473935&user=-1355219268&config=3,8385,0,0
1780530291148,5648,Request,200,OK,Stress Testing 1-36,text,true,,231,155,200,200,http://localhost:34543/?token=518473935&user=-1355219268&config=3,5648,0,0
1780530291148,5648,Request,200,OK,Stress Testing 1-44,text,true,,231,155,200,200,http://localhost:34543/?token=518473935&user=-1355219268&config=3,5648,0,0
1780530288830,7966,Request,200,OK,Stress Testing 1-45,text,true,,231,155,200,200,http://localhost:34543/?token=518473935&user=-1355219268&config=3,7966,0,0
1780530288411,8385,Request,200,OK,Stress Testing 1-73,text,true,,231,155,200,200,http://localhost:34543/?token=518473935&user=-1355219268&config=3,8385,0,0
1780530291148,5649,Request,200,OK,Stress Testing 1-74,text,true,,231,155,200,200,http://localhost:34543/?token=518473935&user=-1355219268&config=3,5649,0,0
1780530291148,5649,Request,200,OK,Stress Testing 1-96,text,true,,231,155,200,200,http://localhost:34543/?token=518473935&user=-1355219268&config=3,5649,0,0
1780530288411,8386,Request,200,OK,Stress Testing 1-104,text,true,,231,155,200,200,http://localhost:34543/?token=518473935&user=-1355219268&config=3,8386,0,0
1780530291148,5649,Request,200,OK,Stress Testing 1-105,text,true,,231,155,200,200,http://localhost:34543/?token=518473935&user=-1355219268&config=3,5649,0,0
1780530291148,5649,Request,200,OK,Stress Testing 1-106,text,true,,231,155,200,200,http://localhost:34543/?token=518473935&user=-1355219268&config=3,5649,0,0
1780530291148,5649,Request,200,OK,Stress Testing 1-110,text,true,,231,155,200,200,http://localhost:34543/?token=518473935&user=-1355219268&config=3,5649,0,0
1780530291148,5649,Request,200,OK,Stress Testing 1-140,text,true,,231,155,200,200,http://localhost:34543/?token=518473935&user=-1355219268&config=3,5649,0,0
1780530291148,5649,Request,200,OK,Stress Testing 1-160,text,true,,231,155,200,200,http://localhost:34543/?token=518473935&user=-1355219268&config=3,5649,0,0
1780530288411,8387,Request,200,OK,Stress Testing 1-145,text,true,,231,155,200,200,http://localhost:34543/?token=518473935&user=-1355219268&config=3,8387,0,0
1780530291148,5654,Request,200,OK,Stress Testing 1-108,text,true,,231,155,200,200,http://localhost:34543/?token=518473935&user=-1355219268&config=3,5654,0,0
1780530291148,5654,Request,200,OK,Stress Testing 1-109,text,true,,231,155,200,200,http://localhost:34543/?token=518473935&user=-1355219268&config=3,5654,0,0
1780530291148,5654,Request,200,OK,Stress Testing 1-114,text,true,,231,155,200,200,http://localhost:34543/?token=518473935&user=-1355219268&config=3,5654,0,0
1780530291148,5654,Request,200,OK,Stress Testing 1-143,text,true,,231,155,200,200,http://localhost:34543/?token=518473935&user=-1355219268&config=3,5654,0,0
1780530291148,5654,Request,200,OK,Stress Testing 1-142,text,true,,231,155,200,200,http://localhost:34543/?token=518473935&user=-1355219268&config=3,5654,0,0
1780530291571,6226,Request,200,OK,Stress Testing 1-98,text,true,,231,155,200,200,http://localhost:34543/?token=518473935&user=-1355219268&config=3,6226,0,0
1780530291573,6228,Request,200,OK,Stress Testing 1-42,text,true,,231,155,200,200,http://localhost:34543/?token=518473935&user=-1355219268&config=3,6228,0,0
1780530291573,6228,Request,200,OK,Stress Testing 1-53,text,true,,231,155,200,200,http://localhost:34543/?token=518473935&user=-1355219268&config=3,6228,0,0
1780530291573,6228,Request,200,OK,Stress Testing 1-112,text,true,,231,155,200,200,http://localhost:34543/?token=518473935&user=-1355219268&config=3,6228,0,0
1780530291582,6219,Request,500,Internal Server Error,Stress Testing 1-136,text,false,,233,155,200,200,http://localhost:34543/?token=518473935&user=-1355219268&config=3,6219,0,0
1780530291148,7679,Request,200,OK,Stress Testing 1-4,text,true,,231,155,200,200,http://localhost:34543/?token=518473935&user=-1355219268&config=3,7679,0,0
1780530291574,7253,Request,200,OK,Stress Testing 1-5,text,true,,231,155,200,200,http://localhost:34543/?token=518473935&user=-1355219268&config=3,7253,0,0
1780530291577,7250,Request,200,OK,Stress Testing 1-9,text,true,,231,155,200,200,http://localhost:34543/?token=518473935&user=-1355219268&config=3,7250,0,0
1780530291575,7252,Request,200,OK,Stress Testing 1-10,text,true,,231,155,200,200,http://localhost:34543/?token=518473935&user=-1355219268&config=3,7252,0,0
1780530291573,7255,Request,200,OK,Stress Testing 1-12,text,true,,231,155,200,200,http://localhost:34543/?token=518473935&user=-1355219268&config=3,7255,0,0
1780530291584,7244,Request,200,OK,Stress Testing 1-2,text,true,,231,155,200,200,http://localhost:34543/?token=518473935&user=-1355219268&config=3,7244,0,9
1780530291575,7253,Request,200,OK,Stress Testing 1-15,text,true,,231,155,200,200,http://localhost:34543/?token=518473935&user=-1355219268&config=3,7253,0,0
1780530291574,7254,Request,200,OK,Stress Testing 1-30,text,true,,231,155,200,200,http://localhost:34543/?token=518473935&user=-1355219268&config=3,7254,0,0
1780530291576,7252,Request,200,OK,Stress Testing 1-75,text,true,,231,155,200,200,http://localhost:34543/?token=518473935&user=-1355219268&config=3,7252,0,0
1780530291576,7252,Request,200,OK,Stress Testing 1-77,text,true,,231,155,200,200,http://localhost:34543/?token=518473935&user=-1355219268&config=3,7252,0,0
1780530291577,7251,Request,200,OK,Stress Testing 1-78,text,true,,231,155,200,200,http://localhost:34543/?token=518473935&user=-1355219268&config=3,7251,0,0
1780530291148,7680,Request,200,OK,Stress Testing 1-107,text,true,,231,155,200,200,http://localhost:34543/?token=518473935&user=-1355219268&config=3,7680,0,0
1780530291148,7680,Request,200,OK,Stress Testing 1-111,text,true,,231,155,200,200,http://localhost:34543/?token=518473935&user=-1355219268&config=3,7680,0,0
1780530291574,7254,Request,200,OK,Stress Testing 1-113,text,true,,231,155,200,200,http://localhost:34543/?token=518473935&user=-1355219268&config=3,7254,0,0
1780530291153,7675,Request,200,OK,Stress Testing 1-115,text,true,,231,155,200,200,http://localhost:34543/?token=518473935&user=-1355219268&config=3,7675,0,0
1780530291574,7254,Request,200,OK,Stress Testing 1-116,text,true,,231,155,200,200,http://localhost:34543/?token=518473935&user=-1355219268&config=3,7254,0,0
1780530291574,7254,Request,200,OK,Stress Testing 1-117,text,true,,231,155,200,200,http://localhost:34543/?token=518473935&user=-1355219268&config=3,7254,0,0
1780530291574,7254,Request,200,OK,Stress Testing 1-118,text,true,,231,155,200,200,http://localhost:34543/?token=518473935&user=-1355219268&config=3,7254,0,0
1780530291576,7252,Request,200,OK,Stress Testing 1-121,text,true,,231,155,200,200,http://localhost:34543/?token=518473935&user=-1355219268&config=3,7252,0,0
1780530291576,7252,Request,200,OK,Stress Testing 1-126,text,true,,231,155,200,200,http://localhost:34543/?token=518473935&user=-1355219268&config=3,7252,0,0
1780530291148,7680,Request,200,OK,Stress Testing 1-139,text,true,,231,155,200,200,http://localhost:34543/?token=518473935&user=-1355219268&config=3,7680,0,0
1780530291148,7680,Request,200,OK,Stress Testing 1-144,text,true,,231,155,200,200,http://localhost:34543/?token=518473935&user=-1355219268&config=3,7680,0,0
1780530291148,7681,Request,200,OK,Stress Testing 1-161,text,true,,231,155,200,200,http://localhost:34543/?token=518473935&user=-1355219268&config=3,7681,0,0
1780530291148,7681,Request,200,OK,Stress Testing 1-163,text,true,,231,155,200,200,http://localhost:34543/?token=518473935&user=-1355219268&config=3,7681,0,0
1780530291149,7680,Request,200,OK,Stress Testing 1-164,text,true,,231,155,200,200,http://localhost:34543/?token=518473935&user=-1355219268&config=3,7680,0,0
1780530291149,7680,Request,200,OK,Stress Testing 1-166,text,true,,231,155,200,200,http://localhost:34543/?token=518473935&user=-1355219268&config=3,7680,0,0
1780530291149,7680,Request,200,OK,Stress Testing 1-167,text,true,,231,155,200,200,http://localhost:34543/?token=518473935&user=-1355219268&config=3,7680,0,0
1780530291149,7680,Request,200,OK,Stress Testing 1-169,text,true,,231,155,200,200,http://localhost:34543/?token=518473935&user=-1355219268&config=3,7680,0,0
1780530291149,7680,Request,200,OK,Stress Testing 1-170,text,true,,231,155,200,200,http://localhost:34543/?token=518473935&user=-1355219268&config=3,7680,0,0
1780530291149,7680,Request,200,OK,Stress Testing 1-171,text,true,,231,155,200,200,http://localhost:34543/?token=518473935&user=-1355219268&config=3,7680,0,0
1780530291149,7680,Request,200,OK,Stress Testing 1-172,text,true,,231,155,200,200,http://localhost:34543/?token=518473935&user=-1355219268&config=3,7680,0,0
1780530291149,7680,Request,200,OK,Stress Testing 1-173,text,true,,231,155,200,200,http://localhost:34543/?token=518473935&user=-1355219268&config=3,7680,0,0
1780530291149,7680,Request,200,OK,Stress Testing 1-174,text,true,,231,155,200,200,http://localhost:34543/?token=518473935&user=-1355219268&config=3,7680,0,0
1780530291149,7680,Request,200,OK,Stress Testing 1-175,text,true,,231,155,200,200,http://localhost:34543/?token=518473935&user=-1355219268&config=3,7680,0,0
1780530291149,7680,Request,200,OK,Stress Testing 1-176,text,true,,231,155,200,200,http://localhost:34543/?token=518473935&user=-1355219268&config=3,7680,0,0
1780530291149,7680,Request,200,OK,Stress Testing 1-177,text,true,,231,155,200,200,http://localhost:34543/?token=518473935&user=-1355219268&config=3,7680,0,0
1780530291149,7681,Request,200,OK,Stress Testing 1-178,text,true,,231,155,200,200,http://localhost:34543/?token=518473935&user=-1355219268&config=3,7681,0,0
1780530291149,7681,Request,200,OK,Stress Testing 1-179,text,true,,231,155,200,200,http://localhost:34543/?token=518473935&user=-1355219268&config=3,7681,0,0
1780530291149,7681,Request,200,OK,Stress Testing 1-180,text,true,,231,155,200,200,http://localhost:34543/?token=518473935&user=-1355219268&config=3,7681,0,0
1780530291149,7681,Request,200,OK,Stress Testing 1-191,text,true,,231,155,200,200,http://localhost:34543/?token=518473935&user=-1355219268&config=3,7681,0,0
1780530291149,7681,Request,200,OK,Stress Testing 1-192,text,true,,231,155,200,200,http://localhost:34543/?token=518473935&user=-1355219268&config=3,7681,0,0
1780530291149,7681,Request,200,OK,Stress Testing 1-193,text,true,,231,155,200,200,http://localhost:34543/?token=518473935&user=-1355219268&config=3,7681,0,0
1780530291149,7681,Request,200,OK,Stress Testing 1-194,text,true,,231,155,200,200,http://localhost:34543/?token=518473935&user=-1355219268&config=3,7681,0,0
1780530291149,7681,Request,200,OK,Stress Testing 1-195,text,true,,231,155,200,200,http://localhost:34543/?token=518473935&user=-1355219268&config=3,7681,0,0
1780530291149,7681,Request,200,OK,Stress Testing 1-196,text,true,,231,155,200,200,http://localhost:34543/?token=518473935&user=-1355219268&config=3,7681,0,0
1780530291149,7681,Request,200,OK,Stress Testing 1-197,text,true,,231,155,200,200,http://localhost:34543/?token=518473935&user=-1355219268&config=3,7681,0,0
1780530291150,7680,Request,200,OK,Stress Testing 1-198,text,true,,231,155,200,200,http://localhost:34543/?token=518473935&user=-1355219268&config=3,7680,0,0
1780530291150,7680,Request,200,OK,Stress Testing 1-199,text,true,,231,155,200,200,http://localhost:34543/?token=518473935&user=-1355219268&config=3,7680,0,0
1780530291150,7680,Request,200,OK,Stress Testing 1-200,text,true,,231,155,200,200,http://localhost:34543/?token=518473935&user=-1355219268&config=3,7680,0,0
1780530291150,7680,Request,200,OK,Stress Testing 1-141,text,true,,231,155,200,200,http://localhost:34543/?token=518473935&user=-1355219268&config=3,7680,0,0
1780530291580,7254,Request,200,OK,Stress Testing 1-6,text,true,,231,155,200,200,http://localhost:34543/?token=518473935&user=-1355219268&config=3,7254,0,0
1780530291578,7256,Request,200,OK,Stress Testing 1-18,text,true,,231,155,200,200,http://localhost:34543/?token=518473935&user=-1355219268&config=3,7256,0,0
1780530291580,7254,Request,200,OK,Stress Testing 1-21,text,true,,231,155,200,200,http://localhost:34543/?token=518473935&user=-1355219268&config=3,7254,0,0
1780530291578,7256,Request,200,OK,Stress Testing 1-25,text,true,,231,155,200,200,http://localhost:34543/?token=518473935&user=-1355219268&config=3,7256,0,0
1780530291580,7254,Request,200,OK,Stress Testing 1-31,text,true,,231,155,200,200,http://localhost:34543/?token=518473935&user=-1355219268&config=3,7254,0,0
1780530291578,7257,Request,200,OK,Stress Testing 1-38,text,true,,231,155,200,200,http://localhost:34543/?token=518473935&user=-1355219268&config=3,7257,0,0
1780530291578,7257,Request,200,OK,Stress Testing 1-43,text,true,,231,155,200,200,http://localhost:34543/?token=518473935&user=-1355219268&config=3,7257,0,0
1780530291579,7256,Request,200,OK,Stress Testing 1-55,text,true,,231,155,200,200,http://localhost:34543/?token=518473935&user=-1355219268&config=3,7256,0,0
1780530291579,7256,Request,200,OK,Stress Testing 1-58,text,true,,231,155,200,200,http://localhost:34543/?token=518473935&user=-1355219268&config=3,7256,0,0
1780530291579,7256,Request,200,OK,Stress Testing 1-59,text,true,,231,155,200,200,http://localhost:34543/?token=518473935&user=-1355219268&config=3,7256,0,0
1780530291580,7255,Request,200,OK,Stress Testing 1-83,text,true,,231,155,200,200,http://localhost:34543/?token=518473935&user=-1355219268&config=3,7255,0,0
1780530291577,7258,Request,200,OK,Stress Testing 1-122,text,true,,231,155,200,200,http://localhost:34543/?token=518473935&user=-1355219268&config=3,7258,0,0
1780530291577,7258,Request,200,OK,Stress Testing 1-123,text,true,,231,155,200,200,http://localhost:34543/?token=518473935&user=-1355219268&config=3,7258,0,0
1780530291579,7256,Request,200,OK,Stress Testing 1-127,text,true,,231,155,200,200,http://localhost:34543/?token=518473935&user=-1355219268&config=3,7256,0,0
1780530291577,7258,Request,200,OK,Stress Testing 1-128,text,true,,231,155,200,200,http://localhost:34543/?token=518473935&user=-1355219268&config=3,7258,0,0
1780530291580,7255,Request,200,OK,Stress Testing 1-135,text,true,,231,155,200,200,http://localhost:34543/?token=518473935&user=-1355219268&config=3,7255,0,0
1780530291582,7253,Request,200,OK,Stress Testing 1-17,text,true,,231,155,200,200,http://localhost:34543/?token=518473935&user=-1355219268&config=3,7253,0,0
1780530291580,7256,Request,200,OK,Stress Testing 1-46,text,true,,231,155,200,200,http://localhost:34543/?token=518473935&user=-1355219268&config=3,7256,0,0
1780530291580,7256,Request,200,OK,Stress Testing 1-49,text,true,,231,155,200,200,http://localhost:34543/?token=518473935&user=-1355219268&config=3,7256,0,0
1780530291579,7257,Request,200,OK,Stress Testing 1-56,text,true,,231,155,200,200,http://localhost:34543/?token=518473935&user=-1355219268&config=3,7257,0,0
1780530291579,7257,Request,200,OK,Stress Testing 1-57,text,true,,231,155,200,200,http://localhost:34543/?token=518473935&user=-1355219268&config=3,7257,0,0
1780530291579,7257,Request,200,OK,Stress Testing 1-76,text,true,,231,155,200,200,http://localhost:34543/?token=518473935&user=-1355219268&config=3,7257,0,0
1780530291581,7255,Request,200,OK,Stress Testing 1-80,text,true,,231,155,200,200,http://localhost:34543/?token=518473935&user=-1355219268&config=3,7255,0,0
1780530291581,7255,Request,200,OK,Stress Testing 1-82,text,true,,231,155,200,200,http://localhost:34543/?token=518473935&user=-1355219268&config=3,7255,0,0
1780530291579,7257,Request,200,OK,Stress Testing 1-119,text,true,,231,155,200,200,http://localhost:34543/?token=518473935&user=-1355219268&config=3,7257,0,0
1780530291579,7257,Request,200,OK,Stress Testing 1-124,text,true,,231,155,200,200,http://localhost:34543/?token=518473935&user=-1355219268&config=3,7257,0,0
1780530291581,7255,Request,200,OK,Stress Testing 1-131,text,true,,231,155,200,200,http://localhost:34543/?token=518473935&user=-1355219268&config=3,7255,0,0
1780530291585,7251,Request,200,OK,Stress Testing 1-39,text,true,,231,155,200,200,http://localhost:34543/?token=518473935&user=-1355219268&config=3,7251,0,11
1780530291581,7256,Request,200,OK,Stress Testing 1-63,text,true,,231,155,200,200,http://localhost:34543/?token=518473935&user=-1355219268&config=3,7256,0,0
1780530291582,7255,Request,200,OK,Stress Testing 1-64,text,true,,231,155,200,200,http://localhost:34543/?token=518473935&user=-1355219268&config=3,7255,0,0
1780530291582,7255,Request,200,OK,Stress Testing 1-79,text,true,,231,155,200,200,http://localhost:34543/?token=518473935&user=-1355219268&config=3,7255,0,0
1780530291582,7255,Request,200,OK,Stress Testing 1-81,text,true,,231,155,200,200,http://localhost:34543/?token=518473935&user=-1355219268&config=3,7255,0,0
1780530291586,7251,Request,200,OK,Stress Testing 1-13,text,true,,231,155,200,200,http://localhost:34543/?token=518473935&user=-1355219268&config=3,7251,0,11
1780530291580,7257,Request,200,OK,Stress Testing 1-132,text,true,,231,155,200,200,http://localhost:34543/?token=518473935&user=-1355219268&config=3,7257,0,0
1780530291581,7256,Request,200,OK,Stress Testing 1-133,text,true,,231,155,200,200,http://localhost:34543/?token=518473935&user=-1355219268&config=3,7256,0,0
1780530291581,7256,Request,200,OK,Stress Testing 1-134,text,true,,231,155,200,200,http://localhost:34543/?token=518473935&user=-1355219268&config=3,7256,0,0
1780530291582,7255,Request,200,OK,Stress Testing 1-138,text,true,,231,155,200,200,http://localhost:34543/?token=518473935&user=-1355219268&config=3,7255,0,0
1780530291583,7254,Request,200,OK,Stress Testing 1-184,text,true,,231,155,200,200,http://localhost:34543/?token=518473935&user=-1355219268&config=3,7254,0,0
1780530292901,5937,Request,200,OK,Stress Testing 1-1,text,true,,231,155,200,200,http://localhost:34543/?token=518473935&user=-1355219268&config=3,5937,0,0
1780530291583,7255,Request,200,OK,Stress Testing 1-158,text,true,,231,155,200,200,http://localhost:34543/?token=518473935&user=-1355219268&config=3,7255,0,9
1780530291810,7028,Request,500,Internal Server Error,Stress Testing 1-3,text,false,,233,155,200,200,http://localhost:34543/?token=518473935&user=-1355219268&config=3,7028,0,7
1780530292900,5938,Request,200,OK,Stress Testing 1-11,text,true,,231,155,200,200,http://localhost:34543/?token=518473935&user=-1355219268&config=3,5938,0,0
1780530292901,5937,Request,200,OK,Stress Testing 1-20,text,true,,231,155,200,200,http://localhost:34543/?token=518473935&user=-1355219268&config=3,5937,0,0
1780530292901,5937,Request,200,OK,Stress Testing 1-37,text,true,,231,155,200,200,http://localhost:34543/?token=518473935&user=-1355219268&config=3,5937,0,0
1780530292901,5937,Request,200,OK,Stress Testing 1-47,text,true,,231,155,200,200,http://localhost:34543/?token=518473935&user=-1355219268&config=3,5937,0,0
1780530291811,7027,Request,500,Internal Server Error,Stress Testing 1-159,text,false,,233,155,200,200,http://localhost:34543/?token=518473935&user=-1355219268&config=3,7027,0,9
1780530291586,7252,Request,200,OK,Stress Testing 1-156,text,true,,231,155,200,200,http://localhost:34543/?token=518473935&user=-1355219268&config=3,7252,0,13
1780530291585,7253,Request,200,OK,Stress Testing 1-62,text,true,,231,155,200,200,http://localhost:34543/?token=518473935&user=-1355219268&config=3,7253,0,11
1780530292901,5937,Request,200,OK,Stress Testing 1-88,text,true,,231,155,200,200,http://localhost:34543/?token=518473935&user=-1355219268&config=3,5937,0,0
1780530292901,5937,Request,200,OK,Stress Testing 1-137,text,true,,231,155,200,200,http://localhost:34543/?token=518473935&user=-1355219268&config=3,5937,0,0
1780530291810,7028,Request,500,Internal Server Error,Stress Testing 1-65,text,false,,233,155,200,200,http://localhost:34543/?token=518473935&user=-1355219268&config=3,7028,0,4
1780530292900,6950,Request,200,OK,Stress Testing 1-125,text,true,,231,155,200,200,http://localhost:34543/?token=518473935&user=-1355219268&config=3,6950,0,0
1780530291585,8448,Request,200,OK,Stress Testing 1-26,text,true,,231,155,200,200,http://localhost:34543/?token=518473935&user=-1355219268&config=3,8448,0,10
1780530291584,8449,Request,200,OK,Stress Testing 1-72,text,true,,231,155,200,200,http://localhost:34543/?token=518473935&user=-1355219268&config=3,8449,0,10
1780530291584,8449,Request,200,OK,Stress Testing 1-151,text,true,,231,155,200,200,http://localhost:34543/?token=518473935&user=-1355219268&config=3,8449,0,11
1780530291586,8447,Request,200,OK,Stress Testing 1-51,text,true,,231,155,200,200,http://localhost:34543/?token=518473935&user=-1355219268&config=3,8447,0,15
1780530291586,8448,Request,200,OK,Stress Testing 1-90,text,true,,231,155,200,200,http://localhost:34543/?token=518473935&user=-1355219268&config=3,8448,0,12
1780530291587,8447,Request,200,OK,Stress Testing 1-95,text,true,,231,155,200,200,http://localhost:34543/?token=518473935&user=-1355219268&config=3,8447,0,18
1780530291585,8449,Request,200,OK,Stress Testing 1-50,text,true,,231,155,200,200,http://localhost:34543/?token=518473935&user=-1355219268&config=3,8449,0,11
1780530291586,8448,Request,200,OK,Stress Testing 1-27,text,true,,231,155,200,200,http://localhost:34543/?token=518473935&user=-1355219268&config=3,8448,0,14
1780530291586,8448,Request,200,OK,Stress Testing 1-66,text,true,,231,155,200,200,http://localhost:34543/?token=518473935&user=-1355219268&config=3,8448,0,15
1780530291586,8448,Request,200,OK,Stress Testing 1-91,text,true,,231,155,200,200,http://localhost:34543/?token=518473935&user=-1355219268&config=3,8448,0,16
1780530291586,8448,Request,200,OK,Stress Testing 1-153,text,true,,231,155,200,200,http://localhost:34543/?token=518473935&user=-1355219268&config=3,8448,0,18
1780530291584,8450,Request,200,OK,Stress Testing 1-97,text,true,,231,155,200,200,http://localhost:34543/?token=518473935&user=-1355219268&config=3,8450,0,11
1780530291811,8224,Request,200,OK,Stress Testing 1-94,text,true,,231,155,200,200,http://localhost:34543/?token=518473935&user=-1355219268&config=3,8224,0,8
1780530291586,8449,Request,200,OK,Stress Testing 1-154,text,true,,231,155,200,200,http://localhost:34543/?token=518473935&user=-1355219268&config=3,8449,0,13
1780530291811,8224,Request,200,OK,Stress Testing 1-162,text,true,,231,155,200,200,http://localhost:34543/?token=518473935&user=-1355219268&config=3,8224,0,10
1780530291585,8450,Request,200,OK,Stress Testing 1-85,text,true,,231,155,200,200,http://localhost:34543/?token=518473935&user=-1355219268&config=3,8450,0,12
1780530291810,8225,Request,200,OK,Stress Testing 1-92,text,true,,231,155,200,200,http://localhost:34543/?token=518473935&user=-1355219268&config=3,8225,0,3
1780530291811,8226,Request,200,OK,Stress Testing 1-93,text,true,,231,155,200,200,http://localhost:34543/?token=518473935&user=-1355219268&config=3,8226,0,7
1780530291587,8451,Request,200,OK,Stress Testing 1-68,text,true,,231,155,200,200,http://localhost:34543/?token=518473935&user=-1355219268&config=3,8451,0,19
1780530291810,8228,Request,200,OK,Stress Testing 1-67,text,true,,231,155,200,200,http://localhost:34543/?token=518473935&user=-1355219268&config=3,8228,0,2
1780530291810,8228,Request,200,OK,Stress Testing 1-22,text,true,,231,155,200,200,http://localhost:34543/?token=518473935&user=-1355219268&config=3,8228,0,5
1780530291810,8228,Request,200,OK,Stress Testing 1-40,text,true,,231,155,200,200,http://localhost:34543/?token=518473935&user=-1355219268&config=3,8228,0,6
1780530292900,7142,Request,200,OK,Stress Testing 1-120,text,true,,231,155,200,200,http://localhost:34543/?token=518473935&user=-1355219268&config=3,7142,0,0
1780530292901,7141,Request,200,OK,Stress Testing 1-16,text,true,,231,155,200,200,http://localhost:34543/?token=518473935&user=-1355219268&config=3,7141,0,0
1780530292902,7140,Request,200,OK,Stress Testing 1-32,text,true,,231,155,200,200,http://localhost:34543/?token=518473935&user=-1355219268&config=3,7140,0,0
1780530292901,7141,Request,200,OK,Stress Testing 1-33,text,true,,231,155,200,200,http://localhost:34543/?token=518473935&user=-1355219268&config=3,7141,0,0
1780530292902,7140,Request,200,OK,Stress Testing 1-84,text,true,,231,155,200,200,http://localhost:34543/?token=518473935&user=-1355219268&config=3,7140,0,0
1780530292901,7141,Request,200,OK,Stress Testing 1-86,text,true,,231,155,200,200,http://localhost:34543/?token=518473935&user=-1355219268&config=3,7141,0,0
1780530292901,7141,Request,200,OK,Stress Testing 1-129,text,true,,231,155,200,200,http://localhost:34543/?token=518473935&user=-1355219268&config=3,7141,0,0
1780530292901,7141,Request,200,OK,Stress Testing 1-182,text,true,,231,155,200,200,http://localhost:34543/?token=518473935&user=-1355219268&config=3,7141,0,0
1780530292902,7140,Request,200,OK,Stress Testing 1-146,text,true,,231,155,200,200,http://localhost:34543/?token=518473935&user=-1355219268&config=3,7140,0,0
1780530292901,7142,Request,200,OK,Stress Testing 1-183,text,true,,231,155,200,200,http://localhost:34543/?token=518473935&user=-1355219268&config=3,7142,0,0
1780530292902,7141,Request,200,OK,Stress Testing 1-181,text,true,,231,155,200,200,http://localhost:34543/?token=518473935&user=-1355219268&config=3,7141,0,0
1780530294939,5104,Request,200,OK,Stress Testing 1-7,text,true,,231,155,200,200,http://localhost:34543/?token=518473935&user=-1355219268&config=3,5104,0,0
1780530296793,3250,Request,200,OK,Stress Testing 1-14,text,true,,231,155,200,200,http://localhost:34543/?token=518473935&user=-1355219268&config=3,3250,0,0
1780530296792,3251,Request,200,OK,Stress Testing 1-28,text,true,,231,155,200,200,http://localhost:34543/?token=518473935&user=-1355219268&config=3,3251,0,0
1780530296794,3249,Request,200,OK,Stress Testing 1-34,text,true,,231,155,200,200,http://localhost:34543/?token=518473935&user=-1355219268&config=3,3249,0,0
1780530292901,7142,Request,200,OK,Stress Testing 1-48,text,true,,231,155,200,200,http://localhost:34543/?token=518473935&user=-1355219268&config=3,7142,0,0
1780530296792,3251,Request,200,OK,Stress Testing 1-52,text,true,,231,155,200,200,http://localhost:34543/?token=518473935&user=-1355219268&config=3,3251,0,0
1780530296792,3251,Request,200,OK,Stress Testing 1-54,text,true,,231,155,200,200,http://localhost:34543/?token=518473935&user=-1355219268&config=3,3251,0,0
1780530292902,7141,Request,200,OK,Stress Testing 1-60,text,true,,231,155,200,200,http://localhost:34543/?token=518473935&user=-1355219268&config=3,7141,0,0
1780530292903,7141,Request,200,OK,Stress Testing 1-61,text,true,,231,155,200,200,http://localhost:34543/?token=518473935&user=-1355219268&config=3,7141,0,0
1780530292902,7142,Request,200,OK,Stress Testing 1-87,text,true,,231,155,200,200,http://localhost:34543/?token=518473935&user=-1355219268&config=3,7142,0,0
1780530292903,7141,Request,200,OK,Stress Testing 1-89,text,true,,231,155,200,200,http://localhost:34543/?token=518473935&user=-1355219268&config=3,7141,0,0
1780530296793,3251,Request,200,OK,Stress Testing 1-100,text,true,,231,155,200,200,http://localhost:34543/?token=518473935&user=-1355219268&config=3,3251,0,0
1780530296793,3251,Request,200,OK,Stress Testing 1-101,text,true,,231,155,200,200,http://localhost:34543/?token=518473935&user=-1355219268&config=3,3251,0,0
1780530292901,7143,Request,200,OK,Stress Testing 1-130,text,true,,231,155,200,200,http://localhost:34543/?token=518473935&user=-1355219268&config=3,7143,0,0
1780530292903,7141,Request,200,OK,Stress Testing 1-185,text,true,,231,155,200,200,http://localhost:34543/?token=518473935&user=-1355219268&config=3,7141,0,0
1780530292908,7136,Request,200,OK,Stress Testing 1-147,text,true,,231,155,200,200,http://localhost:34543/?token=518473935&user=-1355219268&config=3,7136,0,0
1780530292903,7141,Request,200,OK,Stress Testing 1-148,text,true,,231,155,200,200,http://localhost:34543/?token=518473935&user=-1355219268&config=3,7141,0,0
1780530292908,7136,Request,200,OK,Stress Testing 1-149,text,true,,231,155,200,200,http://localhost:34543/?token=518473935&user=-1355219268&config=3,7136,0,0
1780530292903,7141,Request,200,OK,Stress Testing 1-150,text,true,,231,155,200,200,http://localhost:34543/?token=518473935&user=-1355219268&config=3,7141,0,0
1780530292908,7136,Request,200,OK,Stress Testing 1-152,text,true,,231,155,200,200,http://localhost:34543/?token=518473935&user=-1355219268&config=3,7136,0,0
1780530292903,7141,Request,200,OK,Stress Testing 1-155,text,true,,231,155,200,200,http://localhost:34543/?token=518473935&user=-1355219268&config=3,7141,0,0
1780530292908,7136,Request,200,OK,Stress Testing 1-157,text,true,,231,155,200,200,http://localhost:34543/?token=518473935&user=-1355219268&config=3,7136,0,0
1780530294935,5109,Request,200,OK,Stress Testing 1-165,text,true,,231,155,200,200,http://localhost:34543/?token=518473935&user=-1355219268&config=3,5109,0,0
1780530294935,5109,Request,200,OK,Stress Testing 1-168,text,true,,231,155,200,200,http://localhost:34543/?token=518473935&user=-1355219268&config=3,5109,0,0
1780530296793,3251,Request,200,OK,Stress Testing 1-190,text,true,,231,155,200,200,http://localhost:34543/?token=518473935&user=-1355219268&config=3,3251,0,0
1780530296795,3250,Request,200,OK,Stress Testing 1-8,text,true,,231,155,200,200,http://localhost:34543/?token=518473935&user=-1355219268&config=3,3250,0,0
1780530296795,3250,Request,200,OK,Stress Testing 1-41,text,true,,231,155,200,200,http://localhost:34543/?token=518473935&user=-1355219268&config=3,3250,0,0
1780530296794,3251,Request,200,OK,Stress Testing 1-71,text,true,,231,155,200,200,http://localhost:34543/?token=518473935&user=-1355219268&config=3,3251,0,0
1780530296794,3251,Request,200,OK,Stress Testing 1-99,text,true,,231,155,200,200,http://localhost:34543/?token=518473935&user=-1355219268&config=3,3251,0,0
1780530296794,3251,Request,200,OK,Stress Testing 1-189,text,true,,231,155,200,200,http://localhost:34543/?token=518473935&user=-1355219268&config=3,3251,0,0
1780530296796,3250,Request,200,OK,Stress Testing 1-19,text,true,,231,155,200,200,http://localhost:34543/?token=518473935&user=-1355219268&config=3,3250,0,0
1780530296795,3251,Request,200,OK,Stress Testing 1-70,text,true,,231,155,200,200,http://localhost:34543/?token=518473935&user=-1355219268&config=3,3251,0,0
1780530296796,3250,Request,200,OK,Stress Testing 1-102,text,true,,231,155,200,200,http://localhost:34543/?token=518473935&user=-1355219268&config=3,3250,0,0
1780530296795,3251,Request,200,OK,Stress Testing 1-187,text,true,,231,155,200,200,http://localhost:34543/?token=518473935&user=-1355219268&config=3,3251,0,0
1780530296796,4488,Request,200,OK,Stress Testing 1-103,text,true,,231,155,200,200,http://localhost:34543/?token=518473935&user=-1355219268&config=3,4488,0,0
1780530298827,4096,Request,200,OK,Stress Testing 1-4,text,true,,231,155,200,200,http://localhost:34543/?token=518473935&user=-1355219268&config=3,4096,0,0
1780530298827,4096,Request,200,OK,Stress Testing 1-5,text,true,,231,155,200,200,http://localhost:34543/?token=518473935&user=-1355219268&config=3,4096,0,0
1780530298827,4097,Request,200,OK,Stress Testing 1-9,text,true,,231,155,200,200,http://localhost:34543/?token=518473935&user=-1355219268&config=3,4097,0,0
1780530298828,4096,Request,200,OK,Stress Testing 1-12,text,true,,231,155,200,200,http://localhost:34543/?token=518473935&user=-1355219268&config=3,4096,0,0
1780530298828,4096,Request,200,OK,Stress Testing 1-15,text,true,,231,155,200,200,http://localhost:34543/?token=518473935&user=-1355219268&config=3,4096,0,0
1780530296796,6128,Request,200,OK,Stress Testing 1-23,text,true,,231,155,200,200,http://localhost:34543/?token=518473935&user=-1355219268&config=3,6128,0,0
1780530296796,6128,Request,200,OK,Stress Testing 1-24,text,true,,231,155,200,200,http://localhost:34543/?token=518473935&user=-1355219268&config=3,6128,0,0
1780530296796,6128,Request,200,OK,Stress Testing 1-29,text,true,,231,155,200,200,http://localhost:34543/?token=518473935&user=-1355219268&config=3,6128,0,0
1780530296796,6128,Request,200,OK,Stress Testing 1-35,text,true,,231,155,200,200,http://localhost:34543/?token=518473935&user=-1355219268&config=3,6128,0,0
1780530296796,6128,Request,200,OK,Stress Testing 1-36,text,true,,231,155,200,200,http://localhost:34543/?token=518473935&user=-1355219268&config=3,6128,0,0
1780530297801,5123,Request,200,OK,Stress Testing 1-42,text,true,,231,155,200,200,http://localhost:34543/?token=518473935&user=-1355219268&config=3,5123,0,0
1780530296796,6128,Request,200,OK,Stress Testing 1-44,text,true,,231,155,200,200,http://localhost:34543/?token=518473935&user=-1355219268&config=3,6128,0,0
1780530296796,6128,Request,200,OK,Stress Testing 1-45,text,true,,231,155,200,200,http://localhost:34543/?token=518473935&user=-1355219268&config=3,6128,0,0
1780530297801,5123,Request,200,OK,Stress Testing 1-53,text,true,,231,155,200,200,http://localhost:34543/?token=518473935&user=-1355219268&config=3,5123,0,0
1780530296795,6129,Request,200,OK,Stress Testing 1-69,text,true,,231,155,200,200,http://localhost:34543/?token=518473935&user=-1355219268&config=3,6129,0,0
1780530296796,6128,Request,200,OK,Stress Testing 1-73,text,true,,231,155,200,200,http://localhost:34543/?token=518473935&user=-1355219268&config=3,6128,0,0
1780530296797,6127,Request,200,OK,Stress Testing 1-74,text,true,,231,155,200,200,http://localhost:34543/?token=518473935&user=-1355219268&config=3,6127,0,0
1780530297801,5123,Request,200,OK,Stress Testing 1-136,text,true,,231,155,200,200,http://localhost:34543/?token=518473935&user=-1355219268&config=3,5123,0,3
1780530296797,6127,Request,200,OK,Stress Testing 1-96,text,true,,231,155,200,200,http://localhost:34543/?token=518473935&user=-1355219268&config=3,6127,0,0
1780530297797,5127,Request,200,OK,Stress Testing 1-98,text,true,,231,155,200,200,http://localhost:34543/?token=518473935&user=-1355219268&config=3,5127,0,0
1780530296797,6127,Request,200,OK,Stress Testing 1-104,text,true,,231,155,200,200,http://localhost:34543/?token=518473935&user=-1355219268&config=3,6127,0,0
1780530296797,6127,Request,200,OK,Stress Testing 1-105,text,true,,231,155,200,200,http://localhost:34543/?token=518473935&user=-1355219268&config=3,6127,0,0
1780530296797,6127,Request,200,OK,Stress Testing 1-106,text,true,,231,155,200,200,http://localhost:34543/?token=518473935&user=-1355219268&config=3,6127,0,0
1780530296802,6123,Request,200,OK,Stress Testing 1-108,text,true,,231,155,200,200,http://localhost:34543/?token=518473935&user=-1355219268&config=3,6123,0,0
1780530296802,6123,Request,200,OK,Stress Testing 1-109,text,true,,231,155,200,200,http://localhost:34543/?token=518473935&user=-1355219268&config=3,6123,0,0
1780530296797,6128,Request,200,OK,Stress Testing 1-110,text,true,,231,155,200,200,http://localhost:34543/?token=518473935&user=-1355219268&config=3,6128,0,0
1780530297801,5124,Request,200,OK,Stress Testing 1-112,text,true,,231,155,200,200,http://localhost:34543/?token=518473935&user=-1355219268&config=3,5124,0,0
1780530296802,6123,Request,200,OK,Stress Testing 1-114,text,true,,231,155,200,200,http://localhost:34543/?token=518473935&user=-1355219268&config=3,6123,0,0
1780530296802,6123,Request,200,OK,Stress Testing 1-143,text,true,,231,155,200,200,http://localhost:34543/?token=518473935&user=-1355219268&config=3,6123,0,0
1780530296797,6128,Request,200,OK,Stress Testing 1-140,text,true,,231,155,200,200,http://localhost:34543/?token=518473935&user=-1355219268&config=3,6128,0,0
1780530296802,6124,Request,200,OK,Stress Testing 1-142,text,true,,231,155,200,200,http://localhost:34543/?token=518473935&user=-1355219268&config=3,6124,0,0
1780530296798,6128,Request,200,OK,Stress Testing 1-160,text,true,,231,155,200,200,http://localhost:34543/?token=518473935&user=-1355219268&config=3,6128,0,0
1780530296796,6130,Request,200,OK,Stress Testing 1-186,text,true,,231,155,200,200,http://localhost:34543/?token=518473935&user=-1355219268&config=3,6130,0,0
1780530296795,6131,Request,200,OK,Stress Testing 1-188,text,true,,231,155,200,200,http://localhost:34543/?token=518473935&user=-1355219268&config=3,6131,0,0
1780530296798,6128,Request,200,OK,Stress Testing 1-145,text,true,,231,155,200,200,http://localhost:34543/?token=518473935&user=-1355219268&config=3,6128,0,0
1780530298827,4102,Request,200,OK,Stress Testing 1-10,text,true,,231,155,200,200,http://localhost:34543/?token=518473935&user=-1355219268&config=3,4102,0,0
1780530298828,4101,Request,200,OK,Stress Testing 1-2,text,true,,231,155,200,200,http://localhost:34543/?token=518473935&user=-1355219268&config=3,4101,0,0
1780530298828,4259,Request,200,OK,Stress Testing 1-30,text,true,,231,155,200,200,http://localhost:34543/?token=518473935&user=-1355219268&config=3,4259,0,0
1780530298828,4260,Request,200,OK,Stress Testing 1-75,text,true,,231,155,200,200,http://localhost:34543/?token=518473935&user=-1355219268&config=3,4260,0,0
1780530298828,4260,Request,200,OK,Stress Testing 1-77,text,true,,231,155,200,200,http://localhost:34543/?token=518473935&user=-1355219268&config=3,4260,0,0
1780530298828,4260,Request,200,OK,Stress Testing 1-78,text,true,,231,155,200,200,http://localhost:34543/?token=518473935&user=-1355219268&config=3,4260,0,0
1780530298828,4260,Request,200,OK,Stress Testing 1-107,text,true,,231,155,200,200,http://localhost:34543/?token=518473935&user=-1355219268&config=3,4260,0,0
1780530298828,4260,Request,200,OK,Stress Testing 1-126,text,true,,231,155,200,200,http://localhost:34543/?token=518473935&user=-1355219268&config=3,4260,0,0
1780530298828,4264,Request,200,OK,Stress Testing 1-117,text,true,,231,155,200,200,http://localhost:34543/?token=518473935&user=-1355219268&config=3,4264,0,0
1780530298828,4264,Request,200,OK,Stress Testing 1-121,text,true,,231,155,200,200,http://localhost:34543/?token=518473935&user=-1355219268&config=3,4264,0,0
1780530298828,4264,Request,200,OK,Stress Testing 1-139,text,true,,231,155,200,200,http://localhost:34543/?token=518473935&user=-1355219268&config=3,4264,0,0
1780530298829,4264,Request,200,OK,Stress Testing 1-144,text,true,,231,155,200,200,http://localhost:34543/?token=518473935&user=-1355219268&config=3,4264,0,0
1780530298829,4264,Request,200,OK,Stress Testing 1-161,text,true,,231,155,200,200,http://localhost:34543/?token=518473935&user=-1355219268&config=3,4264,0,0
1780530298828,4569,Request,200,OK,Stress Testing 1-111,text,true,,231,155,200,200,http://localhost:34543/?token=518473935&user=-1355219268&config=3,4569,0,0
1780530298828,4605,Request,200,OK,Stress Testing 1-115,text,true,,231,155,200,200,http://localhost:34543/?token=518473935&user=-1355219268&config=3,4605,0,0
1780530298829,4604,Request,200,OK,Stress Testing 1-164,text,true,,231,155,200,200,http://localhost:34543/?token=518473935&user=-1355219268&config=3,4604,0,0
1780530298828,4605,Request,200,OK,Stress Testing 1-113,text,true,,231,155,200,200,http://localhost:34543/?token=518473935&user=-1355219268&config=3,4605,0,0
1780530298828,4605,Request,200,OK,Stress Testing 1-116,text,true,,231,155,200,200,http://localhost:34543/?token=518473935&user=-1355219268&config=3,4605,0,0
1780530298828,4606,Request,200,OK,Stress Testing 1-118,text,true,,231,155,200,200,http://localhost:34543/?token=518473935&user=-1355219268&config=3,4606,0,0
1780530298829,4605,Request,200,OK,Stress Testing 1-163,text,true,,231,155,200,200,http://localhost:34543/?token=518473935&user=-1355219268&config=3,4605,0,0
1780530298829,4605,Request,200,OK,Stress Testing 1-173,text,true,,231,155,200,200,http://localhost:34543/?token=518473935&user=-1355219268&config=3,4605,0,0
1780530298829,4605,Request,200,OK,Stress Testing 1-166,text,true,,231,155,200,200,http://localhost:34543/?token=518473935&user=-1355219268&config=3,4605,0,0
1780530298829,4605,Request,200,OK,Stress Testing 1-169,text,true,,231,155,200,200,http://localhost:34543/?token=518473935&user=-1355219268&config=3,4605,0,0
1780530298829,4605,Request,200,OK,Stress Testing 1-170,text,true,,231,155,200,200,http://localhost:34543/?token=518473935&user=-1355219268&config=3,4605,0,0
1780530298829,4605,Request,200,OK,Stress Testing 1-175,text,true,,231,155,200,200,http://localhost:34543/?token=518473935&user=-1355219268&config=3,4605,0,0
1780530298829,4605,Request,200,OK,Stress Testing 1-176,text,true,,231,155,200,200,http://localhost:34543/?token=518473935&user=-1355219268&config=3,4605,0,0
1780530298829,4606,Request,200,OK,Stress Testing 1-167,text,true,,231,155,200,200,http://localhost:34543/?token=518473935&user=-1355219268&config=3,4606,0,0
1780530298829,4606,Request,200,OK,Stress Testing 1-171,text,true,,231,155,200,200,http://localhost:34543/?token=518473935&user=-1355219268&config=3,4606,0,0
1780530298829,4606,Request,200,OK,Stress Testing 1-172,text,true,,231,155,200,200,http://localhost:34543/?token=518473935&user=-1355219268&config=3,4606,0,0
1780530298829,4606,Request,200,OK,Stress Testing 1-174,text,true,,231,155,200,200,http://localhost:34543/?token=518473935&user=-1355219268&config=3,4606,0,0
1780530298829,4606,Request,200,OK,Stress Testing 1-177,text,true,,231,155,200,200,http://localhost:34543/?token=518473935&user=-1355219268&config=3,4606,0,0
1780530298830,4605,Request,200,OK,Stress Testing 1-179,text,true,,231,155,200,200,http://localhost:34543/?token=518473935&user=-1355219268&config=3,4605,0,0
1780530298830,4605,Request,200,OK,Stress Testing 1-180,text,true,,231,155,200,200,http://localhost:34543/?token=518473935&user=-1355219268&config=3,4605,0,0
1780530298830,4605,Request,200,OK,Stress Testing 1-191,text,true,,231,155,200,200,http://localhost:34543/?token=518473935&user=-1355219268&config=3,4605,0,0
1780530298830,4605,Request,200,OK,Stress Testing 1-192,text,true,,231,155,200,200,http://localhost:34543/?token=518473935&user=-1355219268&config=3,4605,0,0
1780530298830,4605,Request,200,OK,Stress Testing 1-193,text,true,,231,155,200,200,http://localhost:34543/?token=518473935&user=-1355219268&config=3,4605,0,0
1780530298830,4605,Request,200,OK,Stress Testing 1-194,text,true,,231,155,200,200,http://localhost:34543/?token=518473935&user=-1355219268&config=3,4605,0,0
1780530298830,4606,Request,200,OK,Stress Testing 1-178,text,true,,231,155,200,200,http://localhost:34543/?token=518473935&user=-1355219268&config=3,4606,0,0
1780530298830,4606,Request,200,OK,Stress Testing 1-195,text,true,,231,155,200,200,http://localhost:34543/?token=518473935&user=-1355219268&config=3,4606,0,0
1780530298830,4606,Request,200,OK,Stress Testing 1-196,text,true,,231,155,200,200,http://localhost:34543/?token=518473935&user=-1355219268&config=3,4606,0,0
1780530298830,4606,Request,200,OK,Stress Testing 1-197,text,true,,231,155,200,200,http://localhost:34543/?token=518473935&user=-1355219268&config=3,4606,0,0
1780530298830,4606,Request,200,OK,Stress Testing 1-198,text,true,,231,155,200,200,http://localhost:34543/?token=518473935&user=-1355219268&config=3,4606,0,0
1780530298830,4606,Request,200,OK,Stress Testing 1-199,text,true,,231,155,200,200,http://localhost:34543/?token=518473935&user=-1355219268&config=3,4606,0,0
1780530298834,4602,Request,200,OK,Stress Testing 1-6,text,true,,231,155,200,200,http://localhost:34543/?token=518473935&user=-1355219268&config=3,4602,0,0
1780530298834,4603,Request,200,OK,Stress Testing 1-18,text,true,,231,155,200,200,http://localhost:34543/?token=518473935&user=-1355219268&config=3,4603,0,0
1780530298834,4603,Request,200,OK,Stress Testing 1-21,text,true,,231,155,200,200,http://localhost:34543/?token=518473935&user=-1355219268&config=3,4603,0,0
1780530298830,4607,Request,200,OK,Stress Testing 1-200,text,true,,231,155,200,200,http://localhost:34543/?token=518473935&user=-1355219268&config=3,4607,0,0
1780530298830,4607,Request,200,OK,Stress Testing 1-141,text,true,,231,155,200,200,http://localhost:34543/?token=518473935&user=-1355219268&config=3,4607,0,0
1780530298834,4603,Request,200,OK,Stress Testing 1-25,text,true,,231,155,200,200,http://localhost:34543/?token=518473935&user=-1355219268&config=3,4603,0,0
1780530298834,4603,Request,200,OK,Stress Testing 1-31,text,true,,231,155,200,200,http://localhost:34543/?token=518473935&user=-1355219268&config=3,4603,0,0
1780530298835,4602,Request,200,OK,Stress Testing 1-38,text,true,,231,155,200,200,http://localhost:34543/?token=518473935&user=-1355219268&config=3,4602,0,0
1780530298835,4602,Request,200,OK,Stress Testing 1-43,text,true,,231,155,200,200,http://localhost:34543/?token=518473935&user=-1355219268&config=3,4602,0,0
1780530298835,4603,Request,200,OK,Stress Testing 1-55,text,true,,231,155,200,200,http://localhost:34543/?token=518473935&user=-1355219268&config=3,4603,0,0
1780530298835,4603,Request,200,OK,Stress Testing 1-17,text,true,,231,155,200,200,http://localhost:34543/?token=518473935&user=-1355219268&config=3,4603,0,0
1780530298836,4602,Request,200,OK,Stress Testing 1-49,text,true,,231,155,200,200,http://localhost:34543/?token=518473935&user=-1355219268&config=3,4602,0,0
1780530298835,4603,Request,200,OK,Stress Testing 1-58,text,true,,231,155,200,200,http://localhost:34543/?token=518473935&user=-1355219268&config=3,4603,0,0
1780530298835,4603,Request,200,OK,Stress Testing 1-59,text,true,,231,155,200,200,http://localhost:34543/?token=518473935&user=-1355219268&config=3,4603,0,0
1780530298836,4602,Request,200,OK,Stress Testing 1-80,text,true,,231,155,200,200,http://localhost:34543/?token=518473935&user=-1355219268&config=3,4602,0,0
1780530298836,4602,Request,200,OK,Stress Testing 1-82,text,true,,231,155,200,200,http://localhost:34543/?token=518473935&user=-1355219268&config=3,4602,0,0
1780530298835,4603,Request,200,OK,Stress Testing 1-122,text,true,,231,155,200,200,http://localhost:34543/?token=518473935&user=-1355219268&config=3,4603,0,0
1780530298835,4603,Request,200,OK,Stress Testing 1-123,text,true,,231,155,200,200,http://localhost:34543/?token=518473935&user=-1355219268&config=3,4603,0,0
1780530298835,4604,Request,200,OK,Stress Testing 1-127,text,true,,231,155,200,200,http://localhost:34543/?token=518473935&user=-1355219268&config=3,4604,0,0
1780530298835,4604,Request,200,OK,Stress Testing 1-128,text,true,,231,155,200,200,http://localhost:34543/?token=518473935&user=-1355219268&config=3,4604,0,0
1780530298835,4604,Request,200,OK,Stress Testing 1-135,text,true,,231,155,200,200,http://localhost:34543/?token=518473935&user=-1355219268&config=3,4604,0,0
1780530298835,4604,Request,200,OK,Stress Testing 1-83,text,true,,231,155,200,200,http://localhost:34543/?token=518473935&user=-1355219268&config=3,4604,0,0
1780530298837,4941,Request,200,OK,Stress Testing 1-39,text,true,,231,155,200,200,http://localhost:34543/?token=518473935&user=-1355219268&config=3,4941,0,0
1780530303438,1818,Request,Non HTTP response code: java.net.SocketException,Non HTTP response message: Socket closed,Stress Testing 1-59,text,false,,2744,0,200,200,http://localhost:34543/?token=518473935&user=-1355219268&config=3,0,0,0
1780530298836,6420,Request,Non HTTP response code: java.net.SocketException,Non HTTP response message: Socket closed,Stress Testing 1-56,text,false,,2744,0,200,200,http://localhost:34543/?token=518473935&user=-1355219268&config=3,0,0,0
1780530300042,5214,Request,Non HTTP response code: java.net.SocketException,Non HTTP response message: Socket closed,Stress Testing 1-86,text,false,,2744,0,198,198,http://localhost:34543/?token=518473935&user=-1355219268&config=3,0,0,0
1780530302926,2330,Request,Non HTTP response code: java.net.SocketException,Non HTTP response message: Socket closed,Stress Testing 1-188,text,false,,2744,0,197,197,http://localhost:34543/?token=518473935&user=-1355219268&config=3,0,0,0
1780530300044,5213,Request,Non HTTP response code: java.net.SocketException,Non HTTP response message: Socket closed,Stress Testing 1-165,text,false,,2744,0,196,196,http://localhost:34543/?token=518473935&user=-1355219268&config=3,0,0,0
1780530303436,1821,Request,Non HTTP response code: java.net.SocketException,Non HTTP response message: Socket closed,Stress Testing 1-197,text,false,,2744,0,195,195,http://localhost:34543/?token=518473935&user=-1355219268&config=3,0,0,0
1780530300042,5215,Request,Non HTTP response code: java.net.SocketException,Non HTTP response message: Socket closed,Stress Testing 1-84,text,false,,2744,0,194,194,http://localhost:34543/?token=518473935&user=-1355219268&config=3,0,0,0
1780530300046,5211,Request,Non HTTP response code: java.net.SocketException,Non HTTP response message: Socket closed,Stress Testing 1-70,text,false,,2744,0,193,193,http://localhost:34543/?token=518473935&user=-1355219268&config=3,0,0,0
1780530298838,6419,Request,Non HTTP response code: java.net.SocketException,Non HTTP response message: Socket closed,Stress Testing 1-11,text,false,,2744,0,192,192,http://localhost:34543/?token=518473935&user=-1355219268&config=3,0,0,0
1780530300044,5213,Request,Non HTTP response code: java.net.SocketException,Non HTTP response message: Socket closed,Stress Testing 1-190,text,false,,2744,0,191,191,http://localhost:34543/?token=518473935&user=-1355219268&config=3,0,0,0
1780530300045,5212,Request,Non HTTP response code: java.net.SocketException,Non HTTP response message: Socket closed,Stress Testing 1-189,text,false,,2744,0,190,190,http://localhost:34543/?token=518473935&user=-1355219268&config=3,0,0,0
1780530303088,2170,Request,Non HTTP response code: java.net.SocketException,Non HTTP response message: Socket closed,Stress Testing 1-126,text,false,,2744,0,189,189,http://localhost:34543/?token=518473935&user=-1355219268&config=3,0,0,0
1780530302924,2334,Request,Non HTTP response code: java.net.SocketException,Non HTTP response message: Socket closed,Stress Testing 1-35,text,false,,2744,0,189,189,http://localhost:34543/?token=518473935&user=-1355219268&config=3,0,0,0
1780530303437,1821,Request,Non HTTP response code: java.net.SocketException,Non HTTP response message: Socket closed,Stress Testing 1-21,text,false,,2744,0,189,189,http://localhost:34543/?token=518473935&user=-1355219268&config=3,0,0,0
1780530300044,5214,Request,Non HTTP response code: java.net.SocketException,Non HTTP response message: Socket closed,Stress Testing 1-100,text,false,,2744,0,186,186,http://localhost:34543/?token=518473935&user=-1355219268&config=3,0,0,0
1780530303437,1821,Request,Non HTTP response code: java.net.SocketException,Non HTTP response message: Socket closed,Stress Testing 1-38,text,false,,2744,0,185,185,http://localhost:34543/?token=518473935&user=-1355219268&config=3,0,0,0
1780530303439,1819,Request,Non HTTP response code: java.net.SocketException,Non HTTP response message: Socket closed,Stress Testing 1-83,text,false,,2744,0,184,184,http://localhost:34543/?token=518473935&user=-1355219268&config=3,0,0,0
1780530298836,6422,Request,Non HTTP response code: java.net.SocketException,Non HTTP response message: Socket closed,Stress Testing 1-46,text,false,,2744,0,183,183,http://localhost:34543/?token=518473935&user=-1355219268&config=3,0,0,0
1780530303438,1820,Request,Non HTTP response code: java.net.SocketException,Non HTTP response message: Socket closed,Stress Testing 1-82,text,false,,2744,0,182,182,http://localhost:34543/?token=518473935&user=-1355219268&config=3,0,0,0
1780530298838,6420,Request,Non HTTP response code: java.net.SocketException,Non HTTP response message: Socket closed,Stress Testing 1-88,text,false,,2744,0,181,181,http://localhost:34543/?token=518473935&user=-1355219268&config=3,0,0,0
1780530303088,2170,Request,Non HTTP response code: java.net.SocketException,Non HTTP response message: Socket closed,Stress Testing 1-75,text,false,,2744,0,180,180,http://localhost:34543/?token=518473935&user=-1355219268&config=3,0,0,0
1780530300034,5224,Request,Non HTTP response code: java.net.SocketException,Non HTTP response message: Socket closed,Stress Testing 1-50,text,false,,2744,0,179,179,http://localhost:34543/?token=518473935&user=-1355219268&config=3,0,0,0
1780530298836,6423,Request,Non HTTP response code: java.net.SocketException,Non HTTP response message: Socket closed,Stress Testing 1-57,text,false,,2744,0,178,178,http://localhost:34543/?token=518473935&user=-1355219268&config=3,0,0,0
1780530302924,2335,Request,Non HTTP response code: java.net.SocketException,Non HTTP response message: Socket closed,Stress Testing 1-98,text,false,,2744,0,178,178,http://localhost:34543/?token=518473935&user=-1355219268&config=3,0,0,0
1780530303437,1822,Request,Non HTTP response code: java.net.SocketException,Non HTTP response message: Socket closed,Stress Testing 1-200,text,false,,2744,0,176,176,http://localhost:34543/?token=518473935&user=-1355219268&config=3,0,0,0
1780530298836,6423,Request,Non HTTP response code: java.net.SocketException,Non HTTP response message: Socket closed,Stress Testing 1-119,text,false,,2744,0,175,175,http://localhost:34543/?token=518473935&user=-1355219268&config=3,0,0,0
1780530303436,1823,Request,Non HTTP response code: java.net.SocketException,Non HTTP response message: Socket closed,Stress Testing 1-6,text,false,,2744,0,174,174,http://localhost:34543/?token=518473935&user=-1355219268&config=3,0,0,0
1780530300035,5224,Request,Non HTTP response code: java.net.SocketException,Non HTTP response message: Socket closed,Stress Testing 1-92,text,false,,2744,0,173,173,http://localhost:34543/?token=518473935&user=-1355219268&config=3,0,0,0
1780530303092,2167,Request,Non HTTP response code: java.net.SocketException,Non HTTP response message: Socket closed,Stress Testing 1-121,text,false,,2744,0,172,172,http://localhost:34543/?token=518473935&user=-1355219268&config=3,0,0,0
1780530300042,5217,Request,Non HTTP response code: java.net.SocketException,Non HTTP response message: Socket closed,Stress Testing 1-33,text,false,,2744,0,171,171,http://localhost:34543/?token=518473935&user=-1355219268&config=3,0,0,0
1780530302924,2335,Request,Non HTTP response code: java.net.SocketException,Non HTTP response message: Socket closed,Stress Testing 1-45,text,false,,2744,0,170,170,http://localhost:34543/?token=518473935&user=-1355219268&config=3,0,0,0
1780530300042,5217,Request,Non HTTP response code: java.net.SocketException,Non HTTP response message: Socket closed,Stress Testing 1-182,text,false,,2744,0,169,169,http://localhost:34543/?token=518473935&user=-1355219268&config=3,0,0,0
1780530300043,5216,Request,Non HTTP response code: java.net.SocketException,Non HTTP response message: Socket closed,Stress Testing 1-28,text,false,,2744,0,168,168,http://localhost:34543/?token=518473935&user=-1355219268&config=3,0,0,0
1780530303438,1822,Request,Non HTTP response code: java.net.SocketException,Non HTTP response message: Socket closed,Stress Testing 1-58,text,false,,2744,0,167,167,http://localhost:34543/?token=518473935&user=-1355219268&config=3,0,0,0
1780530298838,6422,Request,Non HTTP response code: java.net.SocketException,Non HTTP response message: Socket closed,Stress Testing 1-20,text,false,,2744,0,166,166,http://localhost:34543/?token=518473935&user=-1355219268&config=3,0,0,0
1780530303435,1825,Request,Non HTTP response code: java.net.SocketException,Non HTTP response message: Socket closed,Stress Testing 1-171,text,false,,2744,0,165,165,http://localhost:34543/?token=518473935&user=-1355219268&config=3,0,0,0
1780530299850,5410,Request,Non HTTP response code: java.net.SocketException,Non HTTP response message: Socket closed,Stress Testing 1-125,text,false,,2744,0,164,164,http://localhost:34543/?token=518473935&user=-1355219268&config=3,0,0,0
1780530302929,2331,Request,Non HTTP response code: java.net.SocketException,Non HTTP response message: Socket closed,Stress Testing 1-10,text,false,,2744,0,163,163,http://localhost:34543/?token=518473935&user=-1355219268&config=3,0,0,0
1780530302924,2336,Request,Non HTTP response code: java.net.SocketException,Non HTTP response message: Socket closed,Stress Testing 1-105,text,false,,2744,0,162,162,http://localhost:34543/?token=518473935&user=-1355219268&config=3,0,0,0
1780530303088,2172,Request,Non HTTP response code: java.net.SocketException,Non HTTP response message: Socket closed,Stress Testing 1-107,text,false,,2744,0,161,161,http://localhost:34543/?token=518473935&user=-1355219268&config=3,0,0,0
1780530302924,2336,Request,Non HTTP response code: java.net.SocketException,Non HTTP response message: Socket closed,Stress Testing 1-36,text,false,,2744,0,160,160,http://localhost:34543/?token=518473935&user=-1355219268&config=3,0,0,0
1780530303433,1827,Request,Non HTTP response code: java.net.SocketException,Non HTTP response message: Socket closed,Stress Testing 1-115,text,false,,2744,0,159,159,http://localhost:34543/?token=518473935&user=-1355219268&config=3,0,0,0
1780530300044,5216,Request,Non HTTP response code: java.net.SocketException,Non HTTP response message: Socket closed,Stress Testing 1-61,text,false,,2744,0,158,158,http://localhost:34543/?token=518473935&user=-1355219268&config=3,0,0,0
1780530303439,1821,Request,Non HTTP response code: java.net.SocketException,Non HTTP response message: Socket closed,Stress Testing 1-127,text,false,,2744,0,157,157,http://localhost:34543/?token=518473935&user=-1355219268&config=3,0,0,0
1780530303436,1825,Request,Non HTTP response code: java.net.SocketException,Non HTTP response message: Socket closed,Stress Testing 1-198,text,false,,2744,0,156,156,http://localhost:34543/?token=518473935&user=-1355219268&config=3,0,0,0
1780530300044,5217,Request,Non HTTP response code: java.net.SocketException,Non HTTP response message: Socket closed,Stress Testing 1-185,text,false,,2744,0,156,156,http://localhost:34543/?token=518473935&user=-1355219268&config=3,0,0,0
1780530303434,1827,Request,Non HTTP response code: java.net.SocketException,Non HTTP response message: Socket closed,Stress Testing 1-163,text,false,,2744,0,154,154,http://localhost:34543/?token=518473935&user=-1355219268&config=3,0,0,0
1780530303434,1827,Request,Non HTTP response code: java.net.SocketException,Non HTTP response message: Socket closed,Stress Testing 1-169,text,false,,2744,0,153,153,http://localhost:34543/?token=518473935&user=-1355219268&config=3,0,0,0
1780530303437,1824,Request,Non HTTP response code: java.net.SocketException,Non HTTP response message: Socket closed,Stress Testing 1-18,text,false,,2744,0,152,152,http://localhost:34543/?token=518473935&user=-1355219268&config=3,0,0,0
1780530303438,1823,Request,Non HTTP response code: java.net.SocketException,Non HTTP response message: Socket closed,Stress Testing 1-122,text,false,,2744,0,151,151,http://localhost:34543/?token=518473935&user=-1355219268&config=3,0,0,0
1780530302924,2337,Request,Non HTTP response code: java.net.SocketException,Non HTTP response message: Socket closed,Stress Testing 1-12,text,false,,2744,0,150,150,http://localhost:34543/?token=518473935&user=-1355219268&config=3,0,0,0
1780530300034,5227,Request,Non HTTP response code: java.net.SocketException,Non HTTP response message: Socket closed,Stress Testing 1-90,text,false,,2744,0,149,149,http://localhost:34543/?token=518473935&user=-1355219268&config=3,0,0,0
1780530303435,1826,Request,Non HTTP response code: java.net.SocketException,Non HTTP response message: Socket closed,Stress Testing 1-174,text,false,,2744,0,148,148,http://localhost:34543/?token=518473935&user=-1355219268&config=3,0,0,0
1780530298838,6423,Request,Non HTTP response code: java.net.SocketException,Non HTTP response message: Socket closed,Stress Testing 1-62,text,false,,2744,0,147,147,http://localhost:34543/?token=518473935&user=-1355219268&config=3,0,0,0
1780530300035,5227,Request,Non HTTP response code: java.net.SocketException,Non HTTP response message: Socket closed,Stress Testing 1-154,text,false,,2744,0,146,146,http://localhost:34543/?token=518473935&user=-1355219268&config=3,0,0,0
1780530300043,5219,Request,Non HTTP response code: java.net.SocketException,Non HTTP response message: Socket closed,Stress Testing 1-7,text,false,,2744,0,145,145,http://localhost:34543/?token=518473935&user=-1355219268&config=3,0,0,0
1780530300035,5227,Request,Non HTTP response code: java.net.SocketException,Non HTTP response message: Socket closed,Stress Testing 1-162,text,false,,2744,0,144,144,http://localhost:34543/?token=518473935&user=-1355219268&config=3,0,0,0
1780530303435,1827,Request,Non HTTP response code: java.net.SocketException,Non HTTP response message: Socket closed,Stress Testing 1-180,text,false,,2744,0,144,144,http://localhost:34543/?token=518473935&user=-1355219268&config=3,0,0,0
1780530300043,5219,Request,Non HTTP response code: java.net.SocketException,Non HTTP response message: Socket closed,Stress Testing 1-181,text,false,,2744,0,142,142,http://localhost:34543/?token=518473935&user=-1355219268&config=3,0,0,0
1780530303436,1826,Request,Non HTTP response code: java.net.SocketException,Non HTTP response message: Socket closed,Stress Testing 1-195,text,false,,2744,0,141,141,http://localhost:34543/?token=518473935&user=-1355219268&config=3,0,0,0
1780530300043,5219,Request,Non HTTP response code: java.net.SocketException,Non HTTP response message: Socket closed,Stress Testing 1-48,text,false,,2744,0,141,141,http://localhost:34543/?token=518473935&user=-1355219268&config=3,0,0,0
1780530300038,5224,Request,Non HTTP response code: java.net.SocketException,Non HTTP response message: Socket closed,Stress Testing 1-68,text,false,,2744,0,139,139,http://localhost:34543/?token=518473935&user=-1355219268&config=3,0,0,0
1780530298838,6424,Request,Non HTTP response code: java.net.SocketException,Non HTTP response message: Socket closed,Stress Testing 1-1,text,false,,2744,0,138,138,http://localhost:34543/?token=518473935&user=-1355219268&config=3,0,0,0
1780530303436,1826,Request,Non HTTP response code: java.net.SocketException,Non HTTP response message: Socket closed,Stress Testing 1-196,text,false,,2744,0,137,137,http://localhost:34543/?token=518473935&user=-1355219268&config=3,0,0,0
1780530303435,1827,Request,Non HTTP response code: java.net.SocketException,Non HTTP response message: Socket closed,Stress Testing 1-193,text,false,,2744,0,136,136,http://localhost:34543/?token=518473935&user=-1355219268&config=3,0,0,0
1780530300035,5228,Request,Non HTTP response code: java.net.SocketException,Non HTTP response message: Socket closed,Stress Testing 1-94,text,false,,2744,0,135,135,http://localhost:34543/?token=518473935&user=-1355219268&config=3,0,0,0
1780530300044,5219,Request,Non HTTP response code: java.net.SocketException,Non HTTP response message: Socket closed,Stress Testing 1-150,text,false,,2744,0,134,134,http://localhost:34543/?token=518473935&user=-1355219268&config=3,0,0,0
1780530298838,6425,Request,Non HTTP response code: java.net.SocketException,Non HTTP response message: Socket closed,Stress Testing 1-3,text,false,,2744,0,133,133,http://localhost:34543/?token=518473935&user=-1355219268&config=3,0,0,6
1780530300042,5221,Request,Non HTTP response code: java.net.SocketException,Non HTTP response message: Socket closed,Stress Testing 1-32,text,false,,2744,0,132,132,http://localhost:34543/?token=518473935&user=-1355219268&config=3,0,0,0
1780530303439,1824,Request,Non HTTP response code: java.net.SocketException,Non HTTP response message: Socket closed,Stress Testing 1-128,text,false,,2744,0,131,131,http://localhost:34543/?token=518473935&user=-1355219268&config=3,0,0,0
1780530300034,5229,Request,Non HTTP response code: java.net.SocketException,Non HTTP response message: Socket closed,Stress Testing 1-91,text,false,,2744,0,130,130,http://localhost:34543/?token=518473935&user=-1355219268&config=3,0,0,0
1780530303436,1827,Request,Non HTTP response code: java.net.SocketException,Non HTTP response message: Socket closed,Stress Testing 1-199,text,false,,2744,0,129,129,http://localhost:34543/?token=518473935&user=-1355219268&config=3,0,0,0
1780530300044,5219,Request,Non HTTP response code: java.net.SocketException,Non HTTP response message: Socket closed,Stress Testing 1-168,text,false,,2744,0,128,128,http://localhost:34543/?token=518473935&user=-1355219268&config=3,0,0,0
1780530300045,5218,Request,Non HTTP response code: java.net.SocketException,Non HTTP response message: Socket closed,Stress Testing 1-71,text,false,,2744,0,127,127,http://localhost:34543/?token=518473935&user=-1355219268&config=3,0,0,0
1780530303437,1827,Request,Non HTTP response code: java.net.SocketException,Non HTTP response message: Socket closed,Stress Testing 1-43,text,false,,2744,0,126,126,http://localhost:34543/?token=518473935&user=-1355219268&config=3,0,0,0
1780530302924,2340,Request,Non HTTP response code: java.net.SocketException,Non HTTP response message: Socket closed,Stress Testing 1-29,text,false,,2744,0,125,125,http://localhost:34543/?token=518473935&user=-1355219268&config=3,0,0,0
1780530298837,6427,Request,Non HTTP response code: java.net.SocketException,Non HTTP response message: Socket closed,Stress Testing 1-133,text,false,,2744,0,124,124,http://localhost:34543/?token=518473935&user=-1355219268&config=3,0,0,0
1780530300034,5230,Request,Non HTTP response code: java.net.SocketException,Non HTTP response message: Socket closed,Stress Testing 1-95,text,false,,2744,0,123,123,http://localhost:34543/?token=518473935&user=-1355219268&config=3,0,0,0
1780530302929,2335,Request,Non HTTP response code: java.net.SocketException,Non HTTP response message: Socket closed,Stress Testing 1-2,text,false,,2744,0,122,122,http://localhost:34543/?token=518473935&user=-1355219268&config=3,0,0,0
1780530303435,1829,Request,Non HTTP response code: java.net.SocketException,Non HTTP response message: Socket closed,Stress Testing 1-177,text,false,,2744,0,121,121,http://localhost:34543/?token=518473935&user=-1355219268&config=3,0,0,0
1780530300044,5220,Request,Non HTTP response code: java.net.SocketException,Non HTTP response message: Socket closed,Stress Testing 1-87,text,false,,2744,0,120,120,http://localhost:34543/?token=518473935&user=-1355219268&config=3,0,0,0
1780530303438,1826,Request,Non HTTP response code: java.net.SocketException,Non HTTP response message: Socket closed,Stress Testing 1-55,text,false,,2744,0,119,119,http://localhost:34543/?token=518473935&user=-1355219268&config=3,0,0,0
1780530300043,5221,Request,Non HTTP response code: java.net.SocketException,Non HTTP response message: Socket closed,Stress Testing 1-54,text,false,,2744,0,118,118,http://localhost:34543/?token=518473935&user=-1355219268&config=3,0,0,0
1780530303438,1826,Request,Non HTTP response code: java.net.SocketException,Non HTTP response message: Socket closed,Stress Testing 1-80,text,false,,2744,0,117,117,http://localhost:34543/?token=518473935&user=-1355219268&config=3,0,0,0
1780530300044,5220,Request,Non HTTP response code: java.net.SocketException,Non HTTP response message: Socket closed,Stress Testing 1-148,text,false,,2744,0,116,116,http://localhost:34543/?token=518473935&user=-1355219268&config=3,0,0,0
1780530303434,1830,Request,Non HTTP response code: java.net.SocketException,Non HTTP response message: Socket closed,Stress Testing 1-166,text,false,,2744,0,115,115,http://localhost:34543/?token=518473935&user=-1355219268&config=3,0,0,0
1780530302925,2339,Request,Non HTTP response code: java.net.SocketException,Non HTTP response message: Socket closed,Stress Testing 1-112,text,false,,2744,0,114,114,http://localhost:34543/?token=518473935&user=-1355219268&config=3,0,0,0
1780530303778,1486,Request,Non HTTP response code: java.net.SocketException,Non HTTP response message: Socket closed,Stress Testing 1-39,text,false,,2744,0,113,113,http://localhost:34543/?token=518473935&user=-1355219268&config=3,0,0,0
1780530302924,2340,Request,Non HTTP response code: java.net.SocketException,Non HTTP response message: Socket closed,Stress Testing 1-74,text,false,,2744,0,112,112,http://localhost:34543/?token=518473935&user=-1355219268&config=3,0,0,0
1780530300034,5230,Request,Non HTTP response code: java.net.SocketException,Non HTTP response message: Socket closed,Stress Testing 1-66,text,false,,2744,0,111,111,http://localhost:34543/?token=518473935&user=-1355219268&config=3,0,0,0
1780530298838,6426,Request,Non HTTP response code: java.net.SocketException,Non HTTP response message: Socket closed,Stress Testing 1-137,text,false,,2744,0,110,110,http://localhost:34543/?token=518473935&user=-1355219268&config=3,0,0,0
1780530300034,5230,Request,Non HTTP response code: java.net.SocketException,Non HTTP response message: Socket closed,Stress Testing 1-97,text,false,,2744,0,109,109,http://localhost:34543/?token=518473935&user=-1355219268&config=3,0,0,0
1780530300043,5222,Request,Non HTTP response code: java.net.SocketException,Non HTTP response message: Socket closed,Stress Testing 1-183,text,false,,2744,0,108,108,http://localhost:34543/?token=518473935&user=-1355219268&config=3,0,0,0
1780530300045,5220,Request,Non HTTP response code: java.net.SocketException,Non HTTP response message: Socket closed,Stress Testing 1-41,text,false,,2744,0,107,107,http://localhost:34543/?token=518473935&user=-1355219268&config=3,0,0,0
1780530303439,1826,Request,Non HTTP response code: java.net.SocketException,Non HTTP response message: Socket closed,Stress Testing 1-123,text,false,,2744,0,106,106,http://localhost:34543/?token=518473935&user=-1355219268&config=3,0,0,0
1780530302926,2339,Request,Non HTTP response code: java.net.SocketException,Non HTTP response message: Socket closed,Stress Testing 1-145,text,false,,2744,0,105,105,http://localhost:34543/?token=518473935&user=-1355219268&config=3,0,0,0
1780530300044,5221,Request,Non HTTP response code: java.net.SocketException,Non HTTP response message: Socket closed,Stress Testing 1-157,text,false,,2744,0,104,104,http://localhost:34543/?token=518473935&user=-1355219268&config=3,0,0,0
1780530298838,6427,Request,Non HTTP response code: java.net.SocketException,Non HTTP response message: Socket closed,Stress Testing 1-37,text,false,,2744,0,103,103,http://localhost:34543/?token=518473935&user=-1355219268&config=3,0,0,0
1780530303088,2177,Request,Non HTTP response code: java.net.SocketException,Non HTTP response message: Socket closed,Stress Testing 1-77,text,false,,2744,0,102,102,http://localhost:34543/?token=518473935&user=-1355219268&config=3,0,0,0
1780530300044,5221,Request,Non HTTP response code: java.net.SocketException,Non HTTP response message: Socket closed,Stress Testing 1-155,text,false,,2744,0,101,101,http://localhost:34543/?token=518473935&user=-1355219268&config=3,0,0,0
1780530303434,1831,Request,Non HTTP response code: java.net.SocketException,Non HTTP response message: Socket closed,Stress Testing 1-170,text,false,,2744,0,100,100,http://localhost:34543/?token=518473935&user=-1355219268&config=3,0,0,0
1780530300035,5230,Request,Non HTTP response code: java.net.SocketException,Non HTTP response message: Socket closed,Stress Testing 1-85,text,false,,2744,0,99,99,http://localhost:34543/?token=518473935&user=-1355219268&config=3,0,0,0
1780530302926,2339,Request,Non HTTP response code: java.net.SocketException,Non HTTP response message: Socket closed,Stress Testing 1-186,text,false,,2744,0,98,98,http://localhost:34543/?token=518473935&user=-1355219268&config=3,0,0,0
1780530302924,2341,Request,Non HTTP response code: java.net.SocketException,Non HTTP response message: Socket closed,Stress Testing 1-69,text,false,,2744,0,97,97,http://localhost:34543/?token=518473935&user=-1355219268&config=3,0,0,0
1780530303435,1830,Request,Non HTTP response code: java.net.SocketException,Non HTTP response message: Socket closed,Stress Testing 1-172,text,false,,2744,0,96,96,http://localhost:34543/?token=518473935&user=-1355219268&config=3,0,0,0
1780530303437,1828,Request,Non HTTP response code: java.net.SocketException,Non HTTP response message: Socket closed,Stress Testing 1-25,text,false,,2744,0,95,95,http://localhost:34543/?token=518473935&user=-1355219268&config=3,0,0,0
1780530300042,5223,Request,Non HTTP response code: java.net.SocketException,Non HTTP response message: Socket closed,Stress Testing 1-129,text,false,,2744,0,94,94,http://localhost:34543/?token=518473935&user=-1355219268&config=3,0,0,0
1780530303435,1830,Request,Non HTTP response code: java.net.SocketException,Non HTTP response message: Socket closed,Stress Testing 1-194,text,false,,2744,0,93,93,http://localhost:34543/?token=518473935&user=-1355219268&config=3,0,0,0
1780530303435,1830,Request,Non HTTP response code: java.net.SocketException,Non HTTP response message: Socket closed,Stress Testing 1-179,text,false,,2744,0,92,92,http://localhost:34543/?token=518473935&user=-1355219268&config=3,0,0,0
1780530298837,6429,Request,Non HTTP response code: java.net.SocketException,Non HTTP response message: Socket closed,Stress Testing 1-132,text,false,,2744,0,91,91,http://localhost:34543/?token=518473935&user=-1355219268&config=3,0,0,0
1780530302924,2342,Request,Non HTTP response code: java.net.SocketException,Non HTTP response message: Socket closed,Stress Testing 1-44,text,false,,2744,0,90,90,http://localhost:34543/?token=518473935&user=-1355219268&config=3,0,0,0
1780530303093,2173,Request,Non HTTP response code: java.net.SocketException,Non HTTP response message: Socket closed,Stress Testing 1-144,text,false,,2744,0,89,89,http://localhost:34543/?token=518473935&user=-1355219268&config=3,0,0,0
1780530303093,2173,Request,Non HTTP response code: java.net.SocketException,Non HTTP response message: Socket closed,Stress Testing 1-161,text,false,,2744,0,88,88,http://localhost:34543/?token=518473935&user=-1355219268&config=3,0,0,0
1780530302925,2341,Request,Non HTTP response code: java.net.SocketException,Non HTTP response message: Socket closed,Stress Testing 1-109,text,false,,2744,0,87,87,http://localhost:34543/?token=518473935&user=-1355219268&config=3,0,0,0
1780530303092,2174,Request,Non HTTP response code: java.net.SocketException,Non HTTP response message: Socket closed,Stress Testing 1-117,text,false,,2744,0,86,86,http://localhost:34543/?token=518473935&user=-1355219268&config=3,0,0,0
1780530298837,6429,Request,Non HTTP response code: java.net.SocketException,Non HTTP response message: Socket closed,Stress Testing 1-63,text,false,,2744,0,85,85,http://localhost:34543/?token=518473935&user=-1355219268&config=3,0,0,0
1780530302924,2342,Request,Non HTTP response code: java.net.SocketException,Non HTTP response message: Socket closed,Stress Testing 1-106,text,false,,2744,0,84,84,http://localhost:34543/?token=518473935&user=-1355219268&config=3,0,0,0
1780530300045,5221,Request,Non HTTP response code: java.net.SocketException,Non HTTP response message: Socket closed,Stress Testing 1-99,text,false,,2744,0,83,83,http://localhost:34543/?token=518473935&user=-1355219268&config=3,0,0,0
1780530298837,6429,Request,Non HTTP response code: java.net.SocketException,Non HTTP response message: Socket closed,Stress Testing 1-184,text,false,,2744,0,82,82,http://localhost:34543/?token=518473935&user=-1355219268&config=3,0,0,0
1780530302924,2342,Request,Non HTTP response code: java.net.SocketException,Non HTTP response message: Socket closed,Stress Testing 1-96,text,false,,2744,0,81,81,http://localhost:34543/?token=518473935&user=-1355219268&config=3,0,0,0
1780530303087,2179,Request,Non HTTP response code: java.net.SocketException,Non HTTP response message: Socket closed,Stress Testing 1-30,text,false,,2744,0,80,80,http://localhost:34543/?token=518473935&user=-1355219268&config=3,0,0,0
1780530300042,5224,Request,Non HTTP response code: java.net.SocketException,Non HTTP response message: Socket closed,Stress Testing 1-120,text,false,,2744,0,79,79,http://localhost:34543/?token=518473935&user=-1355219268&config=3,0,0,0
1780530298836,6430,Request,Non HTTP response code: java.net.SocketException,Non HTTP response message: Socket closed,Stress Testing 1-76,text,false,,2744,0,78,78,http://localhost:34543/?token=518473935&user=-1355219268&config=3,0,0,0
1780530298839,6427,Request,Non HTTP response code: java.net.SocketException,Non HTTP response message: Socket closed,Stress Testing 1-65,text,false,,2744,0,77,77,http://localhost:34543/?token=518473935&user=-1355219268&config=3,0,0,5
1780530300044,5222,Request,Non HTTP response code: java.net.SocketException,Non HTTP response message: Socket closed,Stress Testing 1-101,text,false,,2744,0,76,76,http://localhost:34543/?token=518473935&user=-1355219268&config=3,0,0,0
1780530300043,5223,Request,Non HTTP response code: java.net.SocketException,Non HTTP response message: Socket closed,Stress Testing 1-14,text,false,,2744,0,75,75,http://localhost:34543/?token=518473935&user=-1355219268&config=3,0,0,0
1780530300038,5228,Request,Non HTTP response code: java.net.SocketException,Non HTTP response message: Socket closed,Stress Testing 1-22,text,false,,2744,0,74,74,http://localhost:34543/?token=518473935&user=-1355219268&config=3,0,0,0
1780530300045,5221,Request,Non HTTP response code: java.net.SocketException,Non HTTP response message: Socket closed,Stress Testing 1-8,text,false,,2744,0,73,73,http://localhost:34543/?token=518473935&user=-1355219268&config=3,0,0,0
1780530302924,2343,Request,Non HTTP response code: java.net.SocketException,Non HTTP response message: Socket closed,Stress Testing 1-4,text,false,,2744,0,72,72,http://localhost:34543/?token=518473935&user=-1355219268&config=3,0,0,0
1780530303435,1832,Request,Non HTTP response code: java.net.SocketException,Non HTTP response message: Socket closed,Stress Testing 1-191,text,false,,2744,0,71,71,http://localhost:34543/?token=518473935&user=-1355219268&config=3,0,0,0
1780530302926,2341,Request,Non HTTP response code: java.net.SocketException,Non HTTP response message: Socket closed,Stress Testing 1-142,text,false,,2744,0,70,70,http://localhost:34543/?token=518473935&user=-1355219268&config=3,0,0,0
1780530303435,1832,Request,Non HTTP response code: java.net.SocketException,Non HTTP response message: Socket closed,Stress Testing 1-192,text,false,,2744,0,69,69,http://localhost:34543/?token=518473935&user=-1355219268&config=3,0,0,0
1780530302924,2343,Request,Non HTTP response code: java.net.SocketException,Non HTTP response message: Socket closed,Stress Testing 1-23,text,false,,2744,0,68,68,http://localhost:34543/?token=518473935&user=-1355219268&config=3,0,0,0
1780530300046,5221,Request,Non HTTP response code: java.net.SocketException,Non HTTP response message: Socket closed,Stress Testing 1-102,text,false,,2744,0,67,67,http://localhost:34543/?token=518473935&user=-1355219268&config=3,0,0,0
1780530300044,5223,Request,Non HTTP response code: java.net.SocketException,Non HTTP response message: Socket closed,Stress Testing 1-147,text,false,,2744,0,66,66,http://localhost:34543/?token=518473935&user=-1355219268&config=3,0,0,0
1780530300044,5223,Request,Non HTTP response code: java.net.SocketException,Non HTTP response message: Socket closed,Stress Testing 1-149,text,false,,2744,0,65,65,http://localhost:34543/?token=518473935&user=-1355219268&config=3,0,0,0
1780530298838,6429,Request,Non HTTP response code: java.net.SocketException,Non HTTP response message: Socket closed,Stress Testing 1-156,text,false,,2744,0,64,64,http://localhost:34543/?token=518473935&user=-1355219268&config=3,0,0,0
1780530302924,2343,Request,Non HTTP response code: java.net.SocketException,Non HTTP response message: Socket closed,Stress Testing 1-5,text,false,,2744,0,63,63,http://localhost:34543/?token=518473935&user=-1355219268&config=3,0,0,0
1780530303088,2179,Request,Non HTTP response code: java.net.SocketException,Non HTTP response message: Socket closed,Stress Testing 1-78,text,false,,2744,0,62,62,http://localhost:34543/?token=518473935&user=-1355219268&config=3,0,0,0
1780530303433,1834,Request,Non HTTP response code: java.net.SocketException,Non HTTP response message: Socket closed,Stress Testing 1-116,text,false,,2744,0,61,61,http://localhost:34543/?token=518473935&user=-1355219268&config=3,0,0,0
1780530302924,2343,Request,Non HTTP response code: java.net.SocketException,Non HTTP response message: Socket closed,Stress Testing 1-53,text,false,,2744,0,60,60,http://localhost:34543/?token=518473935&user=-1355219268&config=3,0,0,0
1780530303092,2175,Request,Non HTTP response code: java.net.SocketException,Non HTTP response message: Socket closed,Stress Testing 1-139,text,false,,2744,0,59,59,http://localhost:34543/?token=518473935&user=-1355219268&config=3,0,0,0
1780530300038,5229,Request,Non HTTP response code: java.net.SocketException,Non HTTP response message: Socket closed,Stress Testing 1-40,text,false,,2744,0,58,58,http://localhost:34543/?token=518473935&user=-1355219268&config=3,0,0,0
1780530300034,5234,Request,Non HTTP response code: java.net.SocketException,Non HTTP response message: Socket closed,Stress Testing 1-27,text,false,,2744,0,57,57,http://localhost:34543/?token=518473935&user=-1355219268&config=3,0,0,0
1780530302926,2342,Request,Non HTTP response code: java.net.SocketException,Non HTTP response message: Socket closed,Stress Testing 1-140,text,false,,2744,0,56,56,http://localhost:34543/?token=518473935&user=-1355219268&config=3,0,0,0
1780530300043,5225,Request,Non HTTP response code: java.net.SocketException,Non HTTP response message: Socket closed,Stress Testing 1-52,text,false,,2744,0,55,55,http://localhost:34543/?token=518473935&user=-1355219268&config=3,0,0,0
1780530302924,2344,Request,Non HTTP response code: java.net.SocketException,Non HTTP response message: Socket closed,Stress Testing 1-15,text,false,,2744,0,54,54,http://localhost:34543/?token=518473935&user=-1355219268&config=3,0,0,0
1780530300034,5234,Request,Non HTTP response code: java.net.SocketException,Non HTTP response message: Socket closed,Stress Testing 1-153,text,false,,2744,0,53,53,http://localhost:34543/?token=518473935&user=-1355219268&config=3,0,0,0
1780530303434,1834,Request,Non HTTP response code: java.net.SocketException,Non HTTP response message: Socket closed,Stress Testing 1-173,text,false,,2744,0,52,52,http://localhost:34543/?token=518473935&user=-1355219268&config=3,0,0,0
1780530298837,6431,Request,Non HTTP response code: java.net.SocketException,Non HTTP response message: Socket closed,Stress Testing 1-79,text,false,,2744,0,51,51,http://localhost:34543/?token=518473935&user=-1355219268&config=3,0,0,0
1780530300033,5235,Request,Non HTTP response code: java.net.SocketException,Non HTTP response message: Socket closed,Stress Testing 1-51,text,false,,2744,0,50,50,http://localhost:34543/?token=518473935&user=-1355219268&config=3,0,0,0
1780530302924,2344,Request,Non HTTP response code: java.net.SocketException,Non HTTP response message: Socket closed,Stress Testing 1-136,text,false,,2744,0,49,49,http://localhost:34543/?token=518473935&user=-1355219268&config=3,0,0,0
1780530302926,2342,Request,Non HTTP response code: java.net.SocketException,Non HTTP response message: Socket closed,Stress Testing 1-160,text,false,,2744,0,48,48,http://localhost:34543/?token=518473935&user=-1355219268&config=3,0,0,0
1780530303434,1834,Request,Non HTTP response code: java.net.SocketException,Non HTTP response message: Socket closed,Stress Testing 1-118,text,false,,2744,0,47,47,http://localhost:34543/?token=518473935&user=-1355219268&config=3,0,0,0
1780530300042,5226,Request,Non HTTP response code: java.net.SocketException,Non HTTP response message: Socket closed,Stress Testing 1-16,text,false,,2744,0,46,46,http://localhost:34543/?token=518473935&user=-1355219268&config=3,0,0,0
1780530300033,5235,Request,Non HTTP response code: java.net.SocketException,Non HTTP response message: Socket closed,Stress Testing 1-72,text,false,,2744,0,45,45,http://localhost:34543/?token=518473935&user=-1355219268&config=3,0,0,0
1780530300046,5222,Request,Non HTTP response code: java.net.SocketException,Non HTTP response message: Socket closed,Stress Testing 1-187,text,false,,2744,0,44,44,http://localhost:34543/?token=518473935&user=-1355219268&config=3,0,0,0
1780530298838,6430,Request,Non HTTP response code: java.net.SocketException,Non HTTP response message: Socket closed,Stress Testing 1-158,text,false,,2744,0,43,43,http://localhost:34543/?token=518473935&user=-1355219268&config=3,0,0,0
1780530303438,1830,Request,Non HTTP response code: java.net.SocketException,Non HTTP response message: Socket closed,Stress Testing 1-49,text,false,,2744,0,42,42,http://localhost:34543/?token=518473935&user=-1355219268&config=3,0,0,0
1780530300042,5226,Request,Non HTTP response code: java.net.SocketException,Non HTTP response message: Socket closed,Stress Testing 1-146,text,false,,2744,0,41,41,http://localhost:34543/?token=518473935&user=-1355219268&config=3,0,0,0
1780530300044,5224,Request,Non HTTP response code: java.net.SocketException,Non HTTP response message: Socket closed,Stress Testing 1-60,text,false,,2744,0,41,41,http://localhost:34543/?token=518473935&user=-1355219268&config=3,0,0,0
1780530298838,6431,Request,Non HTTP response code: java.net.SocketException,Non HTTP response message: Socket closed,Stress Testing 1-159,text,false,,2744,0,39,39,http://localhost:34543/?token=518473935&user=-1355219268&config=3,0,0,6
1780530298837,6432,Request,Non HTTP response code: java.net.SocketException,Non HTTP response message: Socket closed,Stress Testing 1-81,text,false,,2744,0,38,38,http://localhost:34543/?token=518473935&user=-1355219268&config=3,0,0,0
1780530303438,1831,Request,Non HTTP response code: java.net.SocketException,Non HTTP response message: Socket closed,Stress Testing 1-17,text,false,,2744,0,37,37,http://localhost:34543/?token=518473935&user=-1355219268&config=3,0,0,0
1780530300044,5225,Request,Non HTTP response code: java.net.SocketException,Non HTTP response message: Socket closed,Stress Testing 1-130,text,false,,2744,0,36,36,http://localhost:34543/?token=518473935&user=-1355219268&config=3,0,0,0
1780530303433,1836,Request,Non HTTP response code: java.net.SocketException,Non HTTP response message: Socket closed,Stress Testing 1-164,text,false,,2744,0,35,35,http://localhost:34543/?token=518473935&user=-1355219268&config=3,0,0,0
1780530298837,6432,Request,Non HTTP response code: java.net.SocketException,Non HTTP response message: Socket closed,Stress Testing 1-134,text,false,,2744,0,34,34,http://localhost:34543/?token=518473935&user=-1355219268&config=3,0,0,0
1780530301284,3985,Request,Non HTTP response code: java.net.SocketException,Non HTTP response message: Socket closed,Stress Testing 1-103,text,false,,2744,0,33,33,http://localhost:34543/?token=518473935&user=-1355219268&config=3,0,0,0
1780530298837,6432,Request,Non HTTP response code: java.net.SocketException,Non HTTP response message: Socket closed,Stress Testing 1-13,text,false,,2744,0,32,32,http://localhost:34543/?token=518473935&user=-1355219268&config=3,0,0,0
1780530300038,5231,Request,Non HTTP response code: java.net.SocketException,Non HTTP response message: Socket closed,Stress Testing 1-67,text,false,,2744,0,31,31,http://localhost:34543/?token=518473935&user=-1355219268&config=3,0,0,0
1780530298836,6433,Request,Non HTTP response code: java.net.SocketException,Non HTTP response message: Socket closed,Stress Testing 1-124,text,false,,2744,0,30,30,http://localhost:34543/?token=518473935&user=-1355219268&config=3,0,0,0
1780530300038,5231,Request,Non HTTP response code: java.net.SocketException,Non HTTP response message: Socket closed,Stress Testing 1-93,text,false,,2744,0,29,29,http://localhost:34543/?token=518473935&user=-1355219268&config=3,0,0,0
1780530303433,1836,Request,Non HTTP response code: java.net.SocketException,Non HTTP response message: Socket closed,Stress Testing 1-113,text,false,,2744,0,28,28,http://localhost:34543/?token=518473935&user=-1355219268&config=3,0,0,0
1780530298836,6434,Request,Non HTTP response code: java.net.SocketException,Non HTTP response message: Socket closed,Stress Testing 1-131,text,false,,2744,0,27,27,http://localhost:34543/?token=518473935&user=-1355219268&config=3,0,0,0
1780530300044,5226,Request,Non HTTP response code: java.net.SocketException,Non HTTP response message: Socket closed,Stress Testing 1-152,text,false,,2744,0,27,27,http://localhost:34543/?token=518473935&user=-1355219268&config=3,0,0,0
1780530302924,2346,Request,Non HTTP response code: java.net.SocketException,Non HTTP response message: Socket closed,Stress Testing 1-9,text,false,,2744,0,25,25,http://localhost:34543/?token=518473935&user=-1355219268&config=3,0,0,0
1780530298837,6433,Request,Non HTTP response code: java.net.SocketException,Non HTTP response message: Socket closed,Stress Testing 1-138,text,false,,2744,0,24,24,http://localhost:34543/?token=518473935&user=-1355219268&config=3,0,0,0
1780530303437,1833,Request,Non HTTP response code: java.net.SocketException,Non HTTP response message: Socket closed,Stress Testing 1-31,text,false,,2744,0,23,23,http://localhost:34543/?token=518473935&user=-1355219268&config=3,0,0,0
1780530302925,2345,Request,Non HTTP response code: java.net.SocketException,Non HTTP response message: Socket closed,Stress Testing 1-114,text,false,,2744,0,23,23,http://localhost:34543/?token=518473935&user=-1355219268&config=3,0,0,0
1780530300033,5237,Request,Non HTTP response code: java.net.SocketException,Non HTTP response message: Socket closed,Stress Testing 1-26,text,false,,2744,0,22,22,http://localhost:34543/?token=518473935&user=-1355219268&config=3,0,0,0
1780530303437,1833,Request,Non HTTP response code: java.net.SocketException,Non HTTP response message: Socket closed,Stress Testing 1-141,text,false,,2744,0,20,20,http://localhost:34543/?token=518473935&user=-1355219268&config=3,0,0,0
1780530303397,1873,Request,Non HTTP response code: java.net.SocketException,Non HTTP response message: Socket closed,Stress Testing 1-111,text,false,,2744,0,19,19,http://localhost:34543/?token=518473935&user=-1355219268&config=3,0,0,0
1780530303439,1831,Request,Non HTTP response code: java.net.SocketException,Non HTTP response message: Socket closed,Stress Testing 1-135,text,false,,2744,0,18,18,http://localhost:34543/?token=518473935&user=-1355219268&config=3,0,0,0
1780530302924,2346,Request,Non HTTP response code: java.net.SocketException,Non HTTP response message: Socket closed,Stress Testing 1-104,text,false,,2744,0,17,17,http://localhost:34543/?token=518473935&user=-1355219268&config=3,0,0,0
1780530303435,1835,Request,Non HTTP response code: java.net.SocketException,Non HTTP response message: Socket closed,Stress Testing 1-176,text,false,,2744,0,16,16,http://localhost:34543/?token=518473935&user=-1355219268&config=3,0,0,0
1780530300043,5228,Request,Non HTTP response code: java.net.SocketException,Non HTTP response message: Socket closed,Stress Testing 1-34,text,false,,2744,0,15,15,http://localhost:34543/?token=518473935&user=-1355219268&config=3,0,0,0
1780530302924,2347,Request,Non HTTP response code: java.net.SocketException,Non HTTP response message: Socket closed,Stress Testing 1-42,text,false,,2744,0,14,14,http://localhost:34543/?token=518473935&user=-1355219268&config=3,0,0,0
1780530303434,1837,Request,Non HTTP response code: java.net.SocketException,Non HTTP response message: Socket closed,Stress Testing 1-175,text,false,,2744,0,14,14,http://localhost:34543/?token=518473935&user=-1355219268&config=3,0,0,0
1780530300033,5238,Request,Non HTTP response code: java.net.SocketException,Non HTTP response message: Socket closed,Stress Testing 1-151,text,false,,2744,0,12,12,http://localhost:34543/?token=518473935&user=-1355219268&config=3,0,0,0
1780530302924,2347,Request,Non HTTP response code: java.net.SocketException,Non HTTP response message: Socket closed,Stress Testing 1-73,text,false,,2744,0,12,12,http://localhost:34543/?token=518473935&user=-1355219268&config=3,0,0,0
1780530302924,2347,Request,Non HTTP response code: java.net.SocketException,Non HTTP response message: Socket closed,Stress Testing 1-24,text,false,,2744,0,10,10,http://localhost:34543/?token=518473935&user=-1355219268&config=3,0,0,0
1780530300044,5227,Request,Non HTTP response code: java.net.SocketException,Non HTTP response message: Socket closed,Stress Testing 1-89,text,false,,2744,0,9,9,http://localhost:34543/?token=518473935&user=-1355219268&config=3,0,0,0
1780530302925,2346,Request,Non HTTP response code: java.net.SocketException,Non HTTP response message: Socket closed,Stress Testing 1-143,text,false,,2744,0,8,8,http://localhost:34543/?token=518473935&user=-1355219268&config=3,0,0,0
1780530298838,6433,Request,Non HTTP response code: java.net.SocketException,Non HTTP response message: Socket closed,Stress Testing 1-47,text,false,,2744,0,7,7,http://localhost:34543/?token=518473935&user=-1355219268&config=3,0,0,0
1780530303435,1836,Request,Non HTTP response code: java.net.SocketException,Non HTTP response message: Socket closed,Stress Testing 1-167,text,false,,2744,0,6,6,http://localhost:34543/?token=518473935&user=-1355219268&config=3,0,0,0
1780530303436,1835,Request,Non HTTP response code: java.net.SocketException,Non HTTP response message: Socket closed,Stress Testing 1-178,text,false,,2744,0,5,5,http://localhost:34543/?token=518473935&user=-1355219268&config=3,0,0,0
1780530298837,6434,Request,Non HTTP response code: java.net.SocketException,Non HTTP response message: Socket closed,Stress Testing 1-64,text,false,,2744,0,4,4,http://localhost:34543/?token=518473935&user=-1355219268&config=3,0,0,0
1780530302925,2346,Request,Non HTTP response code: java.net.SocketException,Non HTTP response message: Socket closed,Stress Testing 1-108,text,false,,2744,0,3,3,http://localhost:34543/?token=518473935&user=-1355219268&config=3,0,0,0
1780530300046,5226,Request,Non HTTP response code: java.net.SocketException,Non HTTP response message: Socket closed,Stress Testing 1-19,text,false,,2744,0,2,2,http://localhost:34543/?token=518473935&user=-1355219268&config=3,0,0,0
1780530302925,2347,Request,Non HTTP response code: java.net.SocketException,Non HTTP response message: Socket closed,Stress Testing 1-110,text,false,,2744,0,1,1,http://localhost:34543/?token=518473935&user=-1355219268&config=3,0,0,0
